{
  "type": "FeatureCollection",
  "name": "Westfield_NewMarket_topology_4326",
  "features": [
    {
      "type": "Feature",
      "properties": {
        "@id": "way/1",
        "level": "1",
        "name": "shops_lv1_1",
        "indoor": "room",
        "shop": "yes"
      },
      "geometry": {
        "type": "Polygon",
        "coordinates": [
          [
            [
              174.77696958046465,
              -36.870527781686484
            ],
            [
              174.77708151585117,
              -36.87054980157768
            ],
            [
              174.7770778458385,
              -36.87056301350938
            ],
            [
              174.77711638097156,
              -36.87056301350938
            ],
            [
              174.77714941108565,
              -36.87057916142279
            ],
            [
              174.77716592614263,
              -36.87060264929078
            ],
            [
              174.77716225612997,
              -36.870639349069975
            ],
            [
              174.7771512460919,
              -36.87065990093862
            ],
            [
              174.77716225612997,
              -36.87066577290013
            ],
            [
              174.77693655035057,
              -36.871370404998466
            ],
            [
              174.7768925101985,
              -36.87139976452818
            ],
            [
              174.77682277995777,
              -36.87128673027682
            ],
            [
              174.77682094495142,
              -36.87119718354346
            ],
            [
              174.77694389037595,
              -36.87077000014087
            ],
            [
              174.7769457253823,
              -36.87071568455429
            ],
            [
              174.7769347153443,
              -36.8706481570144
            ],
            [
              174.77696958046465,
              -36.870527781686484
            ]
          ],
          [
            [
              174.77711638097156,
              -36.87056301350938
            ],
            [
              174.77704583810907,
              -36.870620793396625
            ],
            [
              174.7770750510177,
              -36.87065000602314
            ],
            [
              174.77716592614263,
              -36.87060264929078
            ],
            [
              174.77714941108565,
              -36.87057916142279
            ],
            [
              174.77711638097156,
              -36.87056301350938
            ]
          ]
        ]
      }
    },
    {
      "type": "Feature",
      "properties": {
        "@id": "way/2",
        "level": "1",
        "name": "shops_lv1_2",
        "indoor": "room",
        "shop": "yes"
      },
      "geometry": {
        "type": "Polygon",
        "coordinates": [
          [
            [
              174.77679158485,
              -36.871439399875364
            ],
            [
              174.776758554736,
              -36.871459951528834
            ],
            [
              174.77568507602925,
              -36.871239754954345
            ],
            [
              174.77569241605454,
              -36.871223607180575
            ],
            [
              174.77552359547155,
              -36.87118984364258
            ],
            [
              174.77560617075676,
              -36.87092854271343
            ],
            [
              174.77615483765132,
              -36.87104157749472
            ],
            [
              174.77630530817086,
              -36.8710958928496
            ],
            [
              174.7765878991467,
              -36.87127205049171
            ],
            [
              174.77674570969165,
              -36.8713718729752
            ],
            [
              174.77679158485,
              -36.871439399875364
            ]
          ]
        ]
      }
    },
    {
      "type": "Feature",
      "properties": {
        "@id": "way/3",
        "level": "1",
        "name": "shops_lv1_3",
        "indoor": "room",
        "shop": "yes"
      },
      "geometry": {
        "type": "Polygon",
        "coordinates": [
          [
            [
              174.77548931679894,
              -36.87054949388662
            ],
            [
              174.77542817514217,
              -36.870740640369185
            ],
            [
              174.77537312495204,
              -36.87092413875747
            ],
            [
              174.77530454072365,
              -36.871148374726495
            ],
            [
              174.7747437177787,
              -36.87104341247355
            ],
            [
              174.7749345584377,
              -36.87043419707793
            ],
            [
              174.77548931679894,
              -36.87054949388662
            ]
          ]
        ]
      }
    },
    {
      "type": "Feature",
      "properties": {
        "@id": "way/4",
        "level": "1",
        "name": "parking_lv1",
        "indoor": "room",
        "amenity": "parking"
      },
      "geometry": {
        "type": "Polygon",
        "coordinates": [
          [
            [
              174.77562426055147,
              -36.87057753955573
            ],
            [
              174.7749345584377,
              -36.87043419707793
            ],
            [
              174.77490188507724,
              -36.870538499694064
            ],
            [
              174.7748262930638,
              -36.87052521269875
            ],
            [
              174.77492905341865,
              -36.87022574153783
            ],
            [
              174.77501346371008,
              -36.870140964562154
            ],
            [
              174.77505016383688,
              -36.87013949656175
            ],
            [
              174.77588142170723,
              -36.870303912432014
            ],
            [
              174.77603556223949,
              -36.870333272371624
            ],
            [
              174.77595115194796,
              -36.87060338328649
            ],
            [
              174.7761713527084,
              -36.87064889100969
            ],
            [
              174.77623007291115,
              -36.87073697039691
            ],
            [
              174.7760227171951,
              -36.87073843838583
            ],
            [
              174.7760410672585,
              -36.87066210292424
            ],
            [
              174.77595115194796,
              -36.87064301904695
            ],
            [
              174.7759474819353,
              -36.87065916694345
            ],
            [
              174.77585389661212,
              -36.870642285051545
            ],
            [
              174.7758614981059,
              -36.870616898378934
            ],
            [
              174.7757309511876,
              -36.87059971330769
            ],
            [
              174.77562426055147,
              -36.87057753955573
            ]
          ]
        ]
      }
    },
    {
      "type": "Feature",
      "properties": {
        "@id": "way/5",
        "level": "1",
        "name": "shops_lv1_4",
        "indoor": "room",
        "shop": "yes"
      },
      "geometry": {
        "type": "Polygon",
        "coordinates": [
          [
            [
              174.77603556223949,
              -36.870333272371624
            ],
            [
              174.77595115194796,
              -36.87060338328649
            ],
            [
              174.7761713527084,
              -36.87064889100969
            ],
            [
              174.77623007291115,
              -36.87073697039691
            ],
            [
              174.7760227171951,
              -36.87073843838583
            ],
            [
              174.7760410672585,
              -36.87066210292424
            ],
            [
              174.77595115194796,
              -36.87064301904695
            ],
            [
              174.7759474819353,
              -36.87065916694345
            ],
            [
              174.7759126168149,
              -36.87065182699088
            ],
            [
              174.77584655658683,
              -36.870863217341444
            ],
            [
              174.7759805120494,
              -36.870895513037944
            ],
            [
              174.77634017329126,
              -36.87088376914986
            ],
            [
              174.77646128370947,
              -36.87083826156661
            ],
            [
              174.77657688910864,
              -36.87078981798046
            ],
            [
              174.7766796494635,
              -36.87073843838583
            ],
            [
              174.77677139978033,
              -36.87068852674652
            ],
            [
              174.77686131509083,
              -36.87060191529498
            ],
            [
              174.77689618021125,
              -36.870513835752114
            ],
            [
              174.77603556223949,
              -36.870333272371624
            ]
          ]
        ]
      }
    },
    {
      "type": "Feature",
      "properties": {
        "@id": "way/6",
        "level": "1",
        "name": "shops_lv1_5",
        "indoor": "room",
        "shop": "yes"
      },
      "geometry": {
        "type": "Polygon",
        "coordinates": [
          [
            [
              174.77641449104797,
              -36.87102469568734
            ],
            [
              174.77641816106063,
              -36.87099313403751
            ],
            [
              174.77680901741027,
              -36.87080229587685
            ],
            [
              174.7768383775117,
              -36.87080302987065
            ],
            [
              174.77685030505285,
              -36.87081991172702
            ],
            [
              174.77680718240393,
              -36.87096597632838
            ],
            [
              174.7768246149641,
              -36.87096964628958
            ],
            [
              174.77680167738495,
              -36.8710511193842
            ],
            [
              174.7767787398057,
              -36.87104671543538
            ],
            [
              174.7767631422519,
              -36.871096626840654
            ],
            [
              174.7767282771315,
              -36.87112672046629
            ],
            [
              174.77667230943825,
              -36.871153878118356
            ],
            [
              174.7766154242418,
              -36.871153878118356
            ],
            [
              174.77641449104797,
              -36.87102469568734
            ]
          ]
        ]
      }
    },
    {
      "type": "Feature",
      "properties": {
        "@id": "way/7",
        "level": "1",
        "name": "farmers_lv1",
        "indoor": "room",
        "shop": "yes"
      },
      "geometry": {
        "type": "Polygon",
        "coordinates": [
          [
            [
              174.77633559926858,
              -36.87281962091101
            ],
            [
              174.77635385733643,
              -36.87274756512533
            ],
            [
              174.77637576701787,
              -36.87274756512533
            ],
            [
              174.7763818530405,
              -36.872728090576985
            ],
            [
              174.7762576981789,
              -36.87270472111244
            ],
            [
              174.77631003797347,
              -36.8725284761703
            ],
            [
              174.7763915906767,
              -36.87252555498001
            ],
            [
              174.77638915626767,
              -36.8724953693403
            ],
            [
              174.77635750894999,
              -36.8724953693403
            ],
            [
              174.77635385733643,
              -36.872420392054366
            ],
            [
              174.7765449584469,
              -36.87241357593386
            ],
            [
              174.77653643801526,
              -36.872260699927516
            ],
            [
              174.77634168529116,
              -36.87226459486146
            ],
            [
              174.77632829604138,
              -36.871960059118216
            ],
            [
              174.77626987022418,
              -36.87195908538086
            ],
            [
              174.77627139818284,
              -36.871903872979516
            ],
            [
              174.77612258847662,
              -36.87190942476023
            ],
            [
              174.77611411770744,
              -36.87167288439531
            ],
            [
              174.776093375568,
              -36.871673049500735
            ],
            [
              174.77609459277255,
              -36.87173926385934
            ],
            [
              174.77604955620504,
              -36.87173926385934
            ],
            [
              174.77603008093268,
              -36.87177723971558
            ],
            [
              174.77598139275167,
              -36.871821057987724
            ],
            [
              174.77591931532092,
              -36.8718668237119
            ],
            [
              174.7758730615489,
              -36.871918431836
            ],
            [
              174.7758389798222,
              -36.87198269850781
            ],
            [
              174.77582802498148,
              -36.87206059743144
            ],
            [
              174.77579637766385,
              -36.87209662565682
            ],
            [
              174.77561623139405,
              -36.87217744566807
            ],
            [
              174.7755724120312,
              -36.87222223744466
            ],
            [
              174.7755212894411,
              -36.87241966175578
            ],
            [
              174.7755115518049,
              -36.872514113650205
            ],
            [
              174.77554319912252,
              -36.8725189823014
            ],
            [
              174.77554928514513,
              -36.87249756023388
            ],
            [
              174.77557606364473,
              -36.87250340261655
            ],
            [
              174.77557362923565,
              -36.87252677214269
            ],
            [
              174.77561257978056,
              -36.87253261452306
            ],
            [
              174.77558823569,
              -36.87261246034399
            ],
            [
              174.775611362576,
              -36.87264045504808
            ],
            [
              174.77559797332617,
              -36.87265116606251
            ],
            [
              174.77563448946196,
              -36.8727017999289
            ],
            [
              174.77633559926858,
              -36.87281962091101
            ]
          ]
        ]
      }
    },
    {
      "type": "Feature",
      "properties": {
        "@id": "way/8",
        "level": "1",
        "name": "shops_lv1_6",
        "indoor": "room",
        "shop": "yes"
      },
      "geometry": {
        "type": "Polygon",
        "coordinates": [
          [
            [
              174.77666789610393,
              -36.87243597175621
            ],
            [
              174.77667763374012,
              -36.872677456728105
            ],
            [
              174.7765534788786,
              -36.87267940418442
            ],
            [
              174.7765534788786,
              -36.872585926223735
            ],
            [
              174.77641958638083,
              -36.872595663516655
            ],
            [
              174.77637576701787,
              -36.87274756512533
            ],
            [
              174.77635385733643,
              -36.87274756512533
            ],
            [
              174.77633559926858,
              -36.87281962091101
            ],
            [
              174.77669467460356,
              -36.87287609701983
            ],
            [
              174.7766995434216,
              -36.87289557153035
            ],
            [
              174.7769210746452,
              -36.87292673073703
            ],
            [
              174.77687725528233,
              -36.87239896995921
            ],
            [
              174.7767755503221,
              -36.8723998561645
            ],
            [
              174.7767360595574,
              -36.87240286488604
            ],
            [
              174.7767311907393,
              -36.872379495321994
            ],
            [
              174.77666546169493,
              -36.87238144278597
            ],
            [
              174.77666789610393,
              -36.87243597175621
            ]
          ]
        ]
      }
    },
    {
      "type": "Feature",
      "properties": {
        "@id": "way/9",
        "level": "1",
        "name": "shops_lv1_8",
        "indoor": "room",
        "shop": "yes"
      },
      "geometry": {
        "type": "Polygon",
        "coordinates": [
          [
            [
              174.7763915906767,
              -36.87252555498001
            ],
            [
              174.77639037347214,
              -36.87255087195903
            ],
            [
              174.77644879928945,
              -36.872548924499384
            ],
            [
              174.77644879928945,
              -36.87249244814867
            ],
            [
              174.7765510444695,
              -36.87249244814867
            ],
            [
              174.7765449584469,
              -36.87241357593386
            ],
            [
              174.77635385733643,
              -36.872420392054366
            ],
            [
              174.77635750894999,
              -36.8724953693403
            ],
            [
              174.77638915626767,
              -36.8724953693403
            ],
            [
              174.7763915906767,
              -36.87252555498001
            ]
          ]
        ]
      }
    },
    {
      "type": "Feature",
      "properties": {
        "@id": "way/10",
        "level": "1",
        "name": "shops_lv1_9",
        "indoor": "room",
        "shop": "yes"
      },
      "geometry": {
        "type": "Polygon",
        "coordinates": [
          [
            [
              174.77653643801526,
              -36.872260699927516
            ],
            [
              174.77634168529116,
              -36.87226459486146
            ],
            [
              174.77632829604138,
              -36.871960059118216
            ],
            [
              174.77649992187946,
              -36.87195884194657
            ],
            [
              174.77650479069757,
              -36.87211074482154
            ],
            [
              174.77653400360617,
              -36.8721321669976
            ],
            [
              174.77653643801526,
              -36.872260699927516
            ]
          ]
        ]
      }
    },
    {
      "type": "Feature",
      "properties": {
        "@id": "way/11",
        "level": "1",
        "name": "HandM_lv1",
        "indoor": "room",
        "shop": "yes"
      },
      "geometry": {
        "type": "Polygon",
        "coordinates": [
          [
            [
              174.77611285084043,
              -36.871637507946346
            ],
            [
              174.77612258847662,
              -36.87190942476023
            ],
            [
              174.77650722510666,
              -36.87189457525462
            ],
            [
              174.77674579719357,
              -36.87165503529028
            ],
            [
              174.77619805515715,
              -36.87154208122535
            ],
            [
              174.77611285084043,
              -36.871637507946346
            ]
          ]
        ]
      }
    },
    {
      "type": "Feature",
      "properties": {
        "@id": "way/12",
        "level": "1",
        "name": "shops_lv1_10",
        "indoor": "room",
        "shop": "yes"
      },
      "geometry": {
        "type": "Polygon",
        "coordinates": [
          [
            [
              174.77665328964966,
              -36.87232107138064
            ],
            [
              174.77663381437725,
              -36.871871205535065
            ],
            [
              174.77683830473745,
              -36.87173098706763
            ],
            [
              174.77687968969133,
              -36.872323018846025
            ],
            [
              174.77665694126318,
              -36.87233202587302
            ],
            [
              174.77665328964966,
              -36.87232107138064
            ]
          ]
        ]
      }
    },
    {
      "type": "Feature",
      "properties": {
        "@id": "way/13",
        "level": "1",
        "name": "elevator_lv1_1",
        "indoor": "room",
        "highway": "elevator",
        "room": "elevator"
      },
      "geometry": {
        "type": "Polygon",
        "coordinates": [
          [
            [
              174.77631003797347,
              -36.8725284761703
            ],
            [
              174.77629963126168,
              -36.87256351895249
            ],
            [
              174.77639098207445,
              -36.87255963552671
            ],
            [
              174.77639037347214,
              -36.87255087195903
            ],
            [
              174.7763915906767,
              -36.87252555498001
            ],
            [
              174.77631003797347,
              -36.8725284761703
            ]
          ]
        ]
      }
    },
    {
      "type": "Feature",
      "properties": {
        "@id": "way/14",
        "level": "1",
        "name": "escalator_lv1_1",
        "indoor": "room",
        "highway": "steps",
        "conveying": "yes"
      },
      "geometry": {
        "type": "Polygon",
        "coordinates": [
          [
            [
              174.77644879928945,
              -36.872548924499384
            ],
            [
              174.77656260791252,
              -36.87255038509409
            ],
            [
              174.7765510444695,
              -36.87249244814867
            ],
            [
              174.77644879928945,
              -36.87249244814867
            ],
            [
              174.77644879928945,
              -36.872548924499384
            ]
          ]
        ]
      }
    },
    {
      "type": "Feature",
      "properties": {
        "@id": "way/15",
        "level": "1",
        "name": "elevator_lv1_2",
        "indoor": "room",
        "highway": "elevator",
        "room": "elevator"
      },
      "geometry": {
        "type": "Polygon",
        "coordinates": [
          [
            [
              174.7767755503221,
              -36.8723998561645
            ],
            [
              174.77677379289764,
              -36.87237292263081
            ],
            [
              174.7768285671013,
              -36.87237292263081
            ],
            [
              174.77683221871484,
              -36.87239896995921
            ],
            [
              174.7767755503221,
              -36.8723998561645
            ]
          ]
        ]
      }
    },
    {
      "type": "Feature",
      "properties": {
        "@id": "way/16",
        "level": "1",
        "name": "shops_lv1_11",
        "indoor": "room",
        "shop": "yes"
      },
      "geometry": {
        "type": "Polygon",
        "coordinates": [
          [
            [
              174.77660703587765,
              -36.872163569949315
            ],
            [
              174.7766033842641,
              -36.87210319837179
            ],
            [
              174.77656686812833,
              -36.87210319837179
            ],
            [
              174.77657051974194,
              -36.872162596214565
            ],
            [
              174.77660703587765,
              -36.872163569949315
            ]
          ]
        ]
      }
    },
    {
      "type": "Feature",
      "properties": {
        "@id": "way/17",
        "level": "1",
        "name": "escalator_lv1_2",
        "indoor": "room",
        "highway": "steps",
        "conveying": "yes"
      },
      "geometry": {
        "type": "Polygon",
        "coordinates": [
          [
            [
              174.77654982726494,
              -36.872031141910306
            ],
            [
              174.77655226167403,
              -36.87210027716517
            ],
            [
              174.7766033842641,
              -36.87210319837179
            ],
            [
              174.776598515446,
              -36.872030168173865
            ],
            [
              174.77654982726494,
              -36.872031141910306
            ]
          ]
        ]
      }
    },
    {
      "type": "Feature",
      "properties": {
        "@id": "way/18",
        "level": "1",
        "name": "escalator_lv1_3",
        "indoor": "room",
        "highway": "steps",
        "conveying": "yes"
      },
      "geometry": {
        "type": "Polygon",
        "coordinates": [
          [
            [
              174.77676283805692,
              -36.87135439209729
            ],
            [
              174.7767092810578,
              -36.87130180984639
            ],
            [
              174.77677866171572,
              -36.87126480750001
            ],
            [
              174.7768151778515,
              -36.87132810097633
            ],
            [
              174.77676283805692,
              -36.87135439209729
            ]
          ]
        ]
      }
    },
    {
      "type": "Feature",
      "properties": {
        "@id": "way/19",
        "level": "1",
        "name": "escalator_lv_4",
        "indoor": "room",
        "highway": "steps",
        "conveying": "yes"
      },
      "geometry": {
        "type": "Polygon",
        "coordinates": [
          [
            [
              174.776535829413,
              -36.87086313613923
            ],
            [
              174.77655469608317,
              -36.87088066366085
            ],
            [
              174.77662529394559,
              -36.87084025297992
            ],
            [
              174.7766119046958,
              -36.87082625529931
            ],
            [
              174.776535829413,
              -36.87086313613923
            ]
          ]
        ]
      }
    },
    {
      "type": "Feature",
      "properties": {
        "@id": "way/20",
        "level": "1",
        "name": "escalator_lv1_5",
        "indoor": "room",
        "highway": "steps",
        "conveying": "yes"
      },
      "geometry": {
        "type": "Polygon",
        "coordinates": [
          [
            [
              174.77711638097156,
              -36.87056301350938
            ],
            [
              174.77704583810907,
              -36.870620793396625
            ],
            [
              174.7770750510177,
              -36.87065000602314
            ],
            [
              174.77716592614263,
              -36.87060264929078
            ],
            [
              174.77711638097156,
              -36.87056301350938
            ]
          ]
        ]
      }
    },
    {
      "type": "Feature",
      "properties": {
        "@id": "way/21",
        "level": "1",
        "name": "escalator_lv1_6",
        "indoor": "room",
        "highway": "steps",
        "conveying": "yes"
      },
      "geometry": {
        "type": "Polygon",
        "coordinates": [
          [
            [
              174.7758614981059,
              -36.870616898378934
            ],
            [
              174.77584560092012,
              -36.87066725920321
            ],
            [
              174.77572273679007,
              -36.87064026848221
            ],
            [
              174.7757309511876,
              -36.87059971330769
            ],
            [
              174.7758614981059,
              -36.870616898378934
            ]
          ]
        ]
      }
    },
    {
      "type": "Feature",
      "properties": {
        "@id": "way/22",
        "level": "1",
        "name": "escalator_lv1_7",
        "indoor": "room",
        "highway": "steps",
        "conveying": "yes"
      },
      "geometry": {
        "type": "Polygon",
        "coordinates": [
          [
            [
              174.77570128582084,
              -36.87083370410601
            ],
            [
              174.77573247442626,
              -36.87074932886966
            ],
            [
              174.77577142497114,
              -36.87075906639668
            ],
            [
              174.7757399432105,
              -36.87084233448676
            ],
            [
              174.77570128582084,
              -36.87083370410601
            ]
          ]
        ]
      }
    },
    {
      "type": "Feature",
      "properties": {
        "@id": "way/23",
        "level": "1",
        "name": "elevator_lv1_4",
        "indoor": "room",
        "highway": "elevator",
        "room": "elevator"
      },
      "geometry": {
        "type": "Polygon",
        "coordinates": [
          [
            [
              174.77591230601342,
              -36.87065282154601
            ],
            [
              174.7759474819353,
              -36.87065916694345
            ],
            [
              174.77592235833222,
              -36.870755171386044
            ],
            [
              174.77588222131223,
              -36.87074909157729
            ],
            [
              174.77591230601342,
              -36.87065282154601
            ]
          ]
        ]
      }
    },
    {
      "type": "Feature",
      "properties": {
        "@id": "way/24",
        "level": "1",
        "name": "info_desk_lv1",
        "indoor": "room",
        "amenity": "information"
      },
      "geometry": {
        "type": "Polygon",
        "coordinates": [
          [
            [
              174.77624613473589,
              -36.8709966616714
            ],
            [
              174.77625587237216,
              -36.87097134417728
            ],
            [
              174.77628265087168,
              -36.87098108167601
            ],
            [
              174.77627778205357,
              -36.871002504168786
            ],
            [
              174.77624613473589,
              -36.8709966616714
            ]
          ]
        ]
      }
    },
    {
      "type": "Feature",
      "properties": {
        "@id": "way/25",
        "level": "1",
        "name": "shops_lv_out1",
        "indoor": "room",
        "shop": "yes"
      },
      "geometry": {
        "type": "Polygon",
        "coordinates": [
          [
            [
              174.7778118710552,
              -36.87063933965192
            ],
            [
              174.7780601807784,
              -36.87068218482322
            ],
            [
              174.77776318287417,
              -36.87162087754554
            ],
            [
              174.7775100043329,
              -36.87156634799346
            ],
            [
              174.7778118710552,
              -36.87063933965192
            ]
          ]
        ]
      }
    },
    {
      "type": "Feature",
      "properties": {
        "@id": "way/26",
        "level": "1",
        "name": "shops_lv1_out2a",
        "indoor": "room",
        "shop": "yes"
      },
      "geometry": {
        "type": "Polygon",
        "coordinates": [
          [
            [
              174.7781074957142,
              -36.87181769119716
            ],
            [
              174.77802959462457,
              -36.87180990128361
            ],
            [
              174.7779955128979,
              -36.871763161785566
            ],
            [
              174.77799794730686,
              -36.87169305248478
            ],
            [
              174.77818052798565,
              -36.87110685831347
            ],
            [
              174.7783582398464,
              -36.871138018249695
            ],
            [
              174.77829251080198,
              -36.871328872582005
            ],
            [
              174.77826816671148,
              -36.8713249776004
            ],
            [
              174.7781074957142,
              -36.87181769119716
            ]
          ]
        ]
      }
    },
    {
      "type": "Feature",
      "properties": {
        "@id": "way/27",
        "level": "1",
        "name": "shops_lv1_out2b",
        "indoor": "room",
        "shop": "yes"
      },
      "geometry": {
        "type": "Polygon",
        "coordinates": [
          [
            [
              174.7782000032581,
              -36.871054275892185
            ],
            [
              174.77836797748256,
              -36.87108738334684
            ],
            [
              174.7784142312546,
              -36.87092184593012
            ],
            [
              174.77857490225188,
              -36.87092379343125
            ],
            [
              174.7785675990247,
              -36.87079720575614
            ],
            [
              174.77841179684552,
              -36.87067840790098
            ],
            [
              174.77837041189164,
              -36.870672565378726
            ],
            [
              174.7783192893016,
              -36.870680355408325
            ],
            [
              174.77830468284725,
              -36.8707173580378
            ],
            [
              174.7782000032581,
              -36.871054275892185
            ]
          ]
        ]
      }
    },
    {
      "type": "Feature",
      "properties": {
        "@id": "way/28",
        "level": "1",
        "name": "parking_lv1_out",
        "indoor": "room",
        "amenity": "parking"
      },
      "geometry": {
        "type": "Polygon",
        "coordinates": [
          [
            [
              174.7782000032581,
              -36.871054275892185
            ],
            [
              174.77818052798565,
              -36.87110685831347
            ],
            [
              174.7783582398464,
              -36.871138018249695
            ],
            [
              174.77829251080198,
              -36.871328872582005
            ],
            [
              174.77826816671148,
              -36.8713249776004
            ],
            [
              174.77825255202407,
              -36.87137286173218
            ],
            [
              174.7782632978934,
              -36.87152556889486
            ],
            [
              174.7782267817576,
              -36.87153141135187
            ],
            [
              174.77824382262096,
              -36.871899485241634
            ],
            [
              174.77862359043291,
              -36.87188390543038
            ],
            [
              174.77858463988807,
              -36.8713249776004
            ],
            [
              174.77859194311523,
              -36.8713249776004
            ],
            [
              174.77857490225188,
              -36.87092379343125
            ],
            [
              174.7784142312546,
              -36.87092184593012
            ],
            [
              174.77836797748256,
              -36.87108738334684
            ],
            [
              174.7782000032581,
              -36.871054275892185
            ]
          ]
        ]
      }
    },
    {
      "type": "Feature",
      "properties": {
        "@id": "way/29",
        "level": "1",
        "name": "corridor_lv1_2",
        "indoor": "corridor"
      },
      "geometry": {
        "type": "Polygon",
        "coordinates": [
          [
            [
              174.77667585174586,
              -36.87172526458166
            ],
            [
              174.77650722510666,
              -36.87189457525462
            ],
            [
              174.77627139818284,
              -36.871903872979516
            ],
            [
              174.77626987022418,
              -36.87195908538086
            ],
            [
              174.77632829604138,
              -36.871960059118216
            ],
            [
              174.77649992187946,
              -36.87195884194657
            ],
            [
              174.77650479069757,
              -36.87211074482154
            ],
            [
              174.77653400360617,
              -36.8721321669976
            ],
            [
              174.77653602217998,
              -36.87223874450245
            ],
            [
              174.77653932461405,
              -36.87231249213826
            ],
            [
              174.7765510444695,
              -36.87249244814867
            ],
            [
              174.77656260791252,
              -36.87255038509409
            ],
            [
              174.77644879928945,
              -36.872548924499384
            ],
            [
              174.77639037347214,
              -36.87255087195903
            ],
            [
              174.77639098207445,
              -36.87255963552671
            ],
            [
              174.77629963126168,
              -36.87256351895249
            ],
            [
              174.7762576981789,
              -36.87270472111244
            ],
            [
              174.7763818530405,
              -36.872728090576985
            ],
            [
              174.77641958638083,
              -36.872595663516655
            ],
            [
              174.7765534788786,
              -36.872585926223735
            ],
            [
              174.7765534788786,
              -36.87267940418442
            ],
            [
              174.77667763374012,
              -36.872677456728105
            ],
            [
              174.77666546169493,
              -36.87238144278597
            ],
            [
              174.7767311907393,
              -36.872379495321994
            ],
            [
              174.7767360595574,
              -36.87240286488604
            ],
            [
              174.7767755503221,
              -36.8723998561645
            ],
            [
              174.77687725528233,
              -36.87239896995921
            ],
            [
              174.77687968969133,
              -36.872323018846025
            ],
            [
              174.77665694126318,
              -36.87233202587302
            ],
            [
              174.77665328964966,
              -36.87232107138064
            ],
            [
              174.77663381437725,
              -36.871871205535065
            ],
            [
              174.77675693461487,
              -36.87178678236365
            ],
            [
              174.77667585174586,
              -36.87172526458166
            ]
          ]
        ]
      }
    },
    {
      "type": "Feature",
      "properties": {
        "@id": "way/30",
        "level": "1",
        "name": "corridor_lv1_1",
        "indoor": "corridor"
      },
      "geometry": {
        "type": "Polygon",
        "coordinates": [
          [
            [
              174.77689618021125,
              -36.870513835752114
            ],
            [
              174.77696958046465,
              -36.870527781686484
            ],
            [
              174.7769347153443,
              -36.8706481570144
            ],
            [
              174.7769457253823,
              -36.87071568455429
            ],
            [
              174.77694389037595,
              -36.87077000014087
            ],
            [
              174.77682094495142,
              -36.87119718354346
            ],
            [
              174.77682230185155,
              -36.871263399115676
            ],
            [
              174.77682277995777,
              -36.87128673027682
            ],
            [
              174.7768925101985,
              -36.87139976452818
            ],
            [
              174.77679158485,
              -36.871439399875364
            ],
            [
              174.77674570969165,
              -36.8713718729752
            ],
            [
              174.77630530817086,
              -36.8710958928496
            ],
            [
              174.77615483765132,
              -36.87104157749472
            ],
            [
              174.77560617075676,
              -36.87092854271343
            ],
            [
              174.77552359547155,
              -36.87118984364258
            ],
            [
              174.77548689534493,
              -36.871182503741075
            ],
            [
              174.7755676356237,
              -36.87096230636691
            ],
            [
              174.77537312495204,
              -36.87092413875747
            ],
            [
              174.77542817514217,
              -36.870740640369185
            ],
            [
              174.77561718079474,
              -36.870778808070234
            ],
            [
              174.77562635582646,
              -36.87081697575229
            ],
            [
              174.7757841663714,
              -36.870852207441814
            ],
            [
              174.77585389661212,
              -36.870642285051545
            ],
            [
              174.77591230601342,
              -36.87065282154601
            ],
            [
              174.77584655658683,
              -36.870863217341444
            ],
            [
              174.7759805120494,
              -36.870895513037944
            ],
            [
              174.77634017329126,
              -36.87088376914986
            ],
            [
              174.77677139978033,
              -36.87068852674652
            ],
            [
              174.77686131509083,
              -36.87060191529498
            ],
            [
              174.77689618021125,
              -36.870513835752114
            ]
          ],
          [
            [
              174.77641449104797,
              -36.87102469568734
            ],
            [
              174.7766154242418,
              -36.871153878118356
            ],
            [
              174.77667230943825,
              -36.871153878118356
            ],
            [
              174.7767282771315,
              -36.87112672046629
            ],
            [
              174.7767631422519,
              -36.871096626840654
            ],
            [
              174.7767787398057,
              -36.87104671543538
            ],
            [
              174.77680167738495,
              -36.8710511193842
            ],
            [
              174.7768246149641,
              -36.87096964628958
            ],
            [
              174.77680718240393,
              -36.87096597632838
            ],
            [
              174.77685030505285,
              -36.87081991172702
            ],
            [
              174.7768383775117,
              -36.87080302987065
            ],
            [
              174.77680901741027,
              -36.87080229587685
            ],
            [
              174.77641816106063,
              -36.87099313403751
            ],
            [
              174.77641449104797,
              -36.87102469568734
            ]
          ]
        ]
      }
    },
    {
      "type": "Feature",
      "properties": {
        "@id": "way/31",
        "level": "1",
        "name": "shops_lv1_3",
        "indoor": "room",
        "shop": "yes"
      },
      "geometry": {
        "type": "Polygon",
        "coordinates": [
          [
            [
              174.77530454072365,
              -36.871148374726495
            ],
            [
              174.77537312495204,
              -36.87092413875747
            ],
            [
              174.7755676356237,
              -36.87096230636691
            ],
            [
              174.77548689534493,
              -36.871182503741075
            ],
            [
              174.77530454072365,
              -36.871148374726495
            ]
          ]
        ]
      }
    },
    {
      "type": "Feature",
      "properties": {
        "@id": "way/32",
        "level": "1",
        "name": "shops_lv1_3",
        "indoor": "room",
        "shop": "yes"
      },
      "geometry": {
        "type": "Polygon",
        "coordinates": [
          [
            [
              174.77542817514217,
              -36.870740640369185
            ],
            [
              174.77548931679894,
              -36.87054949388662
            ],
            [
              174.7757309511876,
              -36.87059971330769
            ],
            [
              174.7757217761559,
              -36.870615861213345
            ],
            [
              174.77585389661212,
              -36.870642285051545
            ],
            [
              174.7757841663714,
              -36.870852207441814
            ],
            [
              174.77562635582646,
              -36.87081697575229
            ],
            [
              174.77561718079474,
              -36.87079935990136
            ],
            [
              174.77561718079474,
              -36.870778808070234
            ],
            [
              174.77542817514217,
              -36.870740640369185
            ]
          ]
        ]
      }
    },
    {
      "type": "Feature",
      "properties": {
        "@id": "way/33",
        "level": "2",
        "name": "parking_lv2_1",
        "indoor": "room",
        "amenity": "parking"
      },
      "geometry": {
        "type": "Polygon",
        "coordinates": [
          [
            [
              174.77484612491102,
              -36.870456947508146
            ],
            [
              174.77509565183874,
              -36.87051634663098
            ],
            [
              174.77510417227035,
              -36.870484212685014
            ],
            [
              174.7762142627975,
              -36.87071012377627
            ],
            [
              174.77631163915947,
              -36.8703917057954
            ],
            [
              174.7750603529075,
              -36.87013560719023
            ],
            [
              174.77503357440787,
              -36.87013560719023
            ],
            [
              174.77499340665858,
              -36.8701482660768
            ],
            [
              174.77493619804582,
              -36.87020571792033
            ],
            [
              174.77490576793275,
              -36.87026609099745
            ],
            [
              174.77484612491102,
              -36.870456947508146
            ]
          ]
        ]
      }
    },
    {
      "type": "Feature",
      "properties": {
        "@id": "way/34",
        "level": "2",
        "name": "DavidJones_lv2",
        "indoor": "room",
        "shop": "yes"
      },
      "geometry": {
        "type": "Polygon",
        "coordinates": [
          [
            [
              174.77484612491102,
              -36.870456947508146
            ],
            [
              174.77482421522956,
              -36.87053582174319
            ],
            [
              174.7748619485698,
              -36.87054312490899
            ],
            [
              174.774702494777,
              -36.87103024449109
            ],
            [
              174.7750999120545,
              -36.87111386515646
            ],
            [
              174.77511512711106,
              -36.87106566460939
            ],
            [
              174.77519911422334,
              -36.87101697715732
            ],
            [
              174.77533361532343,
              -36.8710427815108
            ],
            [
              174.7754859576799,
              -36.870561908728824
            ],
            [
              174.77510417227035,
              -36.870484212685014
            ],
            [
              174.77509565183874,
              -36.87051634663098
            ],
            [
              174.77484612491102,
              -36.870456947508146
            ]
          ]
        ]
      }
    },
    {
      "type": "Feature",
      "properties": {
        "@id": "way/35",
        "level": "2",
        "name": "shops_lv2_1",
        "indoor": "room",
        "shop": "yes"
      },
      "geometry": {
        "type": "Polygon",
        "coordinates": [
          [
            [
              174.7750999120545,
              -36.87111386515646
            ],
            [
              174.77509869484993,
              -36.871129688561695
            ],
            [
              174.77652891016731,
              -36.87141207493533
            ],
            [
              174.77654960264425,
              -36.87134586029313
            ],
            [
              174.77653377898537,
              -36.87127477686335
            ],
            [
              174.77648752521344,
              -36.87121343083654
            ],
            [
              174.77641571014644,
              -36.871164743478666
            ],
            [
              174.77633415744322,
              -36.87111702983777
            ],
            [
              174.776224609036,
              -36.87106542117225
            ],
            [
              174.7761053229925,
              -36.87103426120633
            ],
            [
              174.7756975594765,
              -36.87094954498486
            ],
            [
              174.7756184411824,
              -36.8711920084029
            ],
            [
              174.7755928798873,
              -36.8711793496893
            ],
            [
              174.7756671293633,
              -36.87094272873311
            ],
            [
              174.77561113795522,
              -36.87095051873507
            ],
            [
              174.7755368884792,
              -36.870956361236075
            ],
            [
              174.7753717680717,
              -36.870922351609586
            ],
            [
              174.77533361532343,
              -36.8710427815108
            ],
            [
              174.77519911422334,
              -36.87101697715732
            ],
            [
              174.77511512711106,
              -36.87106566460939
            ],
            [
              174.7750999120545,
              -36.87111386515646
            ]
          ]
        ]
      }
    },
    {
      "type": "Feature",
      "properties": {
        "@id": "way/36",
        "level": "2",
        "name": "shops_lv2_2",
        "indoor": "room",
        "shop": "yes"
      },
      "geometry": {
        "type": "Polygon",
        "coordinates": [
          [
            [
              174.77542681469646,
              -36.87074859552025
            ],
            [
              174.7756208755914,
              -36.87078717196443
            ],
            [
              174.77570973152172,
              -36.870837807066344
            ],
            [
              174.77574746486198,
              -36.87072485179302
            ],
            [
              174.77583145197426,
              -36.87073556307606
            ],
            [
              174.77586356004306,
              -36.87063875341511
            ],
            [
              174.7754859576799,
              -36.870561908728824
            ],
            [
              174.77542681469646,
              -36.87074859552025
            ]
          ]
        ]
      }
    },
    {
      "type": "Feature",
      "properties": {
        "@id": "way/37",
        "level": "2",
        "name": "escalator_lv2_1",
        "indoor": "room",
        "highway": "steps",
        "conveying": "yes"
      },
      "geometry": {
        "type": "Polygon",
        "coordinates": [
          [
            [
              174.77574746486198,
              -36.87072485179302
            ],
            [
              174.77583145197426,
              -36.87073556307606
            ],
            [
              174.77579128422494,
              -36.87085143958804
            ],
            [
              174.77570973152172,
              -36.870837807066344
            ],
            [
              174.77574746486198,
              -36.87072485179302
            ]
          ]
        ]
      }
    },
    {
      "type": "Feature",
      "properties": {
        "@id": "way/38",
        "level": "2",
        "name": "elevator_lv2_1",
        "indoor": "room",
        "highway": "elevator",
        "room": "elevator"
      },
      "geometry": {
        "type": "Polygon",
        "coordinates": [
          [
            [
              174.77591302955025,
              -36.87064882079546
            ],
            [
              174.77588379176882,
              -36.87074822186328
            ],
            [
              174.77592639392722,
              -36.87075406437966
            ],
            [
              174.77594965283026,
              -36.87065627388059
            ],
            [
              174.77591302955025,
              -36.87064882079546
            ]
          ]
        ]
      }
    },
    {
      "type": "Feature",
      "properties": {
        "@id": "way/39",
        "level": "2",
        "name": "shops_lv2_3",
        "indoor": "room",
        "shop": "yes"
      },
      "geometry": {
        "type": "Polygon",
        "coordinates": [
          [
            [
              174.77588379176882,
              -36.87074822186328
            ],
            [
              174.77584484122403,
              -36.870863124604654
            ],
            [
              174.7758825745643,
              -36.87087675712181
            ],
            [
              174.77622339183145,
              -36.87094297217064
            ],
            [
              174.77626842839885,
              -36.8709371296687
            ],
            [
              174.77692937045606,
              -36.87062845017763
            ],
            [
              174.77700970595478,
              -36.87064305649081
            ],
            [
              174.77709247586253,
              -36.87060702757994
            ],
            [
              174.77711195113494,
              -36.870627476423294
            ],
            [
              174.77703283284077,
              -36.87066837409373
            ],
            [
              174.77701169776438,
              -36.87071947924203
            ],
            [
              174.77698292745526,
              -36.870788145716716
            ],
            [
              174.77694641131947,
              -36.870889415885635
            ],
            [
              174.7769391080923,
              -36.87099750216779
            ],
            [
              174.77690015754746,
              -36.87108197489891
            ],
            [
              174.77684538334387,
              -36.87114137353583
            ],
            [
              174.7768246908669,
              -36.87122024706421
            ],
            [
              174.77683686291215,
              -36.87124848571507
            ],
            [
              174.77683686291215,
              -36.87127575060943
            ],
            [
              174.77682347366235,
              -36.87131445700526
            ],
            [
              174.7767881747311,
              -36.871336853149856
            ],
            [
              174.77675044139087,
              -36.87134659060198
            ],
            [
              174.77671757686875,
              -36.871345616856814
            ],
            [
              174.77667619191476,
              -36.87133782689513
            ],
            [
              174.776657933847,
              -36.871336853149856
            ],
            [
              174.77664454459716,
              -36.8713446431117
            ],
            [
              174.77663358975647,
              -36.87136606550253
            ],
            [
              174.77661533168856,
              -36.87142935889502
            ],
            [
              174.77676626504967,
              -36.87146636116169
            ],
            [
              174.77679304354928,
              -36.87145564998105
            ],
            [
              174.77680765000355,
              -36.87147415111025
            ],
            [
              174.77692937045606,
              -36.87141767396494
            ],
            [
              174.77691598120634,
              -36.87139625158858
            ],
            [
              174.77694641131947,
              -36.87138456665343
            ],
            [
              174.77717524577022,
              -36.87066715690144
            ],
            [
              174.7771582049069,
              -36.87066131437833
            ],
            [
              174.77717889738378,
              -36.87063307551041
            ],
            [
              174.77717768017922,
              -36.870604836632054
            ],
            [
              174.7771642909295,
              -36.87058146651795
            ],
            [
              174.7771448156571,
              -36.870569781458244
            ],
            [
              174.77711925436205,
              -36.87056101766227
            ],
            [
              174.77708152102178,
              -36.87055907015189
            ],
            [
              174.77708638983987,
              -36.87054933259937
            ],
            [
              174.77631163915947,
              -36.8703917057954
            ],
            [
              174.7762142627975,
              -36.87071012377627
            ],
            [
              174.77594965283026,
              -36.87065627388059
            ],
            [
              174.77592639392722,
              -36.87075406437966
            ],
            [
              174.77588379176882,
              -36.87074822186328
            ]
          ]
        ]
      }
    },
    {
      "type": "Feature",
      "properties": {
        "@id": "way/40",
        "level": "2",
        "name": "escalator_lv2_2",
        "indoor": "room",
        "highway": "steps",
        "conveying": "yes"
      },
      "geometry": {
        "type": "Polygon",
        "coordinates": [
          [
            [
              174.7764790047818,
              -36.8708889290101
            ],
            [
              174.77659220480268,
              -36.87083634643889
            ],
            [
              174.77660559405243,
              -36.87085776897227
            ],
            [
              174.7764972628497,
              -36.87090840402733
            ],
            [
              174.7764790047818,
              -36.8708889290101
            ]
          ]
        ]
      }
    },
    {
      "type": "Feature",
      "properties": {
        "@id": "way/41",
        "level": "2",
        "name": "escalator_lv2_3",
        "indoor": "room",
        "highway": "steps",
        "conveying": "yes"
      },
      "geometry": {
        "type": "Polygon",
        "coordinates": [
          [
            [
              174.77644370585048,
              -36.871100232681606
            ],
            [
              174.77642788219165,
              -36.87111678640073
            ],
            [
              174.7765313445764,
              -36.8711830012415
            ],
            [
              174.7765471682352,
              -36.87116644753664
            ],
            [
              174.77644370585048,
              -36.871100232681606
            ]
          ]
        ]
      }
    },
    {
      "type": "Feature",
      "properties": {
        "@id": "way/42",
        "level": "2",
        "name": "escalator_lv2_4",
        "indoor": "room",
        "highway": "steps",
        "conveying": "yes"
      },
      "geometry": {
        "type": "Polygon",
        "coordinates": [
          [
            [
              174.77700970595478,
              -36.87064305649081
            ],
            [
              174.77703283284077,
              -36.87066837409373
            ],
            [
              174.77711195113494,
              -36.870627476423294
            ],
            [
              174.77709247586253,
              -36.87060702757994
            ],
            [
              174.77700970595478,
              -36.87064305649081
            ]
          ]
        ]
      }
    },
    {
      "type": "Feature",
      "properties": {
        "@id": "way/43",
        "level": "2",
        "name": "escalator_lv2_5",
        "indoor": "room",
        "highway": "steps",
        "conveying": "yes"
      },
      "geometry": {
        "type": "Polygon",
        "coordinates": [
          [
            [
              174.77673340052755,
              -36.87131543075083
            ],
            [
              174.77675044139087,
              -36.871309588277306
            ],
            [
              174.77667619191487,
              -36.87124824227844
            ],
            [
              174.776657933847,
              -36.87125797974187
            ],
            [
              174.77673340052755,
              -36.87131543075083
            ]
          ]
        ]
      }
    },
    {
      "type": "Feature",
      "properties": {
        "@id": "way/44",
        "level": "2",
        "name": "escalator_lv2_6",
        "indoor": "room",
        "highway": "steps",
        "conveying": "yes"
      },
      "geometry": {
        "type": "Polygon",
        "coordinates": [
          [
            [
              174.7767772198905,
              -36.871294982091555
            ],
            [
              174.77678817473122,
              -36.87128719212471
            ],
            [
              174.77675165859551,
              -36.871212213652996
            ],
            [
              174.77673461773207,
              -36.87121513489352
            ],
            [
              174.7767772198905,
              -36.871294982091555
            ]
          ]
        ]
      }
    },
    {
      "type": "Feature",
      "properties": {
        "@id": "way/45",
        "level": "2",
        "name": "shops_lv2_4",
        "indoor": "room",
        "shop": "yes"
      },
      "geometry": {
        "type": "Polygon",
        "coordinates": [
          [
            [
              174.7766774091194,
              -36.871193712460354
            ],
            [
              174.7767650478452,
              -36.87116644753664
            ],
            [
              174.77687581345702,
              -36.87082271391444
            ],
            [
              174.77686120700275,
              -36.87080518637953
            ],
            [
              174.77683442850315,
              -36.87080129137124
            ],
            [
              174.77643275100976,
              -36.87098727779632
            ],
            [
              174.7764230133736,
              -36.87101843778133
            ],
            [
              174.7764290993962,
              -36.87103791276552
            ],
            [
              174.7766774091194,
              -36.871193712460354
            ]
          ]
        ]
      }
    },
    {
      "type": "Feature",
      "properties": {
        "@id": "way/46",
        "level": "2",
        "name": "seats_lv2_1",
        "indoor": "room",
        "amenity": "bench"
      },
      "geometry": {
        "type": "Polygon",
        "coordinates": [
          [
            [
              174.77545290136692,
              -36.87086653273419
            ],
            [
              174.77546263900308,
              -36.87083147768046
            ],
            [
              174.77549063470715,
              -36.8708168714033
            ],
            [
              174.77551254438868,
              -36.87081005513964
            ],
            [
              174.7755344540701,
              -36.87081297639553
            ],
            [
              174.77557218741043,
              -36.87082953017698
            ],
            [
              174.77563061322755,
              -36.87085971647504
            ],
            [
              174.77563426484116,
              -36.87088113900185
            ],
            [
              174.77563061322755,
              -36.87089282401401
            ],
            [
              174.77561235515967,
              -36.870898666519324
            ],
            [
              174.77549550352524,
              -36.870901587771904
            ],
            [
              174.7754675078212,
              -36.870887955259164
            ],
            [
              174.77545290136692,
              -36.87086653273419
            ]
          ]
        ]
      }
    },
    {
      "type": "Feature",
      "properties": {
        "@id": "way/47",
        "level": "2",
        "name": "seats_lv2_2",
        "indoor": "room",
        "amenity": "bench"
      },
      "geometry": {
        "type": "Polygon",
        "coordinates": [
          [
            [
              174.7762160886043,
              -36.87099117279512
            ],
            [
              174.77623069505862,
              -36.87097754029838
            ],
            [
              174.7762586907627,
              -36.87096975029909
            ],
            [
              174.7763329402387,
              -36.87097461904871
            ],
            [
              174.77636337035185,
              -36.87098338279723
            ],
            [
              174.77638406282875,
              -36.871009674036834
            ],
            [
              174.77638284562428,
              -36.8710359652673
            ],
            [
              174.77635728432924,
              -36.871058361493546
            ],
            [
              174.7763232026025,
              -36.87106420398629
            ],
            [
              174.77628668646676,
              -36.87105738774477
            ],
            [
              174.77623921549025,
              -36.87103499151817
            ],
            [
              174.77621852301337,
              -36.8710155165333
            ],
            [
              174.7762160886043,
              -36.87100383153991
            ],
            [
              174.7762160886043,
              -36.87099117279512
            ]
          ]
        ]
      }
    },
    {
      "type": "Feature",
      "properties": {
        "@id": "way/48",
        "level": "2",
        "name": "seats_lv2_3",
        "indoor": "room",
        "amenity": "bench"
      },
      "geometry": {
        "type": "Polygon",
        "coordinates": [
          [
            [
              174.77582840896292,
              -36.870896232142144
            ],
            [
              174.7761369703101,
              -36.87096098654901
            ],
            [
              174.7761211466513,
              -36.87100529216417
            ],
            [
              174.77581562831543,
              -36.87094102467006
            ],
            [
              174.77582840896292,
              -36.870896232142144
            ]
          ]
        ]
      }
    },
    {
      "type": "Feature",
      "properties": {
        "@id": "way/49",
        "level": "2",
        "name": "parking_lv2_2",
        "indoor": "room",
        "amenity": "parking"
      },
      "geometry": {
        "type": "Polygon",
        "coordinates": [
          [
            [
              174.7763061617391,
              -36.872517266739315
            ],
            [
              174.77494654428432,
              -36.872282597393806
            ],
            [
              174.77485403674044,
              -36.872263122726935
            ],
            [
              174.7747590947874,
              -36.872275781261
            ],
            [
              174.77469884316332,
              -36.87232154671268
            ],
            [
              174.7746684130502,
              -36.87237899692175
            ],
            [
              174.7746659786412,
              -36.87243644708761
            ],
            [
              174.77468910552716,
              -36.872488054826874
            ],
            [
              174.77476457220774,
              -36.87254063626121
            ],
            [
              174.7748729034105,
              -36.872576664260116
            ],
            [
              174.7750591357029,
              -36.87261366597104
            ],
            [
              174.77617592085497,
              -36.872803299458276
            ],
            [
              174.77618687569566,
              -36.872755586840846
            ],
            [
              174.7762428671038,
              -36.8727624029309
            ],
            [
              174.7763061617391,
              -36.872517266739315
            ]
          ]
        ]
      }
    },
    {
      "type": "Feature",
      "properties": {
        "@id": "way/50",
        "level": "2",
        "name": "escalator_lv2_7",
        "indoor": "room",
        "highway": "steps",
        "conveying": "yes"
      },
      "geometry": {
        "type": "Polygon",
        "coordinates": [
          [
            [
              174.77642179616905,
              -36.87255402504655
            ],
            [
              174.77642179616905,
              -36.872501443621424
            ],
            [
              174.7765179553266,
              -36.872499496160586
            ],
            [
              174.7765179553266,
              -36.872552077587045
            ],
            [
              174.77642179616905,
              -36.87255402504655
            ]
          ]
        ]
      }
    },
    {
      "type": "Feature",
      "properties": {
        "@id": "way/51",
        "level": "2",
        "name": "shops_lv2_6",
        "indoor": "room",
        "shop": "yes"
      },
      "geometry": {
        "type": "Polygon",
        "coordinates": [
          [
            [
              174.77628507841348,
              -36.872598921237625
            ],
            [
              174.77639745207853,
              -36.8725988166024
            ],
            [
              174.77636093594285,
              -36.87275656056804
            ],
            [
              174.77637797680617,
              -36.872757534295225
            ],
            [
              174.77641084132833,
              -36.872602711519036
            ],
            [
              174.77652891016731,
              -36.8725988166024
            ],
            [
              174.77653499618995,
              -36.87274877075025
            ],
            [
              174.77668349514207,
              -36.872743902113704
            ],
            [
              174.77663724137008,
              -36.87187727986591
            ],
            [
              174.77683929732123,
              -36.871735113929226
            ],
            [
              174.7768697274344,
              -36.87228624889333
            ],
            [
              174.77684660054842,
              -36.87228624889333
            ],
            [
              174.7768490349575,
              -36.872341751664024
            ],
            [
              174.7768064327991,
              -36.87234369912895
            ],
            [
              174.7768088672082,
              -36.87240699171133
            ],
            [
              174.7768782478661,
              -36.87240601797967
            ],
            [
              174.77688433388875,
              -36.872542583721
            ],
            [
              174.77687946507064,
              -36.87254160999115
            ],
            [
              174.77687946507064,
              -36.87258834901291
            ],
            [
              174.77689528872943,
              -36.87258834901291
            ],
            [
              174.77690502636563,
              -36.872739276908725
            ],
            [
              174.77691354679735,
              -36.87274219809083
            ],
            [
              174.77691598120634,
              -36.872946680562954
            ],
            [
              174.77659098759807,
              -36.872886309604276
            ],
            [
              174.77659463921168,
              -36.87287462489713
            ],
            [
              174.77617592085497,
              -36.872803299458276
            ],
            [
              174.77618687569566,
              -36.872755586840846
            ],
            [
              174.7762428671038,
              -36.8727624029309
            ],
            [
              174.77628507841348,
              -36.872598921237625
            ]
          ]
        ]
      }
    },
    {
      "type": "Feature",
      "properties": {
        "@id": "way/52",
        "level": "2",
        "name": "shos_lv_8",
        "indoor": "room",
        "shop": "yes"
      },
      "geometry": {
        "type": "Polygon",
        "coordinates": [
          [
            [
              174.77662020050664,
              -36.8716331145753
            ],
            [
              174.77675348440218,
              -36.8716628136853
            ],
            [
              174.776611680075,
              -36.87178939992601
            ],
            [
              174.77659646501846,
              -36.87177576757171
            ],
            [
              174.77662020050664,
              -36.8716331145753
            ]
          ]
        ]
      }
    },
    {
      "type": "Feature",
      "properties": {
        "@id": "way/53",
        "level": "2",
        "name": "HandM_lv2",
        "indoor": "room",
        "shop": "yes"
      },
      "geometry": {
        "type": "Polygon",
        "coordinates": [
          [
            [
              174.77654473382609,
              -36.8716170478389
            ],
            [
              174.77619417892276,
              -36.87154693840408
            ],
            [
              174.7761211466513,
              -36.87163068022159
            ],
            [
              174.77600672942586,
              -36.871634575187606
            ],
            [
              174.77588500897335,
              -36.8718312707133
            ],
            [
              174.77610167137885,
              -36.87182348080114
            ],
            [
              174.77609923696977,
              -36.87189358998216
            ],
            [
              174.77626721119432,
              -36.87188969502935
            ],
            [
              174.77626721119432,
              -36.87185464044507
            ],
            [
              174.77649848005413,
              -36.8718449030577
            ],
            [
              174.77654473382609,
              -36.8716170478389
            ]
          ]
        ]
      }
    },
    {
      "type": "Feature",
      "properties": {
        "@id": "way/54",
        "level": "2",
        "name": "Farmers_lv2",
        "indoor": "room",
        "shop": "yes"
      },
      "geometry": {
        "type": "Polygon",
        "coordinates": [
          [
            [
              174.77588500897335,
              -36.8718312707133
            ],
            [
              174.7758411896104,
              -36.87187801016968
            ],
            [
              174.77569755947638,
              -36.8721701311242
            ],
            [
              174.77562878768668,
              -36.87240035238048
            ],
            [
              174.77628843596236,
              -36.872514207283
            ],
            [
              174.77629520689848,
              -36.87250387794754
            ],
            [
              174.77633902626133,
              -36.872501930486685
            ],
            [
              174.77633172303416,
              -36.87234710719244
            ],
            [
              174.77651186930396,
              -36.872341264797804
            ],
            [
              174.77650700048585,
              -36.87219228358438
            ],
            [
              174.7763037273301,
              -36.872196178521754
            ],
            [
              174.77628425205776,
              -36.87194300717873
            ],
            [
              174.7762453015129,
              -36.871940085965996
            ],
            [
              174.77624651871741,
              -36.87192158494963
            ],
            [
              174.77627694883057,
              -36.871915742522454
            ],
            [
              174.77626721119432,
              -36.87188969502935
            ],
            [
              174.77609923696977,
              -36.87189358998216
            ],
            [
              174.77610167137885,
              -36.87182348080114
            ],
            [
              174.77588500897335,
              -36.8718312707133
            ]
          ]
        ]
      }
    },
    {
      "type": "Feature",
      "properties": {
        "@id": "way/55",
        "level": "2",
        "name": "elevator_lv2_2",
        "indoor": "room",
        "highway": "elevator",
        "room": "elevator"
      },
      "geometry": {
        "type": "Polygon",
        "coordinates": [
          [
            [
              174.77626721119432,
              -36.87188969502935
            ],
            [
              174.77633902626133,
              -36.87188653037998
            ],
            [
              174.7763329402387,
              -36.87191184757079
            ],
            [
              174.77627694883057,
              -36.871915742522454
            ],
            [
              174.77626721119432,
              -36.87188969502935
            ]
          ]
        ]
      }
    },
    {
      "type": "Feature",
      "properties": {
        "@id": "way/56",
        "level": "2",
        "name": "shops_lv2_10",
        "indoor": "room",
        "shop": "yes"
      },
      "geometry": {
        "type": "Polygon",
        "coordinates": [
          [
            [
              174.77628425205776,
              -36.87194300717873
            ],
            [
              174.77648752521353,
              -36.871930348589515
            ],
            [
              174.77650700048585,
              -36.87219228358438
            ],
            [
              174.7763037273301,
              -36.872196178521754
            ],
            [
              174.77628425205776,
              -36.87194300717873
            ]
          ]
        ]
      }
    },
    {
      "type": "Feature",
      "properties": {
        "@id": "way/57",
        "level": "2",
        "name": "elevator_lv2_3",
        "indoor": "room",
        "highway": "elevator",
        "room": "elevator"
      },
      "geometry": {
        "type": "Polygon",
        "coordinates": [
          [
            [
              174.77628843596236,
              -36.872514207283
            ],
            [
              174.77629520689848,
              -36.87250387794754
            ],
            [
              174.77633902626133,
              -36.872501930486685
            ],
            [
              174.77636337035196,
              -36.87250290421712
            ],
            [
              174.77636337035196,
              -36.87255743310067
            ],
            [
              174.77629683887062,
              -36.8725533736793
            ],
            [
              174.7763061617391,
              -36.872517266739315
            ],
            [
              174.77628843596236,
              -36.872514207283
            ]
          ]
        ]
      }
    },
    {
      "type": "Feature",
      "properties": {
        "@id": "way/58",
        "level": "2",
        "name": "shops_lv2_11",
        "indoor": "room",
        "shop": "yes"
      },
      "geometry": {
        "type": "Polygon",
        "coordinates": [
          [
            [
              174.77636337035196,
              -36.87255743310067
            ],
            [
              174.77642179616905,
              -36.87255402504655
            ],
            [
              174.77642179616905,
              -36.872501443621424
            ],
            [
              174.7765179553266,
              -36.872499496160586
            ],
            [
              174.77651186930396,
              -36.872341264797804
            ],
            [
              174.77633172303416,
              -36.87234710719244
            ],
            [
              174.77633902626133,
              -36.872501930486685
            ],
            [
              174.77636337035196,
              -36.87250290421712
            ],
            [
              174.77636337035196,
              -36.87255743310067
            ]
          ]
        ]
      }
    },
    {
      "type": "Feature",
      "properties": {
        "@id": "way/59",
        "level": "2",
        "name": "shops_lv2_12",
        "indoor": "room",
        "shop": "yes"
      },
      "geometry": {
        "type": "Polygon",
        "coordinates": [
          [
            [
              174.77649848005413,
              -36.8718449030577
            ],
            [
              174.77649361123613,
              -36.871897728369305
            ],
            [
              174.77633583999847,
              -36.871899784887475
            ],
            [
              174.77633902626133,
              -36.87188653037998
            ],
            [
              174.77626721119432,
              -36.87188969502935
            ],
            [
              174.77626721119432,
              -36.87185464044507
            ],
            [
              174.77649848005413,
              -36.8718449030577
            ]
          ]
        ]
      }
    },
    {
      "type": "Feature",
      "properties": {
        "@id": "way/60",
        "level": "2",
        "name": "escalator_lv_8",
        "indoor": "room",
        "highway": "steps",
        "conveying": "yes"
      },
      "geometry": {
        "type": "Polygon",
        "coordinates": [
          [
            [
              174.7765349961902,
              -36.871940085965996
            ],
            [
              174.77659950803005,
              -36.871937164753206
            ],
            [
              174.77660681125724,
              -36.87211438479496
            ],
            [
              174.77654108221282,
              -36.87211535853034
            ],
            [
              174.7765349961902,
              -36.871940085965996
            ]
          ]
        ]
      }
    },
    {
      "type": "Feature",
      "properties": {
        "@id": "way/61",
        "level": "2",
        "name": "seats_lv2_4",
        "indoor": "room",
        "amenity": "bench"
      },
      "geometry": {
        "type": "Polygon",
        "coordinates": [
          [
            [
              174.77654716823548,
              -36.87213824130769
            ],
            [
              174.77660315964368,
              -36.87213775444011
            ],
            [
              174.77660741985943,
              -36.87228040649413
            ],
            [
              174.7765508198491,
              -36.87227991962746
            ],
            [
              174.77654716823548,
              -36.87213824130769
            ]
          ]
        ]
      }
    },
    {
      "type": "Feature",
      "properties": {
        "@id": "way/62",
        "level": "2",
        "name": "seats_lv2_5",
        "indoor": "room",
        "amenity": "bench"
      },
      "geometry": {
        "type": "Polygon",
        "coordinates": [
          [
            [
              174.77656055748525,
              -36.87237485856075
            ],
            [
              174.776620200507,
              -36.872373884828676
            ],
            [
              174.776620200507,
              -36.87248489020236
            ],
            [
              174.7765666435079,
              -36.872485863933015
            ],
            [
              174.77656055748525,
              -36.87237485856075
            ]
          ]
        ]
      }
    },
    {
      "type": "Feature",
      "properties": {
        "@id": "way/63",
        "level": "2",
        "name": "corridor_lv2",
        "indoor": "corridor"
      },
      "geometry": {
        "type": "Polygon",
        "coordinates": [
          [
            [
              174.77668513180583,
              -36.87172383087782
            ],
            [
              174.77676458887814,
              -36.87178767858741
            ],
            [
              174.77663724137008,
              -36.87187727986591
            ],
            [
              174.77668349514207,
              -36.872743902113704
            ],
            [
              174.77653499618995,
              -36.87274877075025
            ],
            [
              174.77652891016731,
              -36.8725988166024
            ],
            [
              174.77641084132833,
              -36.872602711519036
            ],
            [
              174.77637797680617,
              -36.872757534295225
            ],
            [
              174.77636093594285,
              -36.87275656056804
            ],
            [
              174.77639745207853,
              -36.8725988166024
            ],
            [
              174.77628507841348,
              -36.872598921237625
            ],
            [
              174.77629683887062,
              -36.8725533736793
            ],
            [
              174.77636337035196,
              -36.87255743310067
            ],
            [
              174.77642213215506,
              -36.872553839677956
            ],
            [
              174.7765179553266,
              -36.872552077587045
            ],
            [
              174.77650681058526,
              -36.872192471864174
            ],
            [
              174.77648752521353,
              -36.871930348589515
            ],
            [
              174.77628425205776,
              -36.87194300717873
            ],
            [
              174.7762453015129,
              -36.871940085965996
            ],
            [
              174.77624651871741,
              -36.87192158494963
            ],
            [
              174.7763329402387,
              -36.87191184757079
            ],
            [
              174.77633583999847,
              -36.871899784887475
            ],
            [
              174.77649361123613,
              -36.871897728369305
            ],
            [
              174.7764991704261,
              -36.87184421761418
            ],
            [
              174.77654473382609,
              -36.8716170478389
            ],
            [
              174.77652891016731,
              -36.87141207493533
            ],
            [
              174.77654960264425,
              -36.87134586029313
            ],
            [
              174.77653377898537,
              -36.87127477686335
            ],
            [
              174.77649063770872,
              -36.871217558917024
            ],
            [
              174.77641571014644,
              -36.871164743478666
            ],
            [
              174.7763221095288,
              -36.87111135402177
            ],
            [
              174.776224609036,
              -36.87106542117225
            ],
            [
              174.77608573796076,
              -36.871030192257216
            ],
            [
              174.7756975594765,
              -36.87094954498486
            ],
            [
              174.7756184411824,
              -36.8711920084029
            ],
            [
              174.7755928798873,
              -36.8711793496893
            ],
            [
              174.7756671293633,
              -36.87094272873311
            ],
            [
              174.77560497677243,
              -36.87095100354276
            ],
            [
              174.7755368884792,
              -36.870956361236075
            ],
            [
              174.7753717680717,
              -36.870922351609586
            ],
            [
              174.77542681469646,
              -36.87074859552025
            ],
            [
              174.7756208755914,
              -36.87078717196443
            ],
            [
              174.77570973152172,
              -36.870837807066344
            ],
            [
              174.77579128422494,
              -36.87085143958804
            ],
            [
              174.77583145197426,
              -36.87073556307606
            ],
            [
              174.77586356004306,
              -36.87063875341511
            ],
            [
              174.77591302955025,
              -36.87064882079546
            ],
            [
              174.77588375959172,
              -36.8707481534002
            ],
            [
              174.77584484122403,
              -36.870863124604654
            ],
            [
              174.7758825745643,
              -36.87087675712181
            ],
            [
              174.77622339183145,
              -36.87094297217064
            ],
            [
              174.77626842839885,
              -36.8709371296687
            ],
            [
              174.77692937045606,
              -36.87062845017763
            ],
            [
              174.77700970595478,
              -36.87064305649081
            ],
            [
              174.77703283284077,
              -36.87066837409373
            ],
            [
              174.77698292745526,
              -36.870788145716716
            ],
            [
              174.77694641131947,
              -36.870889415885635
            ],
            [
              174.7769391080923,
              -36.87099750216779
            ],
            [
              174.77690015754746,
              -36.87108197489891
            ],
            [
              174.77684538334387,
              -36.87114137353583
            ],
            [
              174.7768246908669,
              -36.87122024706421
            ],
            [
              174.77683686291215,
              -36.87124848571507
            ],
            [
              174.77683686291215,
              -36.87127575060943
            ],
            [
              174.77682347366235,
              -36.87131445700526
            ],
            [
              174.7767881747311,
              -36.871336853149856
            ],
            [
              174.77675044139087,
              -36.87134659060198
            ],
            [
              174.77671757686875,
              -36.871345616856814
            ],
            [
              174.77667619191476,
              -36.87133782689513
            ],
            [
              174.776657933847,
              -36.871336853149856
            ],
            [
              174.7766393774024,
              -36.87135474765598
            ],
            [
              174.77661533168856,
              -36.87142935889502
            ],
            [
              174.77662020050664,
              -36.8716331145753
            ],
            [
              174.77659646501846,
              -36.87177576757171
            ],
            [
              174.776611680075,
              -36.87178939992601
            ],
            [
              174.77668513180583,
              -36.87172383087782
            ]
          ],
          [
            [
              174.7764230133736,
              -36.87101843778133
            ],
            [
              174.7764290993962,
              -36.87103791276552
            ],
            [
              174.7766774091194,
              -36.871193712460354
            ],
            [
              174.77671181554305,
              -36.87118300842049
            ],
            [
              174.7767650478452,
              -36.87116644753664
            ],
            [
              174.776865058007,
              -36.8708560908558
            ],
            [
              174.77687581345702,
              -36.87082271391444
            ],
            [
              174.77686120700275,
              -36.87080518637953
            ],
            [
              174.77683442850315,
              -36.87080129137124
            ],
            [
              174.77682251682245,
              -36.87080680677493
            ],
            [
              174.77657842026576,
              -36.8709198294488
            ],
            [
              174.77643275100976,
              -36.87098727779632
            ],
            [
              174.7764230133736,
              -36.87101843778133
            ]
          ]
        ]
      }
    },
    {
      "type": "Feature",
      "properties": {
        "@id": "way/64",
        "level": "3",
        "name": "parking_lv3_1",
        "indoor": "room",
        "amenity": "parking"
      },
      "geometry": {
        "type": "Polygon",
        "coordinates": [
          [
            [
              174.77622112644121,
              -36.87248008753967
            ],
            [
              174.7749249945712,
              -36.87226848103369
            ],
            [
              174.77480956909852,
              -36.87226848103369
            ],
            [
              174.77473261878333,
              -36.87231849716984
            ],
            [
              174.77469414362585,
              -36.87237620805544
            ],
            [
              174.77470376241527,
              -36.872453155835146
            ],
            [
              174.77476387984893,
              -36.87250894292695
            ],
            [
              174.77488892411094,
              -36.87255703521473
            ],
            [
              174.7763004814537,
              -36.872789801459824
            ],
            [
              174.77631731433513,
              -36.8727320908867
            ],
            [
              174.7762668156909,
              -36.87272247245362
            ],
            [
              174.7762668156909,
              -36.8727320908867
            ],
            [
              174.7761946747704,
              -36.87271670139318
            ],
            [
              174.77624036402003,
              -36.87254549306846
            ],
            [
              174.77622112644121,
              -36.87248008753967
            ]
          ]
        ]
      }
    },
    {
      "type": "Feature",
      "properties": {
        "@id": "way/65",
        "level": "3",
        "name": "parking_lv3_2",
        "indoor": "room",
        "amenity": "parking"
      },
      "geometry": {
        "type": "Polygon",
        "coordinates": [
          [
            [
              174.77644716799202,
              -36.87073527820279
            ],
            [
              174.77653614179383,
              -36.87042940344172
            ],
            [
              174.77503561064924,
              -36.870136993720095
            ],
            [
              174.77500194488638,
              -36.870142764975405
            ],
            [
              174.77496106503148,
              -36.87017739249829
            ],
            [
              174.77492018517654,
              -36.87022163875459
            ],
            [
              174.7748456395588,
              -36.870464030834675
            ],
            [
              174.77508610929343,
              -36.87051404815231
            ],
            [
              174.77509813278027,
              -36.87048134452527
            ],
            [
              174.775920539273,
              -36.8706506337374
            ],
            [
              174.77593256275972,
              -36.87062947260636
            ],
            [
              174.77644716799202,
              -36.87073527820279
            ]
          ]
        ]
      }
    },
    {
      "type": "Feature",
      "properties": {
        "@id": "way/66",
        "level": "3",
        "name": "office_lv3",
        "indoor": "room",
        "office": "yes"
      },
      "geometry": {
        "type": "Polygon",
        "coordinates": [
          [
            [
              174.77644716799202,
              -36.87073527820279
            ],
            [
              174.7765277719131,
              -36.8704581775287
            ],
            [
              174.7770531517234,
              -36.87056791291922
            ],
            [
              174.77711807855178,
              -36.87064870999849
            ],
            [
              174.7770098671712,
              -36.87099690595746
            ],
            [
              174.77704593763139,
              -36.871000753417775
            ],
            [
              174.77703872353936,
              -36.871029609363795
            ],
            [
              174.77668523302935,
              -36.8709680499991
            ],
            [
              174.77669004242398,
              -36.87095843134388
            ],
            [
              174.77663232968771,
              -36.87094304149296
            ],
            [
              174.77664194847708,
              -36.87091995671085
            ],
            [
              174.77663232968771,
              -36.87091803297873
            ],
            [
              174.77667801893725,
              -36.870783371607295
            ],
            [
              174.77644716799202,
              -36.87073527820279
            ]
          ]
        ]
      }
    },
    {
      "type": "Feature",
      "properties": {
        "@id": "way/67",
        "level": "3",
        "name": "Woolworths_lv3",
        "indoor": "room",
        "shop": "yes"
      },
      "geometry": {
        "type": "Polygon",
        "coordinates": [
          [
            [
              174.7748456395588,
              -36.870464030834675
            ],
            [
              174.77467250134978,
              -36.8710315330931
            ],
            [
              174.77510053747756,
              -36.871116177136514
            ],
            [
              174.77511256096432,
              -36.87106231275612
            ],
            [
              174.77519672537153,
              -36.87101421952728
            ],
            [
              174.7753313884229,
              -36.871035380551675
            ],
            [
              174.7754816912242,
              -36.870560298601774
            ],
            [
              174.77509813278027,
              -36.87048134452527
            ],
            [
              174.77508610929343,
              -36.87051404815231
            ],
            [
              174.7748456395588,
              -36.870464030834675
            ]
          ]
        ]
      }
    },
    {
      "type": "Feature",
      "properties": {
        "@id": "way/68",
        "level": "3",
        "name": "JBHiFi_lv3",
        "indoor": "room",
        "shop": "yes"
      },
      "geometry": {
        "type": "Polygon",
        "coordinates": [
          [
            [
              174.77619587711916,
              -36.87152737271711
            ],
            [
              174.77655177232657,
              -36.871604321351874
            ],
            [
              174.77652772535313,
              -36.87170243074873
            ],
            [
              174.77608526104132,
              -36.871717820446655
            ],
            [
              174.7759962872394,
              -36.87186402242184
            ],
            [
              174.7759986919368,
              -36.87188133579513
            ],
            [
              174.77584479130653,
              -36.87188133579513
            ],
            [
              174.7760131201208,
              -36.871623558498435
            ],
            [
              174.77612133150149,
              -36.871619711069506
            ],
            [
              174.77619587711916,
              -36.87152737271711
            ]
          ]
        ]
      }
    },
    {
      "type": "Feature",
      "properties": {
        "@id": "way/69",
        "level": "3",
        "name": "RebelSport",
        "indoor": "room",
        "shop": "yes"
      },
      "geometry": {
        "type": "Polygon",
        "coordinates": [
          [
            [
              174.77650608307698,
              -36.872089095968335
            ],
            [
              174.77650367837964,
              -36.87198906336286
            ],
            [
              174.77628004152646,
              -36.87199483447825
            ],
            [
              174.77628004152646,
              -36.871954436661255
            ],
            [
              174.77613575968553,
              -36.871954436661255
            ],
            [
              174.77611411740938,
              -36.87188133579513
            ],
            [
              174.7759986919368,
              -36.87188133579513
            ],
            [
              174.77584479130653,
              -36.87188133579513
            ],
            [
              174.77572455643917,
              -36.872119875205144
            ],
            [
              174.77578948326763,
              -36.87212179890708
            ],
            [
              174.77650608307698,
              -36.872089095968335
            ]
          ]
        ]
      }
    },
    {
      "type": "Feature",
      "properties": {
        "@id": "way/70",
        "level": "3",
        "name": "shops_lv3_1",
        "indoor": "room",
        "shop": "yes"
      },
      "geometry": {
        "type": "Polygon",
        "coordinates": [
          [
            [
              174.77652772535313,
              -36.87170243074873
            ],
            [
              174.77608526104132,
              -36.871717820446655
            ],
            [
              174.7759962872394,
              -36.87186402242184
            ],
            [
              174.7759986919368,
              -36.87188133579513
            ],
            [
              174.77611411740938,
              -36.87188133579513
            ],
            [
              174.77613575968553,
              -36.871954436661255
            ],
            [
              174.77628004152646,
              -36.871954436661255
            ],
            [
              174.77628004152646,
              -36.87199483447825
            ],
            [
              174.77650367837964,
              -36.87198906336286
            ],
            [
              174.77648444080086,
              -36.87191211511573
            ],
            [
              174.77625839925028,
              -36.871917886236936
            ],
            [
              174.7762535898556,
              -36.87185825129656
            ],
            [
              174.77632813547328,
              -36.87185632758806
            ],
            [
              174.776325730776,
              -36.87188133579513
            ],
            [
              174.77649886898496,
              -36.87187748837917
            ],
            [
              174.77652772535313,
              -36.87170243074873
            ]
          ]
        ]
      }
    },
    {
      "type": "Feature",
      "properties": {
        "@id": "way/71",
        "level": "3",
        "name": "ArchieBrothers",
        "indoor": "room",
        "shop": "yes"
      },
      "geometry": {
        "type": "Polygon",
        "coordinates": [
          [
            [
              174.77572455643917,
              -36.872119875205144
            ],
            [
              174.7756384772161,
              -36.87238496429209
            ],
            [
              174.77622112644121,
              -36.87248008753967
            ],
            [
              174.77623040620776,
              -36.87251163767262
            ],
            [
              174.77626441099358,
              -36.87251038569599
            ],
            [
              174.77626561334233,
              -36.87247768292361
            ],
            [
              174.77628725561837,
              -36.87247575923063
            ],
            [
              174.77628485092106,
              -36.87240458255821
            ],
            [
              174.7763395577857,
              -36.872404101634544
            ],
            [
              174.776331141345,
              -36.87233629136417
            ],
            [
              174.77631430846355,
              -36.87233148212286
            ],
            [
              174.77630889789452,
              -36.87217950994128
            ],
            [
              174.77609788570234,
              -36.87218143364172
            ],
            [
              174.77609989751392,
              -36.87210763276201
            ],
            [
              174.77572455643917,
              -36.872119875205144
            ]
          ]
        ]
      }
    },
    {
      "type": "Feature",
      "properties": {
        "@id": "way/72",
        "level": "3",
        "name": "shops_lv3_2",
        "indoor": "room",
        "shop": "yes"
      },
      "geometry": {
        "type": "Polygon",
        "coordinates": [
          [
            [
              174.77650608307698,
              -36.872089095968335
            ],
            [
              174.77609989751392,
              -36.87210763276201
            ],
            [
              174.77609788570234,
              -36.87218143364172
            ],
            [
              174.77630889789452,
              -36.87217950994128
            ],
            [
              174.77631430846355,
              -36.87233148212286
            ],
            [
              174.776331141345,
              -36.87233629136417
            ],
            [
              174.7763395577857,
              -36.872404101634544
            ],
            [
              174.77628485092106,
              -36.87240458255821
            ],
            [
              174.77628725561837,
              -36.87247575923063
            ],
            [
              174.77635037892387,
              -36.87246902630505
            ],
            [
              174.77634797422647,
              -36.872486339541204
            ],
            [
              174.77638163998932,
              -36.872486339541204
            ],
            [
              174.77638163998932,
              -36.8725267370769
            ],
            [
              174.77646820909382,
              -36.87252481338524
            ],
            [
              174.77646820909382,
              -36.872459407838825
            ],
            [
              174.77652111243543,
              -36.872461331532136
            ],
            [
              174.77651870773806,
              -36.87232090179092
            ],
            [
              174.77650608307698,
              -36.872089095968335
            ]
          ]
        ]
      }
    },
    {
      "type": "Feature",
      "properties": {
        "@id": "way/73",
        "level": "3",
        "name": "seats_lv3_1",
        "indoor": "room",
        "amenity": "bench"
      },
      "geometry": {
        "type": "Polygon",
        "coordinates": [
          [
            [
              174.7766197050267,
              -36.871612978068434
            ],
            [
              174.77674234459136,
              -36.87164183378319
            ],
            [
              174.77668944124974,
              -36.87169185032966
            ],
            [
              174.77661489563195,
              -36.87166876577383
            ],
            [
              174.7766197050267,
              -36.871612978068434
            ]
          ]
        ]
      }
    },
    {
      "type": "Feature",
      "properties": {
        "@id": "way/74",
        "level": "3",
        "name": "shops_lv3_2",
        "indoor": "room",
        "shop": "yes"
      },
      "geometry": {
        "type": "Polygon",
        "coordinates": [
          [
            [
              174.77661489563195,
              -36.87166876577383
            ],
            [
              174.77660768153996,
              -36.87176110395529
            ],
            [
              174.7766245144214,
              -36.87176879879874
            ],
            [
              174.77668944124974,
              -36.87169185032966
            ],
            [
              174.77661489563195,
              -36.87166876577383
            ]
          ]
        ]
      }
    },
    {
      "type": "Feature",
      "properties": {
        "@id": "way/75",
        "level": "3",
        "name": "NoelLeeming",
        "indoor": "room",
        "shop": "yes"
      },
      "geometry": {
        "type": "Polygon",
        "coordinates": [
          [
            [
              174.7763004814537,
              -36.872789801459824
            ],
            [
              174.7766004674479,
              -36.87284991659383
            ],
            [
              174.7766004674479,
              -36.87286145869419
            ],
            [
              174.77691548280038,
              -36.872911474442006
            ],
            [
              174.77692510158977,
              -36.87285568764418
            ],
            [
              174.7769371250765,
              -36.87285184027738
            ],
            [
              174.77692029219506,
              -36.87262099791063
            ],
            [
              174.7766918459471,
              -36.87262484528914
            ],
            [
              174.77654035001422,
              -36.87263061635649
            ],
            [
              174.7763744258973,
              -36.87264023480116
            ],
            [
              174.77635759301586,
              -36.87269409806885
            ],
            [
              174.77632873664768,
              -36.87269025069391
            ],
            [
              174.7763004814537,
              -36.872789801459824
            ]
          ]
        ]
      }
    },
    {
      "type": "Feature",
      "properties": {
        "@id": "way/76",
        "level": "3",
        "name": "elevator_lv3_1",
        "indoor": "room",
        "highway": "elevator",
        "room": "elevator"
      },
      "geometry": {
        "type": "Polygon",
        "coordinates": [
          [
            [
              174.77626441099358,
              -36.87251038569599
            ],
            [
              174.77626561334233,
              -36.87247768292361
            ],
            [
              174.77635037892387,
              -36.87246902630505
            ],
            [
              174.77634797422647,
              -36.872486339541204
            ],
            [
              174.77638163998932,
              -36.872486339541204
            ],
            [
              174.77638163998932,
              -36.8725267370769
            ],
            [
              174.77626441099358,
              -36.87251038569599
            ]
          ]
        ]
      }
    },
    {
      "type": "Feature",
      "properties": {
        "@id": "way/77",
        "level": "3",
        "name": "elevator_lv3_2",
        "indoor": "room",
        "highway": "elevator",
        "room": "elevator"
      },
      "geometry": {
        "type": "Polygon",
        "coordinates": [
          [
            [
              174.7762535898556,
              -36.87185825129656
            ],
            [
              174.77632813547328,
              -36.87185632758806
            ],
            [
              174.776325730776,
              -36.87188133579513
            ],
            [
              174.77625538403385,
              -36.87188049853363
            ],
            [
              174.7762535898556,
              -36.87185825129656
            ]
          ]
        ]
      }
    },
    {
      "type": "Feature",
      "properties": {
        "@id": "way/78",
        "level": "3",
        "name": "shops_lv3_4",
        "indoor": "room",
        "shop": "yes"
      },
      "geometry": {
        "type": "Polygon",
        "coordinates": [
          [
            [
              174.7768349254394,
              -36.87171589673455
            ],
            [
              174.7768697935509,
              -36.872261267165165
            ],
            [
              174.77684574657738,
              -36.87226222901432
            ],
            [
              174.77684935362342,
              -36.87231801624556
            ],
            [
              174.7768108784659,
              -36.8723199399425
            ],
            [
              174.7768144855119,
              -36.8723786126747
            ],
            [
              174.77687580529422,
              -36.872377650827005
            ],
            [
              174.77688842995525,
              -36.87237909359861
            ],
            [
              174.77688842995525,
              -36.87256280628722
            ],
            [
              174.77691247692883,
              -36.87256376813265
            ],
            [
              174.77692029219506,
              -36.87262099791063
            ],
            [
              174.77668459105146,
              -36.87262512165617
            ],
            [
              174.7766587813587,
              -36.872262709938894
            ],
            [
              174.77663473438523,
              -36.871858010833
            ],
            [
              174.7768349254394,
              -36.87171589673455
            ]
          ]
        ]
      }
    },
    {
      "type": "Feature",
      "properties": {
        "@id": "way/79",
        "level": "3",
        "name": "shops_lv3_6",
        "indoor": "room",
        "shop": "yes"
      },
      "geometry": {
        "type": "Polygon",
        "coordinates": [
          [
            [
              174.77654035001422,
              -36.87263061635649
            ],
            [
              174.77654215353735,
              -36.872569779665945
            ],
            [
              174.77636420593373,
              -36.87259094025943
            ],
            [
              174.77623116700357,
              -36.872579956474986
            ],
            [
              174.7761946747704,
              -36.87271670139318
            ],
            [
              174.7762668156909,
              -36.8727320908867
            ],
            [
              174.7762668156909,
              -36.87272247245362
            ],
            [
              174.77631731433513,
              -36.8727320908867
            ],
            [
              174.77632873664768,
              -36.87269025069391
            ],
            [
              174.77635759301586,
              -36.87269409806885
            ],
            [
              174.7763744258973,
              -36.87264023480116
            ],
            [
              174.77654035001422,
              -36.87263061635649
            ]
          ]
        ]
      }
    },
    {
      "type": "Feature",
      "properties": {
        "@id": "way/80",
        "level": "3",
        "name": "shops_lv3_6",
        "indoor": "room",
        "shop": "yes"
      },
      "geometry": {
        "type": "Polygon",
        "coordinates": [
          [
            [
              174.77542433584549,
              -36.870741589684286
            ],
            [
              174.7756187497561,
              -36.87077639806549
            ],
            [
              174.77569810476857,
              -36.87082833891302
            ],
            [
              174.77574740106417,
              -36.87067732561021
            ],
            [
              174.77578828091907,
              -36.87068213495567
            ],
            [
              174.77579789970838,
              -36.87065808822536
            ],
            [
              174.77584358895808,
              -36.870663859441315
            ],
            [
              174.7758507414228,
              -36.870636266133104
            ],
            [
              174.7754816912242,
              -36.870560298601774
            ],
            [
              174.77542433584549,
              -36.870741589684286
            ]
          ]
        ]
      }
    },
    {
      "type": "Feature",
      "properties": {
        "@id": "way/81",
        "level": "3",
        "name": "elevator_lv3_3",
        "indoor": "room",
        "highway": "elevator",
        "room": "elevator"
      },
      "geometry": {
        "type": "Polygon",
        "coordinates": [
          [
            [
              174.77590158622877,
              -36.870646732330385
            ],
            [
              174.775920539273,
              -36.8706506337374
            ],
            [
              174.77593737215457,
              -36.87065616448657
            ],
            [
              174.77590851578643,
              -36.870747542023814
            ],
            [
              174.7758736476749,
              -36.870739847077516
            ],
            [
              174.77590158622877,
              -36.870646732330385
            ]
          ]
        ]
      }
    },
    {
      "type": "Feature",
      "properties": {
        "@id": "way/82",
        "level": "3",
        "name": "shops_lv3_7",
        "indoor": "room",
        "shop": "yes"
      },
      "geometry": {
        "type": "Polygon",
        "coordinates": [
          [
            [
              174.77590851578643,
              -36.870747542023814
            ],
            [
              174.77593737215457,
              -36.87065616448657
            ],
            [
              174.775920539273,
              -36.8706506337374
            ],
            [
              174.77593256275972,
              -36.87062947260636
            ],
            [
              174.77644716799202,
              -36.87073527820279
            ],
            [
              174.77667801893725,
              -36.870783371607295
            ],
            [
              174.77663232968771,
              -36.87091803297873
            ],
            [
              174.77647602436033,
              -36.87087643225896
            ],
            [
              174.77647121496562,
              -36.87089182212322
            ],
            [
              174.7765818310436,
              -36.87091298318158
            ],
            [
              174.77647361966305,
              -36.87101494092593
            ],
            [
              174.77640388343997,
              -36.87097839005209
            ],
            [
              174.77634617070362,
              -36.87095722901184
            ],
            [
              174.77626441099378,
              -36.870930296770354
            ],
            [
              174.77620669825743,
              -36.87091490691383
            ],
            [
              174.77616100900792,
              -36.870870661058994
            ],
            [
              174.7761177244556,
              -36.87085527119047
            ],
            [
              174.7759854661015,
              -36.8708264151786
            ],
            [
              174.7759902754962,
              -36.87081872024023
            ],
            [
              174.77593015806247,
              -36.870816796505544
            ],
            [
              174.77592534866784,
              -36.87082449144412
            ],
            [
              174.7758532077475,
              -36.87081102530116
            ],
            [
              174.7758736476749,
              -36.870739847077516
            ],
            [
              174.77590851578643,
              -36.870747542023814
            ]
          ]
        ]
      }
    },
    {
      "type": "Feature",
      "properties": {
        "@id": "way/83",
        "level": "3",
        "name": "shops_lv3_7",
        "indoor": "room",
        "shop": "yes"
      },
      "geometry": {
        "type": "Polygon",
        "coordinates": [
          [
            [
              174.7753666719396,
              -36.87092385553756
            ],
            [
              174.77565602256496,
              -36.870980313782695
            ],
            [
              174.77560792861803,
              -36.87113036462323
            ],
            [
              174.7756319755915,
              -36.87113805953014
            ],
            [
              174.7756920930252,
              -36.87095145781806
            ],
            [
              174.77571133060397,
              -36.87094953408672
            ],
            [
              174.77595420503604,
              -36.87100724600655
            ],
            [
              174.77600229898303,
              -36.87101878838526
            ],
            [
              174.77605520232459,
              -36.87105533923977
            ],
            [
              174.77608165399545,
              -36.87108034770913
            ],
            [
              174.7761465808238,
              -36.871240016974085
            ],
            [
              174.77616581840252,
              -36.87123616952582
            ],
            [
              174.7761994841654,
              -36.87133620311723
            ],
            [
              174.77510053747756,
              -36.871116177136514
            ],
            [
              174.77511256096432,
              -36.87106231275612
            ],
            [
              174.77519672537153,
              -36.87101421952728
            ],
            [
              174.7753313884229,
              -36.871035380551675
            ],
            [
              174.7753666719396,
              -36.87092385553756
            ]
          ]
        ]
      }
    },
    {
      "type": "Feature",
      "properties": {
        "@id": "way/84",
        "level": "3",
        "name": "shops_lv3_8",
        "indoor": "room",
        "shop": "yes"
      },
      "geometry": {
        "type": "Polygon",
        "coordinates": [
          [
            [
              174.77654455823475,
              -36.87139872404535
            ],
            [
              174.7765205112613,
              -36.87128811006083
            ],
            [
              174.7764243233674,
              -36.87130061425836
            ],
            [
              174.77632212373018,
              -36.87133620311723
            ],
            [
              174.7762944697106,
              -36.871356402191864
            ],
            [
              174.77654455823475,
              -36.87139872404535
            ]
          ]
        ]
      }
    },
    {
      "type": "Feature",
      "properties": {
        "@id": "way/85",
        "level": "3",
        "name": "shops_lv3_8",
        "indoor": "room",
        "shop": "yes"
      },
      "geometry": {
        "type": "Polygon",
        "coordinates": [
          [
            [
              174.7765181065639,
              -36.87123905511205
            ],
            [
              174.77643514450546,
              -36.87116210610936
            ],
            [
              174.77634256365758,
              -36.87110631803395
            ],
            [
              174.77623074523098,
              -36.87105918669713
            ],
            [
              174.77619467477072,
              -36.87105341551106
            ],
            [
              174.77617183014587,
              -36.87106207229005
            ],
            [
              174.77616221135656,
              -36.87107361466047
            ],
            [
              174.7761646160539,
              -36.87109381380461
            ],
            [
              174.77620910295474,
              -36.87122077973093
            ],
            [
              174.77625238750701,
              -36.87131888962038
            ],
            [
              174.7765181065639,
              -36.87123905511205
            ]
          ]
        ]
      }
    },
    {
      "type": "Feature",
      "properties": {
        "@id": "way/86",
        "level": "3",
        "name": "shops_lv3_9",
        "indoor": "room",
        "shop": "yes"
      },
      "geometry": {
        "type": "Polygon",
        "coordinates": [
          [
            [
              174.7769932662812,
              -36.87102169311461
            ],
            [
              174.7769413332971,
              -36.87117701498473
            ],
            [
              174.77688121586343,
              -36.87116739635583
            ],
            [
              174.77688121586343,
              -36.87113084555493
            ],
            [
              174.77665998370742,
              -36.87111545573875
            ],
            [
              174.77667441189155,
              -36.871048125256756
            ],
            [
              174.77664555552337,
              -36.87104427779883
            ],
            [
              174.77662631794465,
              -36.87111353201155
            ],
            [
              174.77658543808963,
              -36.87110968455692
            ],
            [
              174.776573414603,
              -36.871107760829574
            ],
            [
              174.77650127368253,
              -36.871034659153224
            ],
            [
              174.77660227097107,
              -36.87094232009365
            ],
            [
              174.77660860615222,
              -36.87091171895256
            ],
            [
              174.77664194847708,
              -36.87091995671085
            ],
            [
              174.77663232968771,
              -36.87094304149296
            ],
            [
              174.77669004242398,
              -36.87095843134388
            ],
            [
              174.77668523302935,
              -36.8709680499991
            ],
            [
              174.7769932662812,
              -36.87102169311461
            ]
          ]
        ]
      }
    },
    {
      "type": "Feature",
      "properties": {
        "@id": "way/87",
        "level": "3",
        "name": "food_court",
        "indoor": "room",
        "amenity": "food_court"
      },
      "geometry": {
        "type": "Polygon",
        "coordinates": [
          [
            [
              174.7766070803658,
              -36.871415556594116
            ],
            [
              174.7767970514562,
              -36.87145210725879
            ],
            [
              174.77681628903497,
              -36.87145403097748
            ],
            [
              174.77691969102094,
              -36.871396319395174
            ],
            [
              174.77691488162628,
              -36.87138477707345
            ],
            [
              174.77692930981036,
              -36.87136553986675
            ],
            [
              174.77703872353936,
              -36.871029609363795
            ],
            [
              174.7769932662812,
              -36.87102169311461
            ],
            [
              174.7769413332971,
              -36.87117701498473
            ],
            [
              174.77688121586343,
              -36.87116739635583
            ],
            [
              174.77688121586343,
              -36.87113084555493
            ],
            [
              174.77665998370742,
              -36.87111545573875
            ],
            [
              174.77667441189155,
              -36.871048125256756
            ],
            [
              174.77664555552337,
              -36.87104427779883
            ],
            [
              174.77662631794465,
              -36.87111353201155
            ],
            [
              174.7765686052082,
              -36.87124242162917
            ],
            [
              174.7766070803658,
              -36.871415556594116
            ]
          ]
        ]
      }
    },
    {
      "type": "Feature",
      "properties": {
        "@id": "way/88",
        "level": "3",
        "name": "escalator_lv3_1",
        "indoor": "room",
        "highway": "steps",
        "conveying": "yes"
      },
      "geometry": {
        "type": "Polygon",
        "coordinates": [
          [
            [
              174.77646820909382,
              -36.872459407838825
            ],
            [
              174.77646820909382,
              -36.87252481338524
            ],
            [
              174.77653133239946,
              -36.87252433246231
            ],
            [
              174.77652111243543,
              -36.872461331532136
            ],
            [
              174.77646820909382,
              -36.872459407838825
            ]
          ]
        ]
      }
    },
    {
      "type": "Feature",
      "properties": {
        "@id": "way/89",
        "level": "3",
        "name": "escalator_lv3_2",
        "indoor": "room",
        "highway": "steps",
        "conveying": "yes"
      },
      "geometry": {
        "type": "Polygon",
        "coordinates": [
          [
            [
              174.77653854649148,
              -36.87191259604249
            ],
            [
              174.7766010686225,
              -36.871908748628115
            ],
            [
              174.77660347331985,
              -36.87210111910916
            ],
            [
              174.77654816528087,
              -36.872106890216095
            ],
            [
              174.77653854649148,
              -36.87191259604249
            ]
          ]
        ]
      }
    },
    {
      "type": "Feature",
      "properties": {
        "@id": "way/90",
        "level": "3",
        "name": "escalator_lv3_3",
        "indoor": "room",
        "highway": "steps",
        "conveying": "yes"
      },
      "geometry": {
        "type": "Polygon",
        "coordinates": [
          [
            [
              174.7765433558862,
              -36.871188316872114
            ],
            [
              174.77640628813745,
              -36.87109886358981
            ],
            [
              174.77643394215687,
              -36.871072893262365
            ],
            [
              174.77656620051098,
              -36.87116907961595
            ],
            [
              174.7765433558862,
              -36.871188316872114
            ]
          ]
        ]
      }
    },
    {
      "type": "Feature",
      "properties": {
        "@id": "way/91",
        "level": "3",
        "name": "escalator_lv3_4",
        "indoor": "room",
        "highway": "steps",
        "conveying": "yes"
      },
      "geometry": {
        "type": "Polygon",
        "coordinates": [
          [
            [
              174.77584358895808,
              -36.870663859441315
            ],
            [
              174.77577685860683,
              -36.87085310698999
            ],
            [
              174.77569630124572,
              -36.87083964085208
            ],
            [
              174.77569810476857,
              -36.87082833891302
            ],
            [
              174.77574740106417,
              -36.87067732561021
            ],
            [
              174.77578828091907,
              -36.87068213495567
            ],
            [
              174.77579789970838,
              -36.87065808822536
            ],
            [
              174.77584358895808,
              -36.870663859441315
            ]
          ]
        ]
      }
    },
    {
      "type": "Feature",
      "properties": {
        "@id": "way/92",
        "level": "3",
        "name": "seats_lv3_2",
        "indoor": "room",
        "amenity": "bench"
      },
      "geometry": {
        "type": "Polygon",
        "coordinates": [
          [
            [
              174.77558808986507,
              -36.87091755204568
            ],
            [
              174.7755387935694,
              -36.87091466644732
            ],
            [
              174.7755123418986,
              -36.87089927658764
            ],
            [
              174.77550031841182,
              -36.87086849685895
            ],
            [
              174.77550031841182,
              -36.870843488320304
            ],
            [
              174.77552196068805,
              -36.870823289109964
            ],
            [
              174.77554721001016,
              -36.870810784834305
            ],
            [
              174.77557606637833,
              -36.87080982296679
            ],
            [
              174.77560612509515,
              -36.870822327242685
            ],
            [
              174.77562416032524,
              -36.870844450187306
            ],
            [
              174.77562776737128,
              -36.870874268059005
            ],
            [
              174.7756097321412,
              -36.87090023845395
            ],
            [
              174.77558808986507,
              -36.87091755204568
            ]
          ]
        ]
      }
    },
    {
      "type": "Feature",
      "properties": {
        "@id": "way/93",
        "level": "3",
        "name": "seats_lv3_3",
        "indoor": "room",
        "amenity": "bench"
      },
      "geometry": {
        "type": "Polygon",
        "coordinates": [
          [
            [
              174.77582254785642,
              -36.87093486563342
            ],
            [
              174.77585380892194,
              -36.87091178084882
            ],
            [
              174.77599328136805,
              -36.87091370458118
            ],
            [
              174.77610750449205,
              -36.870932941901664
            ],
            [
              174.77605580349908,
              -36.87097718772037
            ],
            [
              174.77582254785642,
              -36.87093486563342
            ]
          ]
        ]
      }
    },
    {
      "type": "Feature",
      "properties": {
        "@id": "way/94",
        "level": "3",
        "name": "seats_lv3_5",
        "indoor": "room",
        "amenity": "bench"
      },
      "geometry": {
        "type": "Polygon",
        "coordinates": [
          [
            [
              174.77619647829385,
              -36.87095891227659
            ],
            [
              174.77624096519483,
              -36.870959874142216
            ],
            [
              174.77632633195068,
              -36.87098969196886
            ],
            [
              174.776391258779,
              -36.871023357243104
            ],
            [
              174.77635398597013,
              -36.87105509877369
            ],
            [
              174.77626140512223,
              -36.871007005540314
            ],
            [
              174.7761928712479,
              -36.87099161569925
            ],
            [
              174.77619647829385,
              -36.87095891227659
            ]
          ]
        ]
      }
    },
    {
      "type": "Feature",
      "properties": {
        "@id": "way/95",
        "level": "3",
        "name": "corridor",
        "indoor": "corridor"
      },
      "geometry": {
        "type": "Polygon",
        "coordinates": [
          [
            [
              174.7766764084923,
              -36.871707296196305
            ],
            [
              174.77675852409953,
              -36.87177013349265
            ],
            [
              174.77663473438523,
              -36.871858010833
            ],
            [
              174.77668459105146,
              -36.87262512165617
            ],
            [
              174.77654035001422,
              -36.87263061635649
            ],
            [
              174.77654215353735,
              -36.872569779665945
            ],
            [
              174.77636420593373,
              -36.87259094025943
            ],
            [
              174.77623116700357,
              -36.872579956474986
            ],
            [
              174.77624036402003,
              -36.87254549306846
            ],
            [
              174.77623040620776,
              -36.87251163767262
            ],
            [
              174.77626441099358,
              -36.87251038569599
            ],
            [
              174.77638163998932,
              -36.8725267370769
            ],
            [
              174.77653133239946,
              -36.87252433246231
            ],
            [
              174.77652111243543,
              -36.872461331532136
            ],
            [
              174.77650608307698,
              -36.872089095968335
            ],
            [
              174.77650367837964,
              -36.87198906336286
            ],
            [
              174.77648444080086,
              -36.87191211511573
            ],
            [
              174.77625839925028,
              -36.871917886236936
            ],
            [
              174.77625538403385,
              -36.87188049853363
            ],
            [
              174.77649886898496,
              -36.87187748837917
            ],
            [
              174.77652772535313,
              -36.87170243074873
            ],
            [
              174.77655177232657,
              -36.871604321351874
            ],
            [
              174.77654455823475,
              -36.87139872404535
            ],
            [
              174.7765205112613,
              -36.87128811006083
            ],
            [
              174.7764243233674,
              -36.87130061425836
            ],
            [
              174.77632212373018,
              -36.87133620311723
            ],
            [
              174.7762944697106,
              -36.871356402191864
            ],
            [
              174.7761994841654,
              -36.87133620311723
            ],
            [
              174.77616581840252,
              -36.87123616952582
            ],
            [
              174.7761465808238,
              -36.871240016974085
            ],
            [
              174.77608165399545,
              -36.87108034770913
            ],
            [
              174.77605520232459,
              -36.87105533923977
            ],
            [
              174.77600229898303,
              -36.87101878838526
            ],
            [
              174.77571133060397,
              -36.87094953408672
            ],
            [
              174.7756920930252,
              -36.87095145781806
            ],
            [
              174.7756319755915,
              -36.87113805953014
            ],
            [
              174.77560792861803,
              -36.87113036462323
            ],
            [
              174.77565602256496,
              -36.870980313782695
            ],
            [
              174.7753666719396,
              -36.87092385553756
            ],
            [
              174.77542433584549,
              -36.870741589684286
            ],
            [
              174.7756187497561,
              -36.87077639806549
            ],
            [
              174.77569810476857,
              -36.87082833891302
            ],
            [
              174.77569630124572,
              -36.87083964085208
            ],
            [
              174.77577685860683,
              -36.87085310698999
            ],
            [
              174.77584358895808,
              -36.870663859441315
            ],
            [
              174.7758507414228,
              -36.870636266133104
            ],
            [
              174.77590158622877,
              -36.870646732330385
            ],
            [
              174.7758532077475,
              -36.87081102530116
            ],
            [
              174.77592534866784,
              -36.87082449144412
            ],
            [
              174.77593015806247,
              -36.870816796505544
            ],
            [
              174.7759902754962,
              -36.87081872024023
            ],
            [
              174.7759854661015,
              -36.8708264151786
            ],
            [
              174.7761177244556,
              -36.87085527119047
            ],
            [
              174.77616100900792,
              -36.870870661058994
            ],
            [
              174.77620669825743,
              -36.87091490691383
            ],
            [
              174.7762646262937,
              -36.87093047916685
            ],
            [
              174.77634617070362,
              -36.87095722901184
            ],
            [
              174.77640388343997,
              -36.87097839005209
            ],
            [
              174.77647361966305,
              -36.87101494092593
            ],
            [
              174.7765818310436,
              -36.87091298318158
            ],
            [
              174.77647121496562,
              -36.87089182212322
            ],
            [
              174.77647602436033,
              -36.87087643225896
            ],
            [
              174.77660860615222,
              -36.87091171895256
            ],
            [
              174.77660227097107,
              -36.87094232009365
            ],
            [
              174.77650127368253,
              -36.871034659153224
            ],
            [
              174.776573414603,
              -36.871107760829574
            ],
            [
              174.77662631794465,
              -36.87111353201155
            ],
            [
              174.7765686052082,
              -36.87124242162917
            ],
            [
              174.7766070803658,
              -36.871415556594116
            ],
            [
              174.7766197050267,
              -36.871612978068434
            ],
            [
              174.77660768153996,
              -36.87176110395529
            ],
            [
              174.7766245144214,
              -36.87176879879874
            ],
            [
              174.7766764084923,
              -36.871707296196305
            ]
          ],
          [
            [
              174.77617183014587,
              -36.87106207229005
            ],
            [
              174.7761646160539,
              -36.87109381380461
            ],
            [
              174.77618315956155,
              -36.87114673713071
            ],
            [
              174.77620910295474,
              -36.87122077973093
            ],
            [
              174.77625238750701,
              -36.87131888962038
            ],
            [
              174.7765181065639,
              -36.87123905511205
            ],
            [
              174.77643514450546,
              -36.87116210610936
            ],
            [
              174.77636349970118,
              -36.87111893383884
            ],
            [
              174.77629205309884,
              -36.871085027895816
            ],
            [
              174.77621467537872,
              -36.87105661555986
            ],
            [
              174.77619467477072,
              -36.87105341551106
            ],
            [
              174.77617183014587,
              -36.87106207229005
            ]
          ]
        ]
      }
    },
    {
      "type": "Feature",
      "properties": {
        "@id": "node/96",
        "entrance": "main",
        "level": "1",
        "name": "entry_exit_lv1_1"
      },
      "geometry": {
        "type": "Point",
        "coordinates": [
          174.77692537821844,
          -36.87051938332852
        ]
      }
    },
    {
      "type": "Feature",
      "properties": {
        "@id": "node/97",
        "entrance": "main",
        "level": "1",
        "name": "entry_exit_lv1_2"
      },
      "geometry": {
        "type": "Point",
        "coordinates": [
          174.77588317901314,
          -36.87064730466015
        ]
      }
    },
    {
      "type": "Feature",
      "properties": {
        "@id": "node/98",
        "entrance": "main",
        "level": "1",
        "name": "entry_exit_lv1_3"
      },
      "geometry": {
        "type": "Point",
        "coordinates": [
          174.77550059195926,
          -36.87118524301783
        ]
      }
    },
    {
      "type": "Feature",
      "properties": {
        "@id": "node/99",
        "entrance": "main",
        "level": "1",
        "name": "entry_exit_lv1_4"
      },
      "geometry": {
        "type": "Point",
        "coordinates": [
          174.77681843080833,
          -36.87142885694744
        ]
      }
    },
    {
      "type": "Feature",
      "properties": {
        "@id": "node/100",
        "entrance": "main",
        "level": "1",
        "name": "entry_exit_lv1_5"
      },
      "geometry": {
        "type": "Point",
        "coordinates": [
          174.7767092650053,
          -36.87174905116358
        ]
      }
    },
    {
      "type": "Feature",
      "properties": {
        "@id": "node/102",
        "entrance": "main",
        "level": "1",
        "name": "entry_exit_lv1_7"
      },
      "geometry": {
        "type": "Point",
        "coordinates": [
          174.77687848450293,
          -36.872360619521935
        ]
      }
    },
    {
      "type": "Feature",
      "properties": {
        "@id": "node/103",
        "entrance": "main",
        "level": "1",
        "name": "entry_exit_lv1_8"
      },
      "geometry": {
        "type": "Point",
        "coordinates": [
          174.77713702479284,
          -36.8705769594348
        ]
      }
    },
    {
      "type": "Feature",
      "properties": {
        "@id": "node/104",
        "entrance": "yes",
        "level": "2",
        "name": "entry_exit_lv2_1"
      },
      "geometry": {
        "type": "Point",
        "coordinates": [
          174.775883311582,
          -36.87064316974945
        ]
      }
    },
    {
      "type": "Feature",
      "properties": {
        "@id": "node/105",
        "entrance": "yes",
        "level": "2",
        "name": "entry_exit_lv2_2"
      },
      "geometry": {
        "type": "Point",
        "coordinates": [
          174.77629252905007,
          -36.87257167389645
        ]
      }
    },
    {
      "type": "Feature",
      "properties": {
        "@id": "node/106",
        "entrance": "yes",
        "level": "3",
        "name": "entry_exit_lv3_1"
      },
      "geometry": {
        "type": "Point",
        "coordinates": [
          174.77587160368296,
          -36.87064065434113
        ]
      }
    },
    {
      "type": "Feature",
      "properties": {
        "@id": "node/107",
        "entrance": "yes",
        "level": "3",
        "name": "entry_exit_lv3_1"
      },
      "geometry": {
        "type": "Point",
        "coordinates": [
          174.7762336008099,
          -36.87253755784182
        ]
      }
    },
    {
      "type": "Feature",
      "properties": {
        "@id": "node/108",
        "entrance": "shop",
        "level": "1",
        "name": "DavidJones_lv1_entry-exit"
      },
      "geometry": {
        "type": "Point",
        "coordinates": [
          174.77540268026135,
          -36.87081915671334
        ]
      }
    },
    {
      "type": "Feature",
      "properties": {
        "@id": "node/109",
        "entrance": "shop",
        "level": "1",
        "name": "shops_lv1_entry-exit_1"
      },
      "geometry": {
        "type": "Point",
        "coordinates": [
          174.77556847171329,
          -36.870765930895246
        ]
      }
    },
    {
      "type": "Feature",
      "properties": {
        "@id": "node/110",
        "entrance": "shop",
        "level": "1",
        "name": "shops_lv1_entry-exit_2"
      },
      "geometry": {
        "type": "Point",
        "coordinates": [
          174.7754652022298,
          -36.87094430090691
        ]
      }
    },
    {
      "type": "Feature",
      "properties": {
        "@id": "node/111",
        "entrance": "shop",
        "level": "1",
        "name": "shops_lv1_entry-exit_3"
      },
      "geometry": {
        "type": "Point",
        "coordinates": [
          174.7765541159024,
          -36.870928766128046
        ]
      }
    },
    {
      "type": "Feature",
      "properties": {
        "@id": "node/112",
        "entrance": "shop",
        "level": "1",
        "name": "shops_lv1_entry-exit_4"
      },
      "geometry": {
        "type": "Point",
        "coordinates": [
          174.77690747325974,
          -36.87090548942073
        ]
      }
    },
    {
      "type": "Feature",
      "properties": {
        "@id": "node/113",
        "entrance": "shop",
        "level": "1",
        "name": "shops_lv1_entry-exit_5"
      },
      "geometry": {
        "type": "Point",
        "coordinates": [
          174.77642391485804,
          -36.87084401239363
        ]
      }
    },
    {
      "type": "Feature",
      "properties": {
        "@id": "node/114",
        "entrance": "shop",
        "level": "1",
        "name": "shops_lv1_entry-exit_6"
      },
      "geometry": {
        "type": "Point",
        "coordinates": [
          174.77618165814718,
          -36.87105281506919
        ]
      }
    },
    {
      "type": "Feature",
      "properties": {
        "@id": "node/115",
        "entrance": "shop",
        "level": "1",
        "name": "HandM_lv1_entry-exit"
      },
      "geometry": {
        "type": "Point",
        "coordinates": [
          174.77660333126025,
          -36.87179578022451
        ]
      }
    },
    {
      "type": "Feature",
      "properties": {
        "@id": "node/116",
        "entrance": "shop",
        "level": "1",
        "name": "shops_lv1_entry-exit_7"
      },
      "geometry": {
        "type": "Point",
        "coordinates": [
          174.77664216873566,
          -36.8720131115737
        ]
      }
    },
    {
      "type": "Feature",
      "properties": {
        "@id": "node/117",
        "entrance": "shop",
        "level": "1",
        "name": "shops_lv1_entry-exit_8"
      },
      "geometry": {
        "type": "Point",
        "coordinates": [
          174.7765016534767,
          -36.8720826350644
        ]
      }
    },
    {
      "type": "Feature",
      "properties": {
        "@id": "node/118",
        "entrance": "shop",
        "level": "1",
        "name": "shops_lv1_entry-exit_9"
      },
      "geometry": {
        "type": "Point",
        "coordinates": [
          174.7766353562605,
          -36.872678904630895
        ]
      }
    },
    {
      "type": "Feature",
      "properties": {
        "@id": "node/119",
        "entrance": "shop",
        "level": "1",
        "name": "shops_lv1_entry-exit_10"
      },
      "geometry": {
        "type": "Point",
        "coordinates": [
          174.7765455207235,
          -36.87244553137865
        ]
      }
    },
    {
      "type": "Feature",
      "properties": {
        "@id": "node/120",
        "entrance": "shop",
        "level": "1",
        "name": "shops_lv1_entry-exit_11"
      },
      "geometry": {
        "type": "Point",
        "coordinates": [
          174.77653816707053,
          -36.87232687084018
        ]
      }
    },
    {
      "type": "Feature",
      "properties": {
        "@id": "node/121",
        "entrance": "shop",
        "level": "2",
        "name": "shops_lv2_entry-exit_1"
      },
      "geometry": {
        "type": "Point",
        "coordinates": [
          174.77663392373154,
          -36.872746339283445
        ]
      }
    },
    {
      "type": "Feature",
      "properties": {
        "@id": "node/122",
        "entrance": "shop",
        "level": "2",
        "name": "shops_lv2_entry-exit_2"
      },
      "geometry": {
        "type": "Point",
        "coordinates": [
          174.77651104450635,
          -36.87244420712864
        ]
      }
    },
    {
      "type": "Feature",
      "properties": {
        "@id": "node/123",
        "entrance": "shop",
        "level": "2",
        "name": "shops_lv2_entry-exit_3"
      },
      "geometry": {
        "type": "Point",
        "coordinates": [
          174.77649359171863,
          -36.87203224739499
        ]
      }
    },
    {
      "type": "Feature",
      "properties": {
        "@id": "node/124",
        "entrance": "shop",
        "level": "2",
        "name": "shops_lv2_entry-exit_4"
      },
      "geometry": {
        "type": "Point",
        "coordinates": [
          174.77649560501845,
          -36.871867494035506
        ]
      }
    },
    {
      "type": "Feature",
      "properties": {
        "@id": "node/125",
        "entrance": "shop",
        "level": "2",
        "name": "HandM_lv2_entry-exit"
      },
      "geometry": {
        "type": "Point",
        "coordinates": [
          174.77651769781187,
          -36.87174077242625
        ]
      }
    },
    {
      "type": "Feature",
      "properties": {
        "@id": "node/126",
        "entrance": "shop",
        "level": "2",
        "name": "farmers_lv2_entry-exit"
      },
      "geometry": {
        "type": "Point",
        "coordinates": [
          174.77650751093316,
          -36.8722615877291
        ]
      }
    },
    {
      "type": "Feature",
      "properties": {
        "@id": "node/127",
        "entrance": "shop",
        "level": "2",
        "name": "shops_lv2_entry-exit_6"
      },
      "geometry": {
        "type": "Point",
        "coordinates": [
          174.77663153618218,
          -36.87089672882018
        ]
      }
    },
    {
      "type": "Feature",
      "properties": {
        "@id": "node/128",
        "entrance": "shop",
        "level": "2",
        "name": "shops_lv2_entry-exit_7"
      },
      "geometry": {
        "type": "Point",
        "coordinates": [
          174.77694264982654,
          -36.87095568458728
        ]
      }
    },
    {
      "type": "Feature",
      "properties": {
        "@id": "node/129",
        "entrance": "shop",
        "level": "2",
        "name": "shops_lv2_entry-exit_8"
      },
      "geometry": {
        "type": "Point",
        "coordinates": [
          174.7761597881931,
          -36.871049427983294
        ]
      }
    },
    {
      "type": "Feature",
      "properties": {
        "@id": "node/130",
        "entrance": "shop",
        "level": "2",
        "name": "shops_lv2_entry-exit_9"
      },
      "geometry": {
        "type": "Point",
        "coordinates": [
          174.77629288613096,
          -36.87092466596473
        ]
      }
    },
    {
      "type": "Feature",
      "properties": {
        "@id": "node/131",
        "entrance": "shop",
        "level": "2",
        "name": "shops_lv2_entry-exit_10"
      },
      "geometry": {
        "type": "Point",
        "coordinates": [
          174.77559476659525,
          -36.87078087996859
        ]
      }
    },
    {
      "type": "Feature",
      "properties": {
        "@id": "node/132",
        "entrance": "shop",
        "level": "2",
        "name": "DavidJones_lv2_entry-exit"
      },
      "geometry": {
        "type": "Point",
        "coordinates": [
          174.77539981520277,
          -36.87083036214412
        ]
      }
    },
    {
      "type": "Feature",
      "properties": {
        "@id": "node/133",
        "entrance": "shop",
        "level": "3",
        "name": "food_court_lv3_entry-exit"
      },
      "geometry": {
        "type": "Point",
        "coordinates": [
          174.77660046386657,
          -36.871229080687606
        ]
      }
    },
    {
      "type": "Feature",
      "properties": {
        "@id": "node/134",
        "entrance": "shop",
        "level": "3",
        "name": "shops_lv3_entry-exit_1"
      },
      "geometry": {
        "type": "Point",
        "coordinates": [
          174.77652556076748,
          -36.87131913887841
        ]
      }
    },
    {
      "type": "Feature",
      "properties": {
        "@id": "node/135",
        "entrance": "shop",
        "level": "3",
        "name": "shops_lv3_entry-exit_2"
      },
      "geometry": {
        "type": "Point",
        "coordinates": [
          174.7763380829013,
          -36.87110850820053
        ]
      }
    },
    {
      "type": "Feature",
      "properties": {
        "@id": "node/136",
        "entrance": "shop",
        "level": "3",
        "name": "shops_lv3_entry-exit_3"
      },
      "geometry": {
        "type": "Point",
        "coordinates": [
          174.7765496479941,
          -36.871082345983346
        ]
      }
    },
    {
      "type": "Feature",
      "properties": {
        "@id": "node/137",
        "entrance": "shop",
        "level": "3",
        "name": "shops_lv3_entry-exit_4"
      },
      "geometry": {
        "type": "Point",
        "coordinates": [
          174.7760726202806,
          -36.87084411845884
        ]
      }
    },
    {
      "type": "Feature",
      "properties": {
        "@id": "node/138",
        "entrance": "shop",
        "level": "3",
        "name": "shops_lv3_entry-exit_5"
      },
      "geometry": {
        "type": "Point",
        "coordinates": [
          174.77596734086163,
          -36.87101135576812
        ]
      }
    },
    {
      "type": "Feature",
      "properties": {
        "@id": "node/139",
        "entrance": "shop",
        "level": "3",
        "name": "shops_lv3_entry-exit_6"
      },
      "geometry": {
        "type": "Point",
        "coordinates": [
          174.77556553070195,
          -36.87076517869916
        ]
      }
    },
    {
      "type": "Feature",
      "properties": {
        "@id": "node/140",
        "entrance": "shop",
        "level": "3",
        "name": "Woolworths_lv3_entry-exit"
      },
      "geometry": {
        "type": "Point",
        "coordinates": [
          174.77539924707978,
          -36.87081121432421
        ]
      }
    },
    {
      "type": "Feature",
      "properties": {
        "@id": "node/141",
        "entrance": "shop",
        "level": "3",
        "name": "JB_HiFi_lv3_entry-exit"
      },
      "geometry": {
        "type": "Point",
        "coordinates": [
          174.77654084326372,
          -36.87164110862033
        ]
      }
    },
    {
      "type": "Feature",
      "properties": {
        "@id": "node/142",
        "entrance": "shop",
        "level": "3",
        "name": "shops_lv3_entry-exit_8"
      },
      "geometry": {
        "type": "Point",
        "coordinates": [
          174.77661335650743,
          -36.871708425507116
        ]
      }
    },
    {
      "type": "Feature",
      "properties": {
        "@id": "node/143",
        "entrance": "shop",
        "level": "3",
        "name": "shops_lv3_entry-exit_9"
      },
      "geometry": {
        "type": "Point",
        "coordinates": [
          174.77651342281774,
          -36.87177302551309
        ]
      }
    },
    {
      "type": "Feature",
      "properties": {
        "@id": "node/144",
        "entrance": "shop",
        "level": "3",
        "name": "RS_lv3_entry-exit"
      },
      "geometry": {
        "type": "Point",
        "coordinates": [
          174.77650336026878,
          -36.87202729946072
        ]
      }
    },
    {
      "type": "Feature",
      "properties": {
        "@id": "node/145",
        "entrance": "shop",
        "level": "3",
        "name": "shops_lv3_entry-exit_10"
      },
      "geometry": {
        "type": "Point",
        "coordinates": [
          174.77666109072433,
          -36.87222416748979
        ]
      }
    },
    {
      "type": "Feature",
      "properties": {
        "@id": "node/146",
        "entrance": "shop",
        "level": "3",
        "name": "shops_lv3_entry-exit_11"
      },
      "geometry": {
        "type": "Point",
        "coordinates": [
          174.77654012001813,
          -36.87259863292822
        ]
      }
    },
    {
      "type": "Feature",
      "properties": {
        "@id": "node/147",
        "entrance": "shop",
        "level": "3",
        "name": "NoelLeeming_lv3_entry-exit"
      },
      "geometry": {
        "type": "Point",
        "coordinates": [
          174.77661247603456,
          -36.872628442169805
        ]
      }
    },
    {
      "type": "Feature",
      "properties": {
        "@id": "node/148",
        "entrance": "shop",
        "level": "3",
        "name": "ArchieBros_lv3_entry-exit"
      },
      "geometry": {
        "type": "Point",
        "coordinates": [
          174.77624503576874,
          -36.87251023650967
        ]
      }
    },
    {
      "type": "Feature",
      "properties": {
        "@id": "node/149",
        "entrance": "shop",
        "level": "3",
        "name": "shops_lv3_entry-exit_12"
      },
      "geometry": {
        "type": "Point",
        "coordinates": [
          174.77651181909914,
          -36.8723129918842
        ]
      }
    }
  ]
}