{
  "type": "FeatureCollection",
  "generator": "overpass-turbo",
  "copyright": "The data included in this document is from www.openstreetmap.org. The data is made available under ODbL.",
  "timestamp": "2026-05-14T18:33:54Z",
  "features": [
    {
      "type": "Feature",
      "properties": {
        "@id": "relation/20246451",
        "barrier": "wall",
        "indoor": "corridor",
        "level": "1",
        "type": "multipolygon"
      },
      "geometry": {
        "type": "Polygon",
        "coordinates": [
          [
            [
              174.7105037,
              -36.7288086
            ],
            [
              174.7105519,
              -36.728801
            ],
            [
              174.7105255,
              -36.7287156
            ],
            [
              174.7105148,
              -36.7286779
            ],
            [
              174.7105834,
              -36.7286379
            ],
            [
              174.7107398,
              -36.7285468
            ],
            [
              174.7107603,
              -36.7285272
            ],
            [
              174.7107777,
              -36.7285105
            ],
            [
              174.7108127,
              -36.7284769
            ],
            [
              174.7108475,
              -36.7284436
            ],
            [
              174.7109023,
              -36.7283748
            ],
            [
              174.7109767,
              -36.7283626
            ],
            [
              174.7109596,
              -36.7283355
            ],
            [
              174.7108352,
              -36.7283505
            ],
            [
              174.7108292,
              -36.7283293
            ],
            [
              174.7108206,
              -36.7283017
            ],
            [
              174.7104187,
              -36.7283792
            ],
            [
              174.7104334,
              -36.7284341
            ],
            [
              174.7104422,
              -36.7284674
            ],
            [
              174.7104505,
              -36.7284984
            ],
            [
              174.7104263,
              -36.7285306
            ],
            [
              174.710362,
              -36.7285425
            ],
            [
              174.7102932,
              -36.7285541
            ],
            [
              174.7101366,
              -36.7285796
            ],
            [
              174.7100656,
              -36.728593
            ],
            [
              174.7099328,
              -36.7286166
            ],
            [
              174.7098537,
              -36.7285865
            ],
            [
              174.7098242,
              -36.7284745
            ],
            [
              174.7095886,
              -36.7285172
            ],
            [
              174.7096176,
              -36.7286295
            ],
            [
              174.7095721,
              -36.7286833
            ],
            [
              174.7094902,
              -36.7287005
            ],
            [
              174.7094339,
              -36.7287091
            ],
            [
              174.7094334,
              -36.7287092
            ],
            [
              174.7093187,
              -36.7287282
            ],
            [
              174.7092986,
              -36.7287321
            ],
            [
              174.7092612,
              -36.7287383
            ],
            [
              174.7091639,
              -36.7287575
            ],
            [
              174.7090528,
              -36.7287771
            ],
            [
              174.708914,
              -36.728802
            ],
            [
              174.7088831,
              -36.7288085
            ],
            [
              174.7088629,
              -36.728812
            ],
            [
              174.7088063,
              -36.7288209
            ],
            [
              174.7087446,
              -36.7287822
            ],
            [
              174.7087352,
              -36.7287488
            ],
            [
              174.7087362,
              -36.7287027
            ],
            [
              174.7087365,
              -36.7286887
            ],
            [
              174.7087365,
              -36.7286435
            ],
            [
              174.7088143,
              -36.7285865
            ],
            [
              174.7088854,
              -36.7285349
            ],
            [
              174.7089297,
              -36.7284995
            ],
            [
              174.7089672,
              -36.7284801
            ],
            [
              174.7089404,
              -36.7283694
            ],
            [
              174.7089243,
              -36.7283038
            ],
            [
              174.7088894,
              -36.728249
            ],
            [
              174.7090138,
              -36.7282265
            ],
            [
              174.709006,
              -36.7281942
            ],
            [
              174.7089393,
              -36.7282063
            ],
            [
              174.7088774,
              -36.7282179
            ],
            [
              174.7088398,
              -36.7281964
            ],
            [
              174.7088237,
              -36.7281427
            ],
            [
              174.7087828,
              -36.7281312
            ],
            [
              174.7087392,
              -36.728119
            ],
            [
              174.7087536,
              -36.7280835
            ],
            [
              174.7086662,
              -36.7280852
            ],
            [
              174.7085564,
              -36.7280852
            ],
            [
              174.7084913,
              -36.7279536
            ],
            [
              174.708332,
              -36.7278947
            ],
            [
              174.7082816,
              -36.7278761
            ],
            [
              174.708275,
              -36.7278979
            ],
            [
              174.7084616,
              -36.7279663
            ],
            [
              174.7085139,
              -36.7280846
            ],
            [
              174.7085488,
              -36.7282243
            ],
            [
              174.7085515,
              -36.7283178
            ],
            [
              174.7085542,
              -36.7284533
            ],
            [
              174.7085622,
              -36.7285446
            ],
            [
              174.7085582,
              -36.72865
            ],
            [
              174.7085582,
              -36.7287101
            ],
            [
              174.7085582,
              -36.7287553
            ],
            [
              174.7085327,
              -36.7287854
            ],
            [
              174.7085005,
              -36.7287961
            ],
            [
              174.7084576,
              -36.7287865
            ],
            [
              174.7083825,
              -36.7287596
            ],
            [
              174.7083208,
              -36.728737
            ],
            [
              174.7082551,
              -36.7287134
            ],
            [
              174.7081934,
              -36.7286897
            ],
            [
              174.7081277,
              -36.7286618
            ],
            [
              174.7080137,
              -36.7286188
            ],
            [
              174.7079305,
              -36.7285844
            ],
            [
              174.70783,
              -36.7285446
            ],
            [
              174.7076936,
              -36.7284921
            ],
            [
              174.7076932,
              -36.728492
            ],
            [
              174.7076595,
              -36.728465
            ],
            [
              174.7076274,
              -36.7284488
            ],
            [
              174.7075725,
              -36.728421
            ],
            [
              174.7075341,
              -36.7284063
            ],
            [
              174.7075108,
              -36.7283974
            ],
            [
              174.7075022,
              -36.7283942
            ],
            [
              174.7074384,
              -36.7283705
            ],
            [
              174.707373,
              -36.7283454
            ],
            [
              174.7072519,
              -36.7283329
            ],
            [
              174.7072515,
              -36.7283335
            ],
            [
              174.7072198,
              -36.7283802
            ],
            [
              174.7071849,
              -36.7284361
            ],
            [
              174.7072452,
              -36.7284995
            ],
            [
              174.7073016,
              -36.72855
            ],
            [
              174.7072888,
              -36.7285718
            ],
            [
              174.7074652,
              -36.728636
            ],
            [
              174.7074799,
              -36.7286113
            ],
            [
              174.7075497,
              -36.7286123
            ],
            [
              174.7076261,
              -36.7286113
            ],
            [
              174.707701,
              -36.7286344
            ],
            [
              174.7077734,
              -36.7286599
            ],
            [
              174.7077153,
              -36.728766
            ],
            [
              174.7076765,
              -36.7287528
            ],
            [
              174.7076685,
              -36.7287661
            ],
            [
              174.7076379,
              -36.7288196
            ],
            [
              174.7076851,
              -36.7288392
            ],
            [
              174.707713,
              -36.7288501
            ],
            [
              174.707811,
              -36.7286887
            ],
            [
              174.7078654,
              -36.7287099
            ],
            [
              174.7079453,
              -36.7287381
            ],
            [
              174.7080338,
              -36.7287714
            ],
            [
              174.7081156,
              -36.7288004
            ],
            [
              174.7081773,
              -36.7288262
            ],
            [
              174.7083195,
              -36.7288821
            ],
            [
              174.7084147,
              -36.7289176
            ],
            [
              174.7085005,
              -36.7289498
            ],
            [
              174.7085796,
              -36.7289842
            ],
            [
              174.7085796,
              -36.7290735
            ],
            [
              174.7085796,
              -36.7291547
            ],
            [
              174.7085796,
              -36.7291551
            ],
            [
              174.7087316,
              -36.7291276
            ],
            [
              174.7087309,
              -36.7290527
            ],
            [
              174.7087298,
              -36.7289477
            ],
            [
              174.7087797,
              -36.7289387
            ],
            [
              174.7088701,
              -36.7289224
            ],
            [
              174.7089749,
              -36.7289035
            ],
            [
              174.7090506,
              -36.7288899
            ],
            [
              174.7091267,
              -36.7288758
            ],
            [
              174.7092021,
              -36.7288625
            ],
            [
              174.7092895,
              -36.7288468
            ],
            [
              174.7093489,
              -36.728836
            ],
            [
              174.7094252,
              -36.7288223
            ],
            [
              174.7094567,
              -36.7288166
            ],
            [
              174.7094902,
              -36.7288359
            ],
            [
              174.7095339,
              -36.7289829
            ],
            [
              174.7095781,
              -36.7289779
            ],
            [
              174.7096153,
              -36.7289731
            ],
            [
              174.7095774,
              -36.7288402
            ],
            [
              174.7096136,
              -36.7287854
            ],
            [
              174.7096762,
              -36.7287743
            ],
            [
              174.7097486,
              -36.7287621
            ],
            [
              174.7098925,
              -36.7287359
            ],
            [
              174.7099601,
              -36.7287237
            ],
            [
              174.7100355,
              -36.7287093
            ],
            [
              174.7101608,
              -36.7286865
            ],
            [
              174.7102084,
              -36.7286793
            ],
            [
              174.7102251,
              -36.7286767
            ],
            [
              174.7103662,
              -36.7286519
            ],
            [
              174.7104344,
              -36.7286822
            ],
            [
              174.7104399,
              -36.728702
            ],
            [
              174.7104557,
              -36.7287589
            ],
            [
              174.7104714,
              -36.7288146
            ],
            [
              174.7105037,
              -36.7288086
            ]
          ]
        ]
      },
      "id": "relation/20246451"
    },
    {
      "type": "Feature",
      "properties": {
        "@id": "way/778743575",
        "amenity": "cinema",
        "barrier": "wall",
        "branch": "Albany",
        "brand": "Event Cinemas",
        "brand:wikidata": "Q5416698",
        "brand:wikipedia": "en:Event Cinemas",
        "email": "Albany_Manager@evt.com",
        "indoor": "room",
        "level": "1;2",
        "name": "Event Cinemas",
        "official_name": "Event Cinemas Albany",
        "website": "https://www.eventcinemas.co.nz/cinema/albany"
      },
      "geometry": {
        "type": "Polygon",
        "coordinates": [
          [
            [
              174.7074541,
              -36.7275768
            ],
            [
              174.7072258,
              -36.7279934
            ],
            [
              174.70716,
              -36.7281122
            ],
            [
              174.7074516,
              -36.7282251
            ],
            [
              174.7074529,
              -36.7282256
            ],
            [
              174.7075194,
              -36.7282513
            ],
            [
              174.7075842,
              -36.7282764
            ],
            [
              174.7077781,
              -36.7283514
            ],
            [
              174.7078365,
              -36.728374
            ],
            [
              174.707911,
              -36.7284028
            ],
            [
              174.7079775,
              -36.7284285
            ],
            [
              174.7081116,
              -36.7282222
            ],
            [
              174.7083181,
              -36.7282931
            ],
            [
              174.7083315,
              -36.7282673
            ],
            [
              174.7085488,
              -36.7282243
            ],
            [
              174.7085139,
              -36.7280846
            ],
            [
              174.7084683,
              -36.7280953
            ],
            [
              174.7082162,
              -36.7279986
            ],
            [
              174.708275,
              -36.7278979
            ],
            [
              174.7082816,
              -36.7278761
            ],
            [
              174.7074541,
              -36.7275768
            ]
          ]
        ]
      },
      "id": "way/778743575"
    },
    {
      "type": "Feature",
      "properties": {
        "@id": "way/778743576",
        "amenity": "restaurant",
        "barrier": "wall",
        "brand": "PappaRich",
        "building:part": "yes",
        "cuisine": "noodle;japanese",
        "indoor": "room",
        "level": "1",
        "name": "Tsuru Tsuru",
        "room": "restaurant"
      },
      "geometry": {
        "type": "Polygon",
        "coordinates": [
          [
            [
              174.708275,
              -36.7278979
            ],
            [
              174.7082162,
              -36.7279986
            ],
            [
              174.7084683,
              -36.7280953
            ],
            [
              174.7085139,
              -36.7280846
            ],
            [
              174.7084616,
              -36.7279663
            ],
            [
              174.708275,
              -36.7278979
            ]
          ]
        ]
      },
      "id": "way/778743576"
    },
    {
      "type": "Feature",
      "properties": {
        "@id": "way/778743577",
        "barrier": "wall",
        "brand": "EB Games",
        "brand:wikidata": "Q5322604",
        "brand:wikipedia": "en:EB Games",
        "indoor": "room",
        "level": "1",
        "name": "EB Games",
        "room": "shop",
        "shop": "video_games"
      },
      "geometry": {
        "type": "Polygon",
        "coordinates": [
          [
            [
              174.7083181,
              -36.7282931
            ],
            [
              174.7083677,
              -36.7283178
            ],
            [
              174.7085515,
              -36.7283178
            ],
            [
              174.7085488,
              -36.7282243
            ],
            [
              174.7083315,
              -36.7282673
            ],
            [
              174.7083181,
              -36.7282931
            ]
          ]
        ]
      },
      "id": "way/778743577"
    },
    {
      "type": "Feature",
      "properties": {
        "@id": "way/778743578",
        "barrier": "wall",
        "branch": "Albany",
        "brand": "Whitcoulls",
        "brand:wikidata": "Q7994237",
        "indoor": "room",
        "level": "1;2",
        "name": "Whitcoulls",
        "opening_hours": "Mo,Tu 09:00-22:00; We 09:00-24:00; Th 09:00-18:00; Fr off; Sa 08:00-20:00; Su 10:00-17:30",
        "phone": "+64 9 414 5267",
        "room": "shop",
        "shop": "books"
      },
      "geometry": {
        "type": "Polygon",
        "coordinates": [
          [
            [
              174.7079775,
              -36.7284285
            ],
            [
              174.7080325,
              -36.7284488
            ],
            [
              174.7082081,
              -36.7285134
            ],
            [
              174.7082403,
              -36.7284543
            ],
            [
              174.7085542,
              -36.7284533
            ],
            [
              174.7085515,
              -36.7283178
            ],
            [
              174.7083677,
              -36.7283178
            ],
            [
              174.7083181,
              -36.7282931
            ],
            [
              174.7081116,
              -36.7282222
            ],
            [
              174.7079775,
              -36.7284285
            ]
          ]
        ]
      },
      "id": "way/778743578"
    },
    {
      "type": "Feature",
      "properties": {
        "@id": "way/778743579",
        "barrier": "wall",
        "indoor": "room",
        "level": "1",
        "name": "Acquisitions",
        "shop": "art"
      },
      "geometry": {
        "type": "Polygon",
        "coordinates": [
          [
            [
              174.7082081,
              -36.7285134
            ],
            [
              174.7082764,
              -36.7285406
            ],
            [
              174.7083419,
              -36.7285667
            ],
            [
              174.7084589,
              -36.7286134
            ],
            [
              174.7084603,
              -36.7285446
            ],
            [
              174.7085622,
              -36.7285446
            ],
            [
              174.7085542,
              -36.7284533
            ],
            [
              174.7082403,
              -36.7284543
            ],
            [
              174.7082081,
              -36.7285134
            ]
          ]
        ]
      },
      "id": "way/778743579"
    },
    {
      "type": "Feature",
      "properties": {
        "@id": "way/778743581",
        "barrier": "wall",
        "brand": "2degrees",
        "brand:wikidata": "Q4633463",
        "indoor": "room",
        "level": "1",
        "name": "2degrees",
        "room": "shop",
        "shop": "mobile_phone"
      },
      "geometry": {
        "type": "Polygon",
        "coordinates": [
          [
            [
              174.7084589,
              -36.7286134
            ],
            [
              174.7085582,
              -36.72865
            ],
            [
              174.7085622,
              -36.7285446
            ],
            [
              174.7084603,
              -36.7285446
            ],
            [
              174.7084589,
              -36.7286134
            ]
          ]
        ]
      },
      "id": "way/778743581"
    },
    {
      "type": "Feature",
      "properties": {
        "@id": "way/778743582",
        "barrier": "wall",
        "indoor": "room",
        "level": "1",
        "name": "Walker & Hall",
        "shop": "jewelry"
      },
      "geometry": {
        "type": "Polygon",
        "coordinates": [
          [
            [
              174.7085582,
              -36.72865
            ],
            [
              174.7084589,
              -36.7286134
            ],
            [
              174.7084469,
              -36.7286629
            ],
            [
              174.7085084,
              -36.728689
            ],
            [
              174.7085582,
              -36.7287101
            ],
            [
              174.7085582,
              -36.72865
            ]
          ]
        ]
      },
      "id": "way/778743582"
    },
    {
      "type": "Feature",
      "properties": {
        "@id": "way/778743583",
        "barrier": "wall",
        "indoor": "room",
        "level": "1",
        "name": "Pascoes The Jewllers",
        "shop": "jewelry"
      },
      "geometry": {
        "type": "Polygon",
        "coordinates": [
          [
            [
              174.7085582,
              -36.7287101
            ],
            [
              174.7085084,
              -36.728689
            ],
            [
              174.7084576,
              -36.7287865
            ],
            [
              174.7085005,
              -36.7287961
            ],
            [
              174.7085327,
              -36.7287854
            ],
            [
              174.7085582,
              -36.7287553
            ],
            [
              174.7085582,
              -36.7287101
            ]
          ]
        ]
      },
      "id": "way/778743583"
    },
    {
      "type": "Feature",
      "properties": {
        "@id": "way/778743584",
        "barrier": "wall",
        "brand": "Swarovski",
        "brand:wikidata": "Q611115",
        "brand:wikipedia": "en:Swarovski",
        "indoor": "room",
        "level": "1",
        "name": "Swarovski",
        "shop": "jewelry"
      },
      "geometry": {
        "type": "Polygon",
        "coordinates": [
          [
            [
              174.7084576,
              -36.7287865
            ],
            [
              174.7085084,
              -36.728689
            ],
            [
              174.7084469,
              -36.7286629
            ],
            [
              174.7083825,
              -36.7287596
            ],
            [
              174.7084576,
              -36.7287865
            ]
          ]
        ]
      },
      "id": "way/778743584"
    },
    {
      "type": "Feature",
      "properties": {
        "@id": "way/778743585",
        "barrier": "wall",
        "indoor": "room",
        "level": "1",
        "name": "Redcurrent",
        "shop": "interior_decoration"
      },
      "geometry": {
        "type": "Polygon",
        "coordinates": [
          [
            [
              174.7083825,
              -36.7287596
            ],
            [
              174.7084469,
              -36.7286629
            ],
            [
              174.7084589,
              -36.7286134
            ],
            [
              174.7083419,
              -36.7285667
            ],
            [
              174.7083181,
              -36.7286113
            ],
            [
              174.7083771,
              -36.7286371
            ],
            [
              174.7083208,
              -36.728737
            ],
            [
              174.7083825,
              -36.7287596
            ]
          ]
        ]
      },
      "id": "way/778743585"
    },
    {
      "type": "Feature",
      "properties": {
        "@id": "way/778743586",
        "barrier": "wall",
        "indoor": "room",
        "level": "1",
        "shop": "yes"
      },
      "geometry": {
        "type": "Polygon",
        "coordinates": [
          [
            [
              174.7083208,
              -36.728737
            ],
            [
              174.7083771,
              -36.7286371
            ],
            [
              174.7083181,
              -36.7286113
            ],
            [
              174.7082551,
              -36.7287134
            ],
            [
              174.7083208,
              -36.728737
            ]
          ]
        ]
      },
      "id": "way/778743586"
    },
    {
      "type": "Feature",
      "properties": {
        "@id": "way/778743596",
        "barrier": "wall",
        "indoor": "room",
        "level": "1",
        "name": "Hype DC",
        "shop": "shoes"
      },
      "geometry": {
        "type": "Polygon",
        "coordinates": [
          [
            [
              174.7082551,
              -36.7287134
            ],
            [
              174.7083181,
              -36.7286113
            ],
            [
              174.7083419,
              -36.7285667
            ],
            [
              174.7082764,
              -36.7285406
            ],
            [
              174.7082379,
              -36.7286097
            ],
            [
              174.7081934,
              -36.7286897
            ],
            [
              174.7082551,
              -36.7287134
            ]
          ]
        ]
      },
      "id": "way/778743596"
    },
    {
      "type": "Feature",
      "properties": {
        "@id": "way/778743602",
        "barrier": "wall",
        "indoor": "room",
        "level": "1",
        "shop": "yes"
      },
      "geometry": {
        "type": "Polygon",
        "coordinates": [
          [
            [
              174.7074529,
              -36.7282256
            ],
            [
              174.7071593,
              -36.7281136
            ],
            [
              174.7070884,
              -36.7282426
            ],
            [
              174.7072546,
              -36.7283049
            ],
            [
              174.707252,
              -36.7283321
            ],
            [
              174.7072519,
              -36.7283329
            ],
            [
              174.707373,
              -36.7283454
            ],
            [
              174.7074529,
              -36.7282256
            ]
          ]
        ]
      },
      "id": "way/778743602"
    },
    {
      "type": "Feature",
      "properties": {
        "@id": "way/778743603",
        "barrier": "wall",
        "indoor": "room",
        "level": "1",
        "shop": "yes"
      },
      "geometry": {
        "type": "Polygon",
        "coordinates": [
          [
            [
              174.7070884,
              -36.7282426
            ],
            [
              174.7070628,
              -36.7282892
            ],
            [
              174.7070482,
              -36.7283157
            ],
            [
              174.7072198,
              -36.7283802
            ],
            [
              174.7072515,
              -36.7283335
            ],
            [
              174.7072519,
              -36.7283329
            ],
            [
              174.707252,
              -36.7283321
            ],
            [
              174.7072546,
              -36.7283049
            ],
            [
              174.7070884,
              -36.7282426
            ]
          ]
        ]
      },
      "id": "way/778743603"
    },
    {
      "type": "Feature",
      "properties": {
        "@id": "way/778743604",
        "amenity": "cafe",
        "barrier": "wall",
        "branch": "Albany",
        "brand": "The Coffee Club",
        "brand:wikidata": "Q7726599",
        "cuisine": "coffee_shop",
        "email": "albanythecoffeeclub@gmail.com",
        "indoor": "room",
        "level": "1",
        "name": "The Coffee Club",
        "official_name": "The Coffee Club Albany",
        "opening_hours": "Mo-We,Sa 08:30-18:00; Th,Fr 08:30-21:00; Su 09:00-17:30",
        "phone": "+64 9 443 2763",
        "takeaway": "yes",
        "website": "https://www.thecoffeeclub.co.nz/"
      },
      "geometry": {
        "type": "Polygon",
        "coordinates": [
          [
            [
              174.7072198,
              -36.7283802
            ],
            [
              174.7070482,
              -36.7283157
            ],
            [
              174.7070143,
              -36.7283775
            ],
            [
              174.7071849,
              -36.7284361
            ],
            [
              174.7072198,
              -36.7283802
            ]
          ]
        ]
      },
      "id": "way/778743604"
    },
    {
      "type": "Feature",
      "properties": {
        "@id": "way/778743607",
        "barrier": "wall",
        "brand": "Kookaï",
        "brand:wikidata": "Q1783759",
        "brand:wikipedia": "fr:Kookaï",
        "indoor": "room",
        "level": "1",
        "name": "Kookaï",
        "shop": "clothes"
      },
      "geometry": {
        "type": "Polygon",
        "coordinates": [
          [
            [
              174.7071849,
              -36.7284361
            ],
            [
              174.7070143,
              -36.7283775
            ],
            [
              174.7069231,
              -36.7285434
            ],
            [
              174.7071406,
              -36.7286231
            ],
            [
              174.707197,
              -36.728522
            ],
            [
              174.7072452,
              -36.7284995
            ],
            [
              174.7071849,
              -36.7284361
            ]
          ]
        ]
      },
      "id": "way/778743607"
    },
    {
      "type": "Feature",
      "properties": {
        "@id": "way/778743608",
        "barrier": "wall",
        "indoor": "room",
        "level": "1",
        "shop": "yes"
      },
      "geometry": {
        "type": "Polygon",
        "coordinates": [
          [
            [
              174.7072452,
              -36.7284995
            ],
            [
              174.707197,
              -36.728522
            ],
            [
              174.7071406,
              -36.7286231
            ],
            [
              174.7072372,
              -36.7286596
            ],
            [
              174.7072888,
              -36.7285718
            ],
            [
              174.7073016,
              -36.72855
            ],
            [
              174.7072452,
              -36.7284995
            ]
          ]
        ]
      },
      "id": "way/778743608"
    },
    {
      "type": "Feature",
      "properties": {
        "@id": "way/778743609",
        "barrier": "wall",
        "branch": "Albany",
        "brand": "Farmers",
        "brand:wikidata": "Q5435806",
        "indoor": "room",
        "level": "0;1",
        "name": "Farmers",
        "official_name": "Farmers Albany",
        "opening_hours": "Mo-We,Sa 09:00-18:00; Th,Fr 09:00-21:00; Su 10:00-17:30",
        "phone": "+64 9 414 3850",
        "room": "shop",
        "shop": "department_store",
        "toilets": "no",
        "website": "https://www.farmers.co.nz/"
      },
      "geometry": {
        "type": "Polygon",
        "coordinates": [
          [
            [
              174.7072888,
              -36.7285718
            ],
            [
              174.7072372,
              -36.7286596
            ],
            [
              174.7071688,
              -36.7286338
            ],
            [
              174.7071406,
              -36.7286231
            ],
            [
              174.7070812,
              -36.7286013
            ],
            [
              174.7070784,
              -36.7286003
            ],
            [
              174.7069982,
              -36.7285709
            ],
            [
              174.7069231,
              -36.7285434
            ],
            [
              174.7066459,
              -36.729048
            ],
            [
              174.7065971,
              -36.7291369
            ],
            [
              174.7067138,
              -36.7291881
            ],
            [
              174.7069123,
              -36.7293206
            ],
            [
              174.707175,
              -36.729427
            ],
            [
              174.7072922,
              -36.7292096
            ],
            [
              174.7074298,
              -36.7292589
            ],
            [
              174.7075959,
              -36.7289862
            ],
            [
              174.7076712,
              -36.728862
            ],
            [
              174.7076851,
              -36.7288392
            ],
            [
              174.7076379,
              -36.7288196
            ],
            [
              174.7076002,
              -36.7288044
            ],
            [
              174.7075328,
              -36.7287769
            ],
            [
              174.7074719,
              -36.728752
            ],
            [
              174.7074089,
              -36.7287263
            ],
            [
              174.7074652,
              -36.728636
            ],
            [
              174.7072888,
              -36.7285718
            ]
          ]
        ]
      },
      "id": "way/778743609"
    },
    {
      "type": "Feature",
      "properties": {
        "@id": "way/778743610",
        "barrier": "wall",
        "brand": "Postie",
        "brand:wikidata": "Q110299434",
        "indoor": "room",
        "level": "1",
        "name": "Postie",
        "shop": "clothes"
      },
      "geometry": {
        "type": "Polygon",
        "coordinates": [
          [
            [
              174.7074298,
              -36.7292589
            ],
            [
              174.7072922,
              -36.7292096
            ],
            [
              174.707175,
              -36.729427
            ],
            [
              174.7074151,
              -36.7295306
            ],
            [
              174.7075691,
              -36.7296665
            ],
            [
              174.7077788,
              -36.7295139
            ],
            [
              174.7076365,
              -36.729459
            ],
            [
              174.7076987,
              -36.7293555
            ],
            [
              174.7074298,
              -36.7292589
            ]
          ]
        ]
      },
      "id": "way/778743610"
    },
    {
      "type": "Feature",
      "properties": {
        "@id": "way/778743611",
        "barrier": "wall",
        "brand": "Number One Shoes",
        "brand:wikidata": "Q111015103",
        "indoor": "room",
        "level": "1",
        "name": "Number One Shoes",
        "room": "shop",
        "shop": "shoes"
      },
      "geometry": {
        "type": "Polygon",
        "coordinates": [
          [
            [
              174.7076987,
              -36.7293555
            ],
            [
              174.7077622,
              -36.72925
            ],
            [
              174.7079924,
              -36.7293389
            ],
            [
              174.7081118,
              -36.7292411
            ],
            [
              174.7080901,
              -36.7291723
            ],
            [
              174.7079908,
              -36.7291349
            ],
            [
              174.7078528,
              -36.7290829
            ],
            [
              174.7077617,
              -36.7290486
            ],
            [
              174.7076781,
              -36.7290183
            ],
            [
              174.7075959,
              -36.7289862
            ],
            [
              174.7074298,
              -36.7292589
            ],
            [
              174.7076987,
              -36.7293555
            ]
          ]
        ]
      },
      "id": "way/778743611"
    },
    {
      "type": "Feature",
      "properties": {
        "@id": "way/778743612",
        "barrier": "wall",
        "indoor": "room",
        "level": "1",
        "shop": "yes"
      },
      "geometry": {
        "type": "Polygon",
        "coordinates": [
          [
            [
              174.7081934,
              -36.7286897
            ],
            [
              174.7082379,
              -36.7286097
            ],
            [
              174.7082764,
              -36.7285406
            ],
            [
              174.7082081,
              -36.7285134
            ],
            [
              174.7081277,
              -36.7286618
            ],
            [
              174.7081934,
              -36.7286897
            ]
          ]
        ]
      },
      "id": "way/778743612"
    },
    {
      "type": "Feature",
      "properties": {
        "@id": "way/778743614",
        "barrier": "wall",
        "brand": "Forever New",
        "brand:wikidata": "Q119221929",
        "clothes": "women",
        "indoor": "room",
        "level": "1",
        "name": "Forever New",
        "shop": "clothes"
      },
      "geometry": {
        "type": "Polygon",
        "coordinates": [
          [
            [
              174.7081277,
              -36.7286618
            ],
            [
              174.7082081,
              -36.7285134
            ],
            [
              174.7080325,
              -36.7284488
            ],
            [
              174.708015,
              -36.7284769
            ],
            [
              174.7080781,
              -36.7285016
            ],
            [
              174.7080137,
              -36.7286188
            ],
            [
              174.7081277,
              -36.7286618
            ]
          ]
        ]
      },
      "id": "way/778743614"
    },
    {
      "type": "Feature",
      "properties": {
        "@id": "way/778743615",
        "barrier": "wall",
        "indoor": "room",
        "level": "1",
        "name": "Dotti",
        "shop": "clothes"
      },
      "geometry": {
        "type": "Polygon",
        "coordinates": [
          [
            [
              174.7080137,
              -36.7286188
            ],
            [
              174.7080781,
              -36.7285016
            ],
            [
              174.708015,
              -36.7284769
            ],
            [
              174.7079942,
              -36.7284683
            ],
            [
              174.7079305,
              -36.7285844
            ],
            [
              174.7080137,
              -36.7286188
            ]
          ]
        ]
      },
      "id": "way/778743615"
    },
    {
      "type": "Feature",
      "properties": {
        "@id": "way/778743616",
        "barrier": "wall",
        "indoor": "room",
        "level": "1",
        "shop": "yes"
      },
      "geometry": {
        "type": "Polygon",
        "coordinates": [
          [
            [
              174.7079942,
              -36.7284683
            ],
            [
              174.708015,
              -36.7284769
            ],
            [
              174.7080325,
              -36.7284488
            ],
            [
              174.7079775,
              -36.7284285
            ],
            [
              174.707911,
              -36.7284028
            ],
            [
              174.70783,
              -36.7285446
            ],
            [
              174.7079305,
              -36.7285844
            ],
            [
              174.7079942,
              -36.7284683
            ]
          ]
        ]
      },
      "id": "way/778743616"
    },
    {
      "type": "Feature",
      "properties": {
        "@id": "way/778743617",
        "barrier": "wall",
        "indoor": "room",
        "level": "1",
        "name": "Max",
        "not:brand:wikidata": "Q24939079",
        "shop": "clothes"
      },
      "geometry": {
        "type": "Polygon",
        "coordinates": [
          [
            [
              174.70783,
              -36.7285446
            ],
            [
              174.707911,
              -36.7284028
            ],
            [
              174.7078365,
              -36.728374
            ],
            [
              174.7077781,
              -36.7283514
            ],
            [
              174.7076932,
              -36.728492
            ],
            [
              174.7076936,
              -36.7284921
            ],
            [
              174.70783,
              -36.7285446
            ]
          ]
        ]
      },
      "id": "way/778743617"
    },
    {
      "type": "Feature",
      "properties": {
        "@id": "way/778743621",
        "barrier": "wall",
        "indoor": "shop",
        "level": "1",
        "shop": "yes"
      },
      "geometry": {
        "type": "Polygon",
        "coordinates": [
          [
            [
              174.7075725,
              -36.728421
            ],
            [
              174.7076274,
              -36.7284488
            ],
            [
              174.7076851,
              -36.728363
            ],
            [
              174.7076263,
              -36.7283402
            ],
            [
              174.7075725,
              -36.728421
            ]
          ]
        ]
      },
      "id": "way/778743621"
    },
    {
      "type": "Feature",
      "properties": {
        "@id": "way/778743626",
        "barrier": "wall",
        "indoor": "room",
        "level": "1",
        "shop": "yes"
      },
      "geometry": {
        "type": "Polygon",
        "coordinates": [
          [
            [
              174.7076263,
              -36.7283402
            ],
            [
              174.7076851,
              -36.728363
            ],
            [
              174.7076274,
              -36.7284488
            ],
            [
              174.7076595,
              -36.728465
            ],
            [
              174.7076932,
              -36.728492
            ],
            [
              174.7077781,
              -36.7283514
            ],
            [
              174.7076509,
              -36.7283024
            ],
            [
              174.7076263,
              -36.7283402
            ]
          ]
        ]
      },
      "id": "way/778743626"
    },
    {
      "type": "Feature",
      "properties": {
        "@id": "way/778743627",
        "barrier": "wall",
        "indoor": "room",
        "level": "1",
        "shop": "yes"
      },
      "geometry": {
        "type": "Polygon",
        "coordinates": [
          [
            [
              174.7074652,
              -36.728636
            ],
            [
              174.7074089,
              -36.7287263
            ],
            [
              174.7074719,
              -36.728752
            ],
            [
              174.7075497,
              -36.7286123
            ],
            [
              174.7074799,
              -36.7286113
            ],
            [
              174.7074652,
              -36.728636
            ]
          ]
        ]
      },
      "id": "way/778743627"
    },
    {
      "type": "Feature",
      "properties": {
        "@id": "way/778743628",
        "barrier": "wall",
        "indoor": "room",
        "level": "1",
        "name": "yd.",
        "shop": "clothes"
      },
      "geometry": {
        "type": "Polygon",
        "coordinates": [
          [
            [
              174.7075497,
              -36.7286123
            ],
            [
              174.7074719,
              -36.728752
            ],
            [
              174.7075328,
              -36.7287769
            ],
            [
              174.7076261,
              -36.7286113
            ],
            [
              174.7075497,
              -36.7286123
            ]
          ]
        ]
      },
      "id": "way/778743628"
    },
    {
      "type": "Feature",
      "properties": {
        "@id": "way/778743630",
        "barrier": "wall",
        "indoor": "room",
        "level": "1",
        "shop": "yes"
      },
      "geometry": {
        "type": "Polygon",
        "coordinates": [
          [
            [
              174.7075328,
              -36.7287769
            ],
            [
              174.7076002,
              -36.7288044
            ],
            [
              174.7076313,
              -36.728752
            ],
            [
              174.707701,
              -36.7286344
            ],
            [
              174.7076261,
              -36.7286113
            ],
            [
              174.7075328,
              -36.7287769
            ]
          ]
        ]
      },
      "id": "way/778743630"
    },
    {
      "type": "Feature",
      "properties": {
        "@id": "way/778743631",
        "barrier": "wall",
        "indoor": "room",
        "level": "1",
        "shop": "yes"
      },
      "geometry": {
        "type": "Polygon",
        "coordinates": [
          [
            [
              174.707701,
              -36.7286344
            ],
            [
              174.7076313,
              -36.728752
            ],
            [
              174.7076685,
              -36.7287661
            ],
            [
              174.7076765,
              -36.7287528
            ],
            [
              174.7077153,
              -36.728766
            ],
            [
              174.7077734,
              -36.7286599
            ],
            [
              174.707701,
              -36.7286344
            ]
          ]
        ]
      },
      "id": "way/778743631"
    },
    {
      "type": "Feature",
      "properties": {
        "@id": "way/778743632",
        "barrier": "wall",
        "brand": "Barkers",
        "indoor": "room",
        "level": "1",
        "name": "Barkers Yacht Club Albany",
        "opening_hours": "Mo-We,Sa 09:00-18:00; Th,Fr 09:00-21:00; Su 10:00-17:30",
        "phone": "+64 9 443 4236",
        "shop": "clothes",
        "website": "https://www.barkersonline.co.nz/storelocator/auckland/yacht_club_-_albany/"
      },
      "geometry": {
        "type": "Polygon",
        "coordinates": [
          [
            [
              174.7076851,
              -36.7288392
            ],
            [
              174.7075959,
              -36.7289862
            ],
            [
              174.7076781,
              -36.7290183
            ],
            [
              174.7077543,
              -36.7288929
            ],
            [
              174.7078077,
              -36.7288049
            ],
            [
              174.7078654,
              -36.7287099
            ],
            [
              174.707811,
              -36.7286887
            ],
            [
              174.707713,
              -36.7288501
            ],
            [
              174.7076851,
              -36.7288392
            ]
          ]
        ]
      },
      "id": "way/778743632"
    },
    {
      "type": "Feature",
      "properties": {
        "@id": "way/778743633",
        "barrier": "wall",
        "indoor": "room",
        "level": "1",
        "shop": "yes"
      },
      "geometry": {
        "type": "Polygon",
        "coordinates": [
          [
            [
              174.7078654,
              -36.7287099
            ],
            [
              174.7078077,
              -36.7288049
            ],
            [
              174.7077543,
              -36.7288929
            ],
            [
              174.7076781,
              -36.7290183
            ],
            [
              174.7077617,
              -36.7290486
            ],
            [
              174.7079453,
              -36.7287381
            ],
            [
              174.7078654,
              -36.7287099
            ]
          ]
        ]
      },
      "id": "way/778743633"
    },
    {
      "type": "Feature",
      "properties": {
        "@id": "way/778743635",
        "barrier": "wall",
        "indoor": "room",
        "level": "1",
        "name": "Mirrou",
        "shop": "clothes"
      },
      "geometry": {
        "type": "Polygon",
        "coordinates": [
          [
            [
              174.7080338,
              -36.7287714
            ],
            [
              174.7078528,
              -36.7290829
            ],
            [
              174.7079908,
              -36.7291349
            ],
            [
              174.7080587,
              -36.7290196
            ],
            [
              174.7081156,
              -36.728923
            ],
            [
              174.7080553,
              -36.7289015
            ],
            [
              174.7081156,
              -36.7288004
            ],
            [
              174.7080338,
              -36.7287714
            ]
          ]
        ]
      },
      "id": "way/778743635"
    },
    {
      "type": "Feature",
      "properties": {
        "@id": "way/778743636",
        "barrier": "wall",
        "brand": "Kiehl's",
        "brand:wikidata": "Q3196447",
        "indoor": "room",
        "level": "1",
        "name": "Kiehl's",
        "shop": "cosmetics"
      },
      "geometry": {
        "type": "Polygon",
        "coordinates": [
          [
            [
              174.7081156,
              -36.7288004
            ],
            [
              174.7080553,
              -36.7289015
            ],
            [
              174.7081156,
              -36.728923
            ],
            [
              174.7081773,
              -36.7288262
            ],
            [
              174.7081156,
              -36.7288004
            ]
          ]
        ]
      },
      "id": "way/778743636"
    },
    {
      "type": "Feature",
      "properties": {
        "@id": "way/778743637",
        "barrier": "wall",
        "indoor": "room",
        "level": "1",
        "name": "Mecca Maxima",
        "shop": "cosmetics"
      },
      "geometry": {
        "type": "Polygon",
        "coordinates": [
          [
            [
              174.7081773,
              -36.7288262
            ],
            [
              174.7081156,
              -36.728923
            ],
            [
              174.7080587,
              -36.7290196
            ],
            [
              174.7082967,
              -36.72911
            ],
            [
              174.7083128,
              -36.7290821
            ],
            [
              174.7082229,
              -36.7290477
            ],
            [
              174.7083195,
              -36.7288821
            ],
            [
              174.7081773,
              -36.7288262
            ]
          ]
        ]
      },
      "id": "way/778743637"
    },
    {
      "type": "Feature",
      "properties": {
        "@id": "way/778743638",
        "barrier": "wall",
        "indoor": "room",
        "level": "1",
        "shop": "yes"
      },
      "geometry": {
        "type": "Polygon",
        "coordinates": [
          [
            [
              174.7082967,
              -36.72911
            ],
            [
              174.7080587,
              -36.7290196
            ],
            [
              174.7079908,
              -36.7291349
            ],
            [
              174.7080901,
              -36.7291723
            ],
            [
              174.7081118,
              -36.7292411
            ],
            [
              174.7082369,
              -36.729218
            ],
            [
              174.7082967,
              -36.72911
            ]
          ]
        ]
      },
      "id": "way/778743638"
    },
    {
      "type": "Feature",
      "properties": {
        "@id": "way/778743639",
        "barrier": "wall",
        "indoor": "room",
        "level": "1",
        "room": "shop"
      },
      "geometry": {
        "type": "Polygon",
        "coordinates": [
          [
            [
              174.7082967,
              -36.72911
            ],
            [
              174.7082369,
              -36.729218
            ],
            [
              174.708415,
              -36.7291851
            ],
            [
              174.7083946,
              -36.72911
            ],
            [
              174.7083128,
              -36.7290821
            ],
            [
              174.7082967,
              -36.72911
            ]
          ]
        ]
      },
      "id": "way/778743639"
    },
    {
      "type": "Feature",
      "properties": {
        "@id": "way/778743640",
        "barrier": "wall",
        "indoor": "room",
        "level": "1"
      },
      "geometry": {
        "type": "Polygon",
        "coordinates": [
          [
            [
              174.7083128,
              -36.7290821
            ],
            [
              174.7084147,
              -36.7289176
            ],
            [
              174.7083195,
              -36.7288821
            ],
            [
              174.7082229,
              -36.7290477
            ],
            [
              174.7083128,
              -36.7290821
            ]
          ]
        ]
      },
      "id": "way/778743640"
    },
    {
      "type": "Feature",
      "properties": {
        "@id": "way/778743641",
        "barrier": "wall",
        "indoor": "room",
        "level": "1",
        "name": "Tarocash",
        "shop": "tailor"
      },
      "geometry": {
        "type": "Polygon",
        "coordinates": [
          [
            [
              174.7084147,
              -36.7289176
            ],
            [
              174.7083128,
              -36.7290821
            ],
            [
              174.7083946,
              -36.72911
            ],
            [
              174.7084421,
              -36.7290381
            ],
            [
              174.7085005,
              -36.7289498
            ],
            [
              174.7084147,
              -36.7289176
            ]
          ]
        ]
      },
      "id": "way/778743641"
    },
    {
      "type": "Feature",
      "properties": {
        "@id": "way/778743642",
        "barrier": "wall",
        "brand": "Michael Hill",
        "brand:wikidata": "Q3308250",
        "brand:wikipedia": "en:Michael Hill Jeweller",
        "indoor": "room",
        "level": "1",
        "name": "Michael Hill",
        "shop": "jewelry"
      },
      "geometry": {
        "type": "Polygon",
        "coordinates": [
          [
            [
              174.7084421,
              -36.7290381
            ],
            [
              174.7085421,
              -36.7290756
            ],
            [
              174.7085796,
              -36.7290735
            ],
            [
              174.7085796,
              -36.7289842
            ],
            [
              174.7085005,
              -36.7289498
            ],
            [
              174.7084421,
              -36.7290381
            ]
          ]
        ]
      },
      "id": "way/778743642"
    },
    {
      "type": "Feature",
      "properties": {
        "@id": "way/778743645",
        "amenity": "cafe",
        "barrier": "wall",
        "branch": "Westfield Albany",
        "brand": "Starbucks",
        "brand:wikidata": "Q37158",
        "cuisine": "coffee_shop",
        "indoor": "room",
        "level": "1",
        "name": "Starbucks",
        "official_name": "Starbucks Coffee",
        "opening_hours": "Mo,Tu,We,Sa 07:30-18:00; Th,Fr 07:30-21:00; Su 07:30-17:30",
        "room": "shop",
        "takeaway": "yes"
      },
      "geometry": {
        "type": "Polygon",
        "coordinates": [
          [
            [
              174.7085796,
              -36.7290735
            ],
            [
              174.7085421,
              -36.7290756
            ],
            [
              174.7084421,
              -36.7290381
            ],
            [
              174.7083946,
              -36.72911
            ],
            [
              174.7084166,
              -36.7291848
            ],
            [
              174.7085796,
              -36.7291547
            ],
            [
              174.7085796,
              -36.7290735
            ]
          ]
        ]
      },
      "id": "way/778743645"
    },
    {
      "type": "Feature",
      "properties": {
        "@id": "way/778743646",
        "barrier": "wall",
        "indoor": "room",
        "level": "1"
      },
      "geometry": {
        "type": "Polygon",
        "coordinates": [
          [
            [
              174.7089543,
              -36.7279141
            ],
            [
              174.7088111,
              -36.7279423
            ],
            [
              174.7087678,
              -36.7280485
            ],
            [
              174.7089391,
              -36.728091
            ],
            [
              174.7089503,
              -36.7281204
            ],
            [
              174.7089836,
              -36.7281148
            ],
            [
              174.7090034,
              -36.7281114
            ],
            [
              174.7089851,
              -36.7280376
            ],
            [
              174.7089543,
              -36.7279141
            ]
          ]
        ]
      },
      "id": "way/778743646"
    },
    {
      "type": "Feature",
      "properties": {
        "@id": "way/778743647",
        "amenity": "restaurant",
        "barrier": "wall",
        "indoor": "room",
        "level": "1",
        "name": "Paper Moon",
        "room": "restaurant"
      },
      "geometry": {
        "type": "Polygon",
        "coordinates": [
          [
            [
              174.7087678,
              -36.7280485
            ],
            [
              174.7087536,
              -36.7280835
            ],
            [
              174.7087392,
              -36.728119
            ],
            [
              174.7087828,
              -36.7281312
            ],
            [
              174.7088237,
              -36.7281427
            ],
            [
              174.7089142,
              -36.7281267
            ],
            [
              174.7089503,
              -36.7281204
            ],
            [
              174.7089391,
              -36.728091
            ],
            [
              174.7087678,
              -36.7280485
            ]
          ]
        ]
      },
      "id": "way/778743647"
    },
    {
      "type": "Feature",
      "properties": {
        "@id": "way/778743650",
        "amenity": "pub",
        "barrier": "wall",
        "indoor": "room",
        "level": "1",
        "name": "The Merchant Pub Co."
      },
      "geometry": {
        "type": "Polygon",
        "coordinates": [
          [
            [
              174.7089851,
              -36.7280376
            ],
            [
              174.7093843,
              -36.727962
            ],
            [
              174.7093491,
              -36.7278364
            ],
            [
              174.7091276,
              -36.72788
            ],
            [
              174.7089543,
              -36.7279141
            ],
            [
              174.7089851,
              -36.7280376
            ]
          ]
        ]
      },
      "id": "way/778743650"
    },
    {
      "type": "Feature",
      "properties": {
        "@id": "way/778743655",
        "amenity": "restaurant",
        "barrier": "wall",
        "indoor": "room",
        "level": "1",
        "name": "Mama Loco",
        "room": "restaurant"
      },
      "geometry": {
        "type": "Polygon",
        "coordinates": [
          [
            [
              174.7093843,
              -36.727962
            ],
            [
              174.7099051,
              -36.7278722
            ],
            [
              174.7098808,
              -36.7278416
            ],
            [
              174.709869,
              -36.7278268
            ],
            [
              174.7098531,
              -36.7278067
            ],
            [
              174.7097201,
              -36.7278334
            ],
            [
              174.709714,
              -36.7278154
            ],
            [
              174.7097044,
              -36.7277869
            ],
            [
              174.7096947,
              -36.7277583
            ],
            [
              174.7093491,
              -36.7278364
            ],
            [
              174.7093843,
              -36.727962
            ]
          ]
        ]
      },
      "id": "way/778743655"
    },
    {
      "type": "Feature",
      "properties": {
        "@id": "way/778743664",
        "barrier": "wall",
        "branch": "Albany",
        "brand": "Kmart",
        "brand:wikidata": "Q6421682",
        "building:part": "yes",
        "indoor": "room",
        "level": "1",
        "name": "Kmart",
        "official_name": "Kmart Albany",
        "opening_hours": "Mo-Su 08:00-24:00",
        "phone": "+64 9 442 8400",
        "shop": "department_store",
        "toilets": "no",
        "website": "https://www.kmart.co.nz/"
      },
      "geometry": {
        "type": "Polygon",
        "coordinates": [
          [
            [
              174.7099051,
              -36.7278722
            ],
            [
              174.7093843,
              -36.727962
            ],
            [
              174.7089851,
              -36.7280376
            ],
            [
              174.7090034,
              -36.7281114
            ],
            [
              174.7089836,
              -36.7281148
            ],
            [
              174.709006,
              -36.7281942
            ],
            [
              174.7090138,
              -36.7282265
            ],
            [
              174.7090303,
              -36.7282874
            ],
            [
              174.709048,
              -36.7283528
            ],
            [
              174.709093,
              -36.7284943
            ],
            [
              174.7091245,
              -36.7286036
            ],
            [
              174.7092524,
              -36.7285779
            ],
            [
              174.7094475,
              -36.7285428
            ],
            [
              174.7095294,
              -36.7285279
            ],
            [
              174.7095886,
              -36.7285172
            ],
            [
              174.7098242,
              -36.7284745
            ],
            [
              174.709857,
              -36.7284686
            ],
            [
              174.7098898,
              -36.7284626
            ],
            [
              174.7100256,
              -36.728438
            ],
            [
              174.7100961,
              -36.7284252
            ],
            [
              174.7102122,
              -36.7284043
            ],
            [
              174.7102547,
              -36.7283982
            ],
            [
              174.710227,
              -36.7283195
            ],
            [
              174.7101057,
              -36.7279747
            ],
            [
              174.7100947,
              -36.7279284
            ],
            [
              174.7100559,
              -36.7279347
            ],
            [
              174.7100172,
              -36.727941
            ],
            [
              174.7099916,
              -36.7278559
            ],
            [
              174.7099635,
              -36.7278612
            ],
            [
              174.7099051,
              -36.7278722
            ]
          ]
        ]
      },
      "id": "way/778743664"
    },
    {
      "type": "Feature",
      "properties": {
        "@id": "way/778743665",
        "barrier": "wall",
        "branch": "Albany",
        "brand": "New World",
        "brand:wikidata": "Q7012488",
        "building:part": "yes",
        "indoor": "room",
        "level": "1",
        "name": "New World",
        "official_name": "New World Albany",
        "opening_hours": "Mo-Su 07:30-22:00",
        "phone": "+64 9 414 6333",
        "room": "shop",
        "shop": "supermarket",
        "website": "https://www.newworld.co.nz/upper-north-island/auckland/albany/",
        "wheelchair": "yes"
      },
      "geometry": {
        "type": "Polygon",
        "coordinates": [
          [
            [
              174.7101057,
              -36.7279747
            ],
            [
              174.710227,
              -36.7283195
            ],
            [
              174.7102547,
              -36.7283982
            ],
            [
              174.7102579,
              -36.7284082
            ],
            [
              174.7103248,
              -36.7283973
            ],
            [
              174.7103518,
              -36.7283921
            ],
            [
              174.7103741,
              -36.7283878
            ],
            [
              174.7104187,
              -36.7283792
            ],
            [
              174.7108206,
              -36.7283017
            ],
            [
              174.7107026,
              -36.7278696
            ],
            [
              174.7101057,
              -36.7279747
            ]
          ]
        ]
      },
      "id": "way/778743665"
    },
    {
      "type": "Feature",
      "properties": {
        "@id": "way/778743670",
        "barrier": "wall",
        "brand": "Foot Locker",
        "brand:wikidata": "Q63335",
        "building:part": "yes",
        "indoor": "room",
        "level": "1",
        "name": "Foot Locker",
        "shop": "shoes"
      },
      "geometry": {
        "type": "Polygon",
        "coordinates": [
          [
            [
              174.7102932,
              -36.7285541
            ],
            [
              174.7102579,
              -36.7284082
            ],
            [
              174.7102547,
              -36.7283982
            ],
            [
              174.7102122,
              -36.7284043
            ],
            [
              174.7100961,
              -36.7284252
            ],
            [
              174.7101366,
              -36.7285796
            ],
            [
              174.7102932,
              -36.7285541
            ]
          ]
        ]
      },
      "id": "way/778743670"
    },
    {
      "type": "Feature",
      "properties": {
        "@id": "way/778743673",
        "barrier": "wall",
        "brand": "Oscar Wylee",
        "brand:wikidata": "Q120669494",
        "building:part": "yes",
        "indoor": "room",
        "level": "1",
        "name": "Oscar Wylee",
        "shop": "optician"
      },
      "geometry": {
        "type": "Polygon",
        "coordinates": [
          [
            [
              174.7099328,
              -36.7286166
            ],
            [
              174.7098898,
              -36.7284626
            ],
            [
              174.709857,
              -36.7284686
            ],
            [
              174.7098242,
              -36.7284745
            ],
            [
              174.7098537,
              -36.7285865
            ],
            [
              174.7099328,
              -36.7286166
            ]
          ]
        ]
      },
      "id": "way/778743673"
    },
    {
      "type": "Feature",
      "properties": {
        "@id": "way/778743677",
        "barrier": "wall",
        "indoor": "room",
        "level": "1"
      },
      "geometry": {
        "type": "Polygon",
        "coordinates": [
          [
            [
              174.7094339,
              -36.7287091
            ],
            [
              174.7094125,
              -36.7286274
            ],
            [
              174.7094666,
              -36.7286153
            ],
            [
              174.7094672,
              -36.7286152
            ],
            [
              174.7094475,
              -36.7285428
            ],
            [
              174.7092524,
              -36.7285779
            ],
            [
              174.7092731,
              -36.7286521
            ],
            [
              174.7092943,
              -36.7286479
            ],
            [
              174.7093119,
              -36.7287059
            ],
            [
              174.7093187,
              -36.7287282
            ],
            [
              174.7094334,
              -36.7287092
            ],
            [
              174.7094339,
              -36.7287091
            ]
          ]
        ]
      },
      "id": "way/778743677"
    },
    {
      "type": "Feature",
      "properties": {
        "@id": "way/778743678",
        "barrier": "wall",
        "building:part": "yes",
        "indoor": "room",
        "level": "1",
        "name": "Sunglass Style",
        "room": "shop",
        "shop": "optician"
      },
      "geometry": {
        "type": "Polygon",
        "coordinates": [
          [
            [
              174.7092731,
              -36.7286521
            ],
            [
              174.7092372,
              -36.728659
            ],
            [
              174.7092612,
              -36.7287383
            ],
            [
              174.7092986,
              -36.7287321
            ],
            [
              174.7093187,
              -36.7287282
            ],
            [
              174.7093119,
              -36.7287059
            ],
            [
              174.7092943,
              -36.7286479
            ],
            [
              174.7092731,
              -36.7286521
            ]
          ]
        ]
      },
      "id": "way/778743678"
    },
    {
      "type": "Feature",
      "properties": {
        "@id": "way/778743679",
        "barrier": "wall",
        "indoor": "room",
        "level": "1"
      },
      "geometry": {
        "type": "Polygon",
        "coordinates": [
          [
            [
              174.7092731,
              -36.7286521
            ],
            [
              174.7092524,
              -36.7285779
            ],
            [
              174.7091245,
              -36.7286036
            ],
            [
              174.7091639,
              -36.7287575
            ],
            [
              174.7092612,
              -36.7287383
            ],
            [
              174.7092372,
              -36.728659
            ],
            [
              174.7092731,
              -36.7286521
            ]
          ]
        ]
      },
      "id": "way/778743679"
    },
    {
      "type": "Feature",
      "properties": {
        "@id": "way/778743680",
        "amenity": "restaurant",
        "barrier": "wall",
        "cuisine": "curry;indian",
        "diet:vegetarian": "yes",
        "indoor": "room",
        "level": "1",
        "name": "Shamiana",
        "room": "restaurant"
      },
      "geometry": {
        "type": "Polygon",
        "coordinates": [
          [
            [
              174.7088237,
              -36.7281427
            ],
            [
              174.7088398,
              -36.7281964
            ],
            [
              174.7088774,
              -36.7282179
            ],
            [
              174.7089393,
              -36.7282063
            ],
            [
              174.7089142,
              -36.7281267
            ],
            [
              174.7088237,
              -36.7281427
            ]
          ]
        ]
      },
      "id": "way/778743680"
    },
    {
      "type": "Feature",
      "properties": {
        "@id": "way/778743681",
        "amenity": "toilets",
        "barrier": "wall",
        "fee": "no",
        "indoor": "room",
        "level": "1",
        "room": "toilets",
        "wheelchair": "yes"
      },
      "geometry": {
        "type": "Polygon",
        "coordinates": [
          [
            [
              174.7089393,
              -36.7282063
            ],
            [
              174.709006,
              -36.7281942
            ],
            [
              174.7089836,
              -36.7281148
            ],
            [
              174.7089503,
              -36.7281204
            ],
            [
              174.7089142,
              -36.7281267
            ],
            [
              174.7089393,
              -36.7282063
            ]
          ]
        ]
      },
      "id": "way/778743681"
    },
    {
      "type": "Feature",
      "properties": {
        "@id": "way/778743682",
        "amenity": "restaurant",
        "barrier": "wall",
        "branch": "Westfield Albany",
        "brand": "Downlow",
        "cuisine": "burger;american;hot_dog",
        "email": "Albany@downlow.co.nz",
        "indoor": "room",
        "level": "1",
        "name": "Ko Ko Dak",
        "not:brand:wikidata": "Q19589766",
        "official_name": "Downlow Westfield Albany",
        "opening_hours": "Mo-We,Sa 09:00-18:00; Th,Fr 09:00-21:00; Su 10:00-17:30",
        "phone": "+64 9 447 3879",
        "room": "restaurant",
        "website": "https://www.downlow.co.nz/downlow-albany"
      },
      "geometry": {
        "type": "Polygon",
        "coordinates": [
          [
            [
              174.7090138,
              -36.7282265
            ],
            [
              174.7088894,
              -36.728249
            ],
            [
              174.7089243,
              -36.7283038
            ],
            [
              174.7090303,
              -36.7282874
            ],
            [
              174.7090138,
              -36.7282265
            ]
          ]
        ]
      },
      "id": "way/778743682"
    },
    {
      "type": "Feature",
      "properties": {
        "@id": "way/778743684",
        "amenity": "fast_food",
        "barrier": "wall",
        "branch": "Albany Foodcourt",
        "brand": "McDonald's",
        "brand:wikidata": "Q38076",
        "cuisine": "burger",
        "indoor": "room",
        "level": "1",
        "name": "McDonald's",
        "official_name": "McDonald's Albany Foodcourt",
        "opening_hours": "Mo-We,Sa 09:00-18:00; Th,Fr 09:00-21:00; Su 09:00-17:30",
        "phone": "+64 9 440 9030",
        "room": "restaurant",
        "takeaway": "yes"
      },
      "geometry": {
        "type": "Polygon",
        "coordinates": [
          [
            [
              174.7089404,
              -36.7283694
            ],
            [
              174.7089672,
              -36.7284801
            ],
            [
              174.7090082,
              -36.7285092
            ],
            [
              174.709093,
              -36.7284943
            ],
            [
              174.709048,
              -36.7283528
            ],
            [
              174.7089404,
              -36.7283694
            ]
          ]
        ]
      },
      "id": "way/778743684"
    },
    {
      "type": "Feature",
      "properties": {
        "@id": "way/778743687",
        "amenity": "restaurant",
        "barrier": "wall",
        "indoor": "room",
        "level": "1",
        "name": "Master Bao",
        "room": "restaurant"
      },
      "geometry": {
        "type": "Polygon",
        "coordinates": [
          [
            [
              174.7089672,
              -36.7284801
            ],
            [
              174.7089297,
              -36.7284995
            ],
            [
              174.7088854,
              -36.7285349
            ],
            [
              174.7089509,
              -36.7285951
            ],
            [
              174.7089967,
              -36.7285607
            ],
            [
              174.7090182,
              -36.7285371
            ],
            [
              174.7090082,
              -36.7285092
            ],
            [
              174.7089672,
              -36.7284801
            ]
          ]
        ]
      },
      "id": "way/778743687"
    },
    {
      "type": "Feature",
      "properties": {
        "@id": "way/778743688",
        "amenity": "restaurant",
        "barrier": "wall",
        "indoor": "room",
        "level": "1",
        "name": "Yorkshire Roasts",
        "room": "restaurant"
      },
      "geometry": {
        "type": "Polygon",
        "coordinates": [
          [
            [
              174.7088854,
              -36.7285349
            ],
            [
              174.7088143,
              -36.7285865
            ],
            [
              174.708872,
              -36.7286543
            ],
            [
              174.7089509,
              -36.7285951
            ],
            [
              174.7088854,
              -36.7285349
            ]
          ]
        ]
      },
      "id": "way/778743688"
    },
    {
      "type": "Feature",
      "properties": {
        "@id": "way/778743689",
        "amenity": "restaurant",
        "barrier": "wall",
        "cuisine": "sushi",
        "indoor": "room",
        "level": "1",
        "name": "Matsu Sushi",
        "room": "restaurant"
      },
      "geometry": {
        "type": "Polygon",
        "coordinates": [
          [
            [
              174.7088143,
              -36.7285865
            ],
            [
              174.7087365,
              -36.7286435
            ],
            [
              174.7087365,
              -36.7286887
            ],
            [
              174.708872,
              -36.7286543
            ],
            [
              174.7088143,
              -36.7285865
            ]
          ]
        ]
      },
      "id": "way/778743689"
    },
    {
      "type": "Feature",
      "properties": {
        "@id": "way/778743690",
        "barrier": "wall",
        "brand": "L'Occitane",
        "brand:wikidata": "Q1880676",
        "building:part": "yes",
        "indoor": "room",
        "level": "1",
        "name": "L'Occitane",
        "shop": "cosmetics"
      },
      "geometry": {
        "type": "Polygon",
        "coordinates": [
          [
            [
              174.7087365,
              -36.7286887
            ],
            [
              174.7087362,
              -36.7287027
            ],
            [
              174.7087352,
              -36.7287488
            ],
            [
              174.7088367,
              -36.7287319
            ],
            [
              174.7088907,
              -36.728723
            ],
            [
              174.708872,
              -36.7286543
            ],
            [
              174.7087365,
              -36.7286887
            ]
          ]
        ]
      },
      "id": "way/778743690"
    },
    {
      "type": "Feature",
      "properties": {
        "@id": "way/778743691",
        "barrier": "wall",
        "brand": "Pandora",
        "brand:wikidata": "Q2241604",
        "building:part": "yes",
        "indoor": "room",
        "level": "1",
        "name": "Pandora",
        "shop": "jewelry"
      },
      "geometry": {
        "type": "Polygon",
        "coordinates": [
          [
            [
              174.7087352,
              -36.7287488
            ],
            [
              174.7087446,
              -36.7287822
            ],
            [
              174.7088063,
              -36.7288209
            ],
            [
              174.7088629,
              -36.728812
            ],
            [
              174.7088367,
              -36.7287319
            ],
            [
              174.7087352,
              -36.7287488
            ]
          ]
        ]
      },
      "id": "way/778743691"
    },
    {
      "type": "Feature",
      "properties": {
        "@id": "way/778743692",
        "barrier": "wall",
        "brand": "Sunglass Hut",
        "brand:wikidata": "Q136311",
        "building:part": "yes",
        "indoor": "room",
        "level": "1",
        "name": "Sunglass Hut",
        "shop": "optician"
      },
      "geometry": {
        "type": "Polygon",
        "coordinates": [
          [
            [
              174.7088629,
              -36.728812
            ],
            [
              174.7088831,
              -36.7288085
            ],
            [
              174.708914,
              -36.728802
            ],
            [
              174.7088907,
              -36.728723
            ],
            [
              174.7088367,
              -36.7287319
            ],
            [
              174.7088629,
              -36.728812
            ]
          ]
        ]
      },
      "id": "way/778743692"
    },
    {
      "type": "Feature",
      "properties": {
        "@id": "way/778743694",
        "barrier": "wall",
        "highway": "elevator",
        "indoor": "room",
        "level": "0;1",
        "room": "elevator"
      },
      "geometry": {
        "type": "Polygon",
        "coordinates": [
          [
            [
              174.7076313,
              -36.728752
            ],
            [
              174.7076002,
              -36.7288044
            ],
            [
              174.7076379,
              -36.7288196
            ],
            [
              174.7076685,
              -36.7287661
            ],
            [
              174.7076313,
              -36.728752
            ]
          ]
        ]
      },
      "id": "way/778743694"
    },
    {
      "type": "Feature",
      "properties": {
        "@id": "way/778745812",
        "addr:city": "Albany",
        "addr:housenumber": "219",
        "addr:postcode": "0632",
        "addr:street": "Don McKinnon Drive",
        "amenity": "bank",
        "atm": "yes",
        "barrier": "wall",
        "branch": "Albany",
        "brand": "Westpac",
        "brand:wikidata": "Q2031726",
        "brand:wikipedia": "en:Westpac",
        "indoor": "room",
        "level": "1",
        "name": "Westpac",
        "official_name": "Westpac Albany",
        "opening_hours": "Mo-Fr 09:30-16:00; Sa,Su 10:00-16:00",
        "operator": "Westpac",
        "phone": "+64 9 415 1150",
        "room": "shop"
      },
      "geometry": {
        "type": "Polygon",
        "coordinates": [
          [
            [
              174.7077622,
              -36.72925
            ],
            [
              174.7076987,
              -36.7293555
            ],
            [
              174.7076365,
              -36.729459
            ],
            [
              174.7077788,
              -36.7295139
            ],
            [
              174.7079924,
              -36.7293389
            ],
            [
              174.7077622,
              -36.72925
            ]
          ]
        ]
      },
      "id": "way/778745812"
    },
    {
      "type": "Feature",
      "properties": {
        "@id": "way/778745813",
        "amenity": "toilets",
        "barrier": "wall",
        "fee": "no",
        "indoor": "room",
        "level": "1",
        "room": "toilets",
        "wheelchair": "yes"
      },
      "geometry": {
        "type": "Polygon",
        "coordinates": [
          [
            [
              174.7109023,
              -36.7283748
            ],
            [
              174.7109245,
              -36.7284619
            ],
            [
              174.7109989,
              -36.7284497
            ],
            [
              174.7109767,
              -36.7283626
            ],
            [
              174.7109023,
              -36.7283748
            ]
          ]
        ]
      },
      "id": "way/778745813"
    },
    {
      "type": "Feature",
      "properties": {
        "@id": "way/778747450",
        "indoor": "room",
        "level": "0",
        "room": "shop"
      },
      "geometry": {
        "type": "Polygon",
        "coordinates": [
          [
            [
              174.7079024,
              -36.7284049
            ],
            [
              174.7078031,
              -36.7285704
            ],
            [
              174.7084039,
              -36.7287961
            ],
            [
              174.7085059,
              -36.7286371
            ],
            [
              174.7079024,
              -36.7284049
            ]
          ]
        ]
      },
      "id": "way/778747450"
    },
    {
      "type": "Feature",
      "properties": {
        "@id": "way/778747451",
        "branch": "Albany",
        "brand": "JB Hi-Fi",
        "brand:wikidata": "Q3310113",
        "brand:wikipedia": "en:JB Hi-Fi",
        "indoor": "room",
        "level": "0",
        "name": "JB Hi-Fi",
        "opening_hours": "Mo-We,Sa 09:00-18:00; Th,Fr 09:00-21:00; Su 10:00-17:30",
        "phone": "+64 9 968 6967",
        "room": "shop",
        "shop": "electronics",
        "website": "https://www.jbhifi.co.nz/Stores/Store-Finder/Store-List/north-island/albany/"
      },
      "geometry": {
        "type": "Polygon",
        "coordinates": [
          [
            [
              174.7078031,
              -36.7285704
            ],
            [
              174.7077254,
              -36.7286973
            ],
            [
              174.7077548,
              -36.7287832
            ],
            [
              174.7078077,
              -36.7288049
            ],
            [
              174.7079979,
              -36.7288816
            ],
            [
              174.7082859,
              -36.7289982
            ],
            [
              174.7084039,
              -36.7287961
            ],
            [
              174.7078031,
              -36.7285704
            ]
          ]
        ]
      },
      "id": "way/778747451"
    },
    {
      "type": "Feature",
      "properties": {
        "@id": "way/778747452",
        "indoor": "room",
        "level": "0",
        "room": "shop"
      },
      "geometry": {
        "type": "Polygon",
        "coordinates": [
          [
            [
              174.707496,
              -36.7285908
            ],
            [
              174.7074652,
              -36.728636
            ],
            [
              174.7074089,
              -36.7287263
            ],
            [
              174.7074719,
              -36.728752
            ],
            [
              174.7075328,
              -36.7287769
            ],
            [
              174.7076002,
              -36.7288044
            ],
            [
              174.7076313,
              -36.728752
            ],
            [
              174.7076685,
              -36.7287661
            ],
            [
              174.7076765,
              -36.7287528
            ],
            [
              174.7076918,
              -36.7287273
            ],
            [
              174.7076704,
              -36.7286575
            ],
            [
              174.707496,
              -36.7285908
            ]
          ]
        ]
      },
      "id": "way/778747452"
    },
    {
      "type": "Feature",
      "properties": {
        "@id": "way/778747454",
        "indoor": "room",
        "level": "0",
        "room": "shop"
      },
      "geometry": {
        "type": "Polygon",
        "coordinates": [
          [
            [
              174.7072888,
              -36.7285718
            ],
            [
              174.7073297,
              -36.728492
            ],
            [
              174.7073203,
              -36.7284801
            ],
            [
              174.707264,
              -36.7284597
            ],
            [
              174.7071688,
              -36.7286338
            ],
            [
              174.7072372,
              -36.7286596
            ],
            [
              174.7072888,
              -36.7285718
            ]
          ]
        ]
      },
      "id": "way/778747454"
    },
    {
      "type": "Feature",
      "properties": {
        "@id": "way/778747455",
        "indoor": "room",
        "level": "0",
        "room": "shop"
      },
      "geometry": {
        "type": "Polygon",
        "coordinates": [
          [
            [
              174.707264,
              -36.7284597
            ],
            [
              174.7071835,
              -36.7284307
            ],
            [
              174.7070812,
              -36.7286013
            ],
            [
              174.7071688,
              -36.7286338
            ],
            [
              174.707264,
              -36.7284597
            ]
          ]
        ]
      },
      "id": "way/778747455"
    },
    {
      "type": "Feature",
      "properties": {
        "@id": "way/778747456",
        "indoor": "room",
        "level": "0",
        "room": "shop"
      },
      "geometry": {
        "type": "Polygon",
        "coordinates": [
          [
            [
              174.7071835,
              -36.7284307
            ],
            [
              174.7071044,
              -36.7283995
            ],
            [
              174.7069982,
              -36.7285709
            ],
            [
              174.7070784,
              -36.7286003
            ],
            [
              174.7071835,
              -36.7284307
            ]
          ]
        ]
      },
      "id": "way/778747456"
    },
    {
      "type": "Feature",
      "properties": {
        "@id": "way/778747465",
        "indoor": "room",
        "level": "0",
        "room": "shop"
      },
      "geometry": {
        "type": "Polygon",
        "coordinates": [
          [
            [
              174.7080633,
              -36.7278803
            ],
            [
              174.7077012,
              -36.7277385
            ],
            [
              174.707678,
              -36.7277777
            ],
            [
              174.7080392,
              -36.7279169
            ],
            [
              174.7080633,
              -36.7278803
            ]
          ]
        ]
      },
      "id": "way/778747465"
    },
    {
      "type": "Feature",
      "properties": {
        "@id": "way/778747466",
        "indoor": "room",
        "level": "0",
        "room": "shop"
      },
      "geometry": {
        "type": "Polygon",
        "coordinates": [
          [
            [
              174.7077012,
              -36.7277385
            ],
            [
              174.7077449,
              -36.7276775
            ],
            [
              174.7074541,
              -36.7275768
            ],
            [
              174.7074293,
              -36.7276219
            ],
            [
              174.7074021,
              -36.7276714
            ],
            [
              174.707678,
              -36.7277777
            ],
            [
              174.7077012,
              -36.7277385
            ]
          ]
        ]
      },
      "id": "way/778747466"
    },
    {
      "type": "Feature",
      "properties": {
        "@id": "way/778747467",
        "indoor": "corridor",
        "level": "0"
      },
      "geometry": {
        "type": "Polygon",
        "coordinates": [
          [
            [
              174.7071688,
              -36.7282963
            ],
            [
              174.7070784,
              -36.7282607
            ],
            [
              174.707017,
              -36.7283725
            ],
            [
              174.7071044,
              -36.7283995
            ],
            [
              174.7071835,
              -36.7284307
            ],
            [
              174.707264,
              -36.7284597
            ],
            [
              174.7073203,
              -36.7284801
            ],
            [
              174.7073297,
              -36.728492
            ],
            [
              174.7072888,
              -36.7285718
            ],
            [
              174.7074652,
              -36.728636
            ],
            [
              174.707496,
              -36.7285908
            ],
            [
              174.7076704,
              -36.7286575
            ],
            [
              174.7076918,
              -36.7287273
            ],
            [
              174.7076765,
              -36.7287528
            ],
            [
              174.7076685,
              -36.7287661
            ],
            [
              174.7076379,
              -36.7288196
            ],
            [
              174.7076851,
              -36.7288392
            ],
            [
              174.7076712,
              -36.728862
            ],
            [
              174.7077543,
              -36.7288929
            ],
            [
              174.7078077,
              -36.7288049
            ],
            [
              174.7077548,
              -36.7287832
            ],
            [
              174.7077254,
              -36.7286973
            ],
            [
              174.7079024,
              -36.7284049
            ],
            [
              174.7078365,
              -36.728374
            ],
            [
              174.7076936,
              -36.7284921
            ],
            [
              174.7076595,
              -36.728465
            ],
            [
              174.7076274,
              -36.7284488
            ],
            [
              174.7075725,
              -36.728421
            ],
            [
              174.7075341,
              -36.7284063
            ],
            [
              174.7075022,
              -36.7283942
            ],
            [
              174.707373,
              -36.7283454
            ],
            [
              174.7072515,
              -36.7283335
            ],
            [
              174.7071688,
              -36.7282963
            ]
          ]
        ]
      },
      "id": "way/778747467"
    },
    {
      "type": "Feature",
      "properties": {
        "@id": "way/871106974",
        "barrier": "wall",
        "building:part": "yes",
        "indoor": "room",
        "level": "1",
        "name": "Pagani",
        "room": "shop",
        "shop": "clothes"
      },
      "geometry": {
        "type": "Polygon",
        "coordinates": [
          [
            [
              174.7088701,
              -36.7289224
            ],
            [
              174.7089198,
              -36.7290937
            ],
            [
              174.7090241,
              -36.7290746
            ],
            [
              174.7089749,
              -36.7289035
            ],
            [
              174.7088701,
              -36.7289224
            ]
          ]
        ]
      },
      "id": "way/871106974"
    },
    {
      "type": "Feature",
      "properties": {
        "@id": "way/871106978",
        "barrier": "wall",
        "brand": "Huffer",
        "brand:wikidata": "Q107862765",
        "building:part": "yes",
        "indoor": "room",
        "level": "1",
        "name": "Huffer",
        "room": "shop",
        "shop": "clothes"
      },
      "geometry": {
        "type": "Polygon",
        "coordinates": [
          [
            [
              174.7092021,
              -36.7288625
            ],
            [
              174.7092482,
              -36.7290338
            ],
            [
              174.7093971,
              -36.7290073
            ],
            [
              174.7093707,
              -36.7289136
            ],
            [
              174.7093112,
              -36.7289243
            ],
            [
              174.7092895,
              -36.7288468
            ],
            [
              174.7092021,
              -36.7288625
            ]
          ]
        ]
      },
      "id": "way/871106978"
    },
    {
      "type": "Feature",
      "properties": {
        "@id": "way/871106980",
        "barrier": "wall",
        "building:part": "yes",
        "indoor": "room",
        "level": "1",
        "name": "Shoe Clinic",
        "room": "shop",
        "shop": "shoes"
      },
      "geometry": {
        "type": "Polygon",
        "coordinates": [
          [
            [
              174.7093489,
              -36.728836
            ],
            [
              174.7093707,
              -36.7289136
            ],
            [
              174.7093971,
              -36.7290073
            ],
            [
              174.7094761,
              -36.7289939
            ],
            [
              174.7094252,
              -36.7288223
            ],
            [
              174.7093489,
              -36.728836
            ]
          ]
        ]
      },
      "id": "way/871106980"
    },
    {
      "type": "Feature",
      "properties": {
        "@id": "way/871106984",
        "amenity": "pharmacy",
        "barrier": "wall",
        "brand": "Life Pharmacy",
        "brand:wikidata": "Q7180825",
        "building:part": "yes",
        "healthcare": "pharmacy",
        "indoor": "room",
        "level": "1",
        "name": "Life Pharmacy",
        "room": "shop",
        "shop": "chemist"
      },
      "geometry": {
        "type": "Polygon",
        "coordinates": [
          [
            [
              174.7097087,
              -36.7288841
            ],
            [
              174.7097278,
              -36.7289512
            ],
            [
              174.7100113,
              -36.7288979
            ],
            [
              174.7099905,
              -36.7288254
            ],
            [
              174.7099211,
              -36.7288366
            ],
            [
              174.7098925,
              -36.7287359
            ],
            [
              174.7097486,
              -36.7287621
            ],
            [
              174.7097796,
              -36.7288711
            ],
            [
              174.7097087,
              -36.7288841
            ]
          ]
        ]
      },
      "id": "way/871106984"
    },
    {
      "type": "Feature",
      "properties": {
        "@id": "way/871106986",
        "barrier": "wall",
        "brand": "The Athlete's Foot",
        "building:part": "yes",
        "hairdresser": "barber",
        "indoor": "room",
        "level": "1",
        "name": "Shaver Shop",
        "room": "shop",
        "shop": "hairdresser"
      },
      "geometry": {
        "type": "Polygon",
        "coordinates": [
          [
            [
              174.7099905,
              -36.7288254
            ],
            [
              174.7100648,
              -36.7288117
            ],
            [
              174.7100355,
              -36.7287093
            ],
            [
              174.7099601,
              -36.7287237
            ],
            [
              174.7099905,
              -36.7288254
            ]
          ]
        ]
      },
      "id": "way/871106986"
    },
    {
      "type": "Feature",
      "properties": {
        "@id": "way/871106987",
        "addr:city": "Albany",
        "addr:housenumber": "219",
        "addr:postcode": "0632",
        "addr:street": "Don McKinnon Drive",
        "addr:unit": "283",
        "amenity": "bank",
        "atm": "yes",
        "barrier": "wall",
        "branch": "Albany Mall",
        "brand": "ANZ",
        "brand:wikidata": "Q714641",
        "building:part": "yes",
        "indoor": "room",
        "level": "1",
        "name": "ANZ",
        "note": "Closed for renovations",
        "official_name": "Australia and New Zealand Banking Group Limited",
        "opening_hours": "off",
        "operator": "ANZ"
      },
      "geometry": {
        "type": "Polygon",
        "coordinates": [
          [
            [
              174.7099905,
              -36.7288254
            ],
            [
              174.7100113,
              -36.7288979
            ],
            [
              174.7102725,
              -36.7288497
            ],
            [
              174.7102416,
              -36.7287371
            ],
            [
              174.7101786,
              -36.7287487
            ],
            [
              174.7101608,
              -36.7286865
            ],
            [
              174.7100355,
              -36.7287093
            ],
            [
              174.7100648,
              -36.7288117
            ],
            [
              174.7099905,
              -36.7288254
            ]
          ]
        ]
      },
      "id": "way/871106987"
    },
    {
      "type": "Feature",
      "properties": {
        "@id": "way/871106988",
        "barrier": "wall",
        "brand": "STA Travel",
        "building:part": "yes",
        "indoor": "room",
        "level": "1",
        "name": "Looksmart Alterations",
        "room": "shop",
        "shop": "clothes"
      },
      "geometry": {
        "type": "Polygon",
        "coordinates": [
          [
            [
              174.7102416,
              -36.7287371
            ],
            [
              174.7102251,
              -36.7286767
            ],
            [
              174.7102084,
              -36.7286793
            ],
            [
              174.7101608,
              -36.7286865
            ],
            [
              174.7101786,
              -36.7287487
            ],
            [
              174.7102416,
              -36.7287371
            ]
          ]
        ]
      },
      "id": "way/871106988"
    },
    {
      "type": "Feature",
      "properties": {
        "@id": "way/871106989",
        "barrier": "wall",
        "brand": "Whitcoulls",
        "brand:wikidata": "Q7994237",
        "building:part": "yes",
        "indoor": "room",
        "level": "1",
        "name": "Whitcoulls",
        "room": "shop",
        "shop": "books"
      },
      "geometry": {
        "type": "Polygon",
        "coordinates": [
          [
            [
              174.7102251,
              -36.7286767
            ],
            [
              174.7102416,
              -36.7287371
            ],
            [
              174.7102725,
              -36.7288497
            ],
            [
              174.7104714,
              -36.7288146
            ],
            [
              174.7104557,
              -36.7287589
            ],
            [
              174.7103986,
              -36.7287691
            ],
            [
              174.7103662,
              -36.7286519
            ],
            [
              174.7102251,
              -36.7286767
            ]
          ]
        ]
      },
      "id": "way/871106989"
    },
    {
      "type": "Feature",
      "properties": {
        "@id": "way/871106991",
        "barrier": "wall",
        "building:part": "yes",
        "indoor": "room",
        "level": "1",
        "name": "The Sharing Shed",
        "shop": "hairdresser"
      },
      "geometry": {
        "type": "Polygon",
        "coordinates": [
          [
            [
              174.7105255,
              -36.7287156
            ],
            [
              174.7105519,
              -36.728801
            ],
            [
              174.7106247,
              -36.7287873
            ],
            [
              174.7106015,
              -36.7287018
            ],
            [
              174.7105255,
              -36.7287156
            ]
          ]
        ]
      },
      "id": "way/871106991"
    },
    {
      "type": "Feature",
      "properties": {
        "@id": "way/871106995",
        "barrier": "wall",
        "branch": "Albany",
        "brand": "Flight Centre",
        "brand:wikidata": "Q5459202",
        "building:part": "yes",
        "indoor": "room",
        "level": "1",
        "name": "Flight Centre",
        "opening_hours": "Mo-Sa 09:00-18:00; Su 10:00-17:30",
        "shop": "travel_agency"
      },
      "geometry": {
        "type": "Polygon",
        "coordinates": [
          [
            [
              174.7108674,
              -36.7285707
            ],
            [
              174.7109024,
              -36.7285372
            ],
            [
              174.7108392,
              -36.7284947
            ],
            [
              174.7108127,
              -36.7284769
            ],
            [
              174.7107777,
              -36.7285105
            ],
            [
              174.7108674,
              -36.7285707
            ]
          ]
        ]
      },
      "id": "way/871106995"
    },
    {
      "type": "Feature",
      "properties": {
        "@id": "way/871106996",
        "barrier": "wall",
        "branch": "Albany Westfield",
        "brand": "Specsavers",
        "brand:wikidata": "Q2000610",
        "building:part": "yes",
        "indoor": "room",
        "level": "1",
        "name": "Specsavers",
        "opening_hours": "Mo-We,Sa 09:00-18:00; Th,Fr 09:00-21:00; Su 10:00-17:30",
        "phone": "+64 9 447 1465",
        "shop": "optician",
        "website": "https://www.specsavers.co.nz/stores/albany"
      },
      "geometry": {
        "type": "Polygon",
        "coordinates": [
          [
            [
              174.7108127,
              -36.7284769
            ],
            [
              174.7108392,
              -36.7284947
            ],
            [
              174.7109024,
              -36.7285372
            ],
            [
              174.7109368,
              -36.7285043
            ],
            [
              174.7108475,
              -36.7284436
            ],
            [
              174.7108127,
              -36.7284769
            ]
          ]
        ]
      },
      "id": "way/871106996"
    },
    {
      "type": "Feature",
      "properties": {
        "@id": "way/871106997",
        "amenity": "bank",
        "barrier": "wall",
        "branch": "Albany",
        "brand": "Bank of New Zealand",
        "brand:wikidata": "Q806687",
        "building:part": "yes",
        "indoor": "room",
        "level": "1",
        "name": "Bank of New Zealand",
        "official_name": "Bank of New Zealand Albany",
        "opening_hours": "Mo-We,Fr,Sa 09:00-16:30; Th 09:00-19:00; Su 10:00-16:00",
        "website": "https://www.bnz.co.nz/locations/auckland/albany"
      },
      "geometry": {
        "type": "Polygon",
        "coordinates": [
          [
            [
              174.7109023,
              -36.7283748
            ],
            [
              174.7108475,
              -36.7284436
            ],
            [
              174.7109368,
              -36.7285043
            ],
            [
              174.7109989,
              -36.7284497
            ],
            [
              174.7109245,
              -36.7284619
            ],
            [
              174.7109023,
              -36.7283748
            ]
          ]
        ]
      },
      "id": "way/871106997"
    },
    {
      "type": "Feature",
      "properties": {
        "@id": "way/1456090792",
        "brand": "Just Jeans",
        "brand:wikidata": "Q6316068",
        "building:part": "yes",
        "clothes": "denim",
        "indoor": "room",
        "name": "Just Jeans",
        "shop": "clothes"
      },
      "geometry": {
        "type": "Polygon",
        "coordinates": [
          [
            [
              174.7089749,
              -36.7289035
            ],
            [
              174.7090241,
              -36.7290746
            ],
            [
              174.7091015,
              -36.7290599
            ],
            [
              174.7090506,
              -36.7288899
            ],
            [
              174.7089749,
              -36.7289035
            ]
          ]
        ]
      },
      "id": "way/1456090792"
    },
    {
      "type": "Feature",
      "properties": {
        "@id": "way/1456090793",
        "brand": "AS Colour",
        "brand:wikidata": "Q121646382",
        "building:part": "yes",
        "indoor": "room",
        "name": "AS Colour",
        "shop": "clothes"
      },
      "geometry": {
        "type": "Polygon",
        "coordinates": [
          [
            [
              174.7090506,
              -36.7288899
            ],
            [
              174.7091015,
              -36.7290599
            ],
            [
              174.7091776,
              -36.7290458
            ],
            [
              174.7091267,
              -36.7288758
            ],
            [
              174.7090506,
              -36.7288899
            ]
          ]
        ]
      },
      "id": "way/1456090793"
    },
    {
      "type": "Feature",
      "properties": {
        "@id": "way/1456090794",
        "brand": "The Athlete's Foot",
        "brand:wikidata": "Q7714792",
        "building:part": "yes",
        "indoor": "room",
        "name": "The Athlete's Foot",
        "shop": "shoes"
      },
      "geometry": {
        "type": "Polygon",
        "coordinates": [
          [
            [
              174.7091267,
              -36.7288758
            ],
            [
              174.7091776,
              -36.7290458
            ],
            [
              174.7092482,
              -36.7290338
            ],
            [
              174.7092021,
              -36.7288625
            ],
            [
              174.7091267,
              -36.7288758
            ]
          ]
        ]
      },
      "id": "way/1456090794"
    },
    {
      "type": "Feature",
      "properties": {
        "@id": "way/1456090804",
        "branch": "Albany",
        "description": "Massage chairs",
        "indoor": "room",
        "name": "Irelax",
        "room": "shop",
        "shop": "yes"
      },
      "geometry": {
        "type": "Polygon",
        "coordinates": [
          [
            [
              174.7088786,
              -36.7288444
            ],
            [
              174.7088864,
              -36.7288707
            ],
            [
              174.7089542,
              -36.7288586
            ],
            [
              174.7089461,
              -36.7288315
            ],
            [
              174.7088786,
              -36.7288444
            ]
          ]
        ]
      },
      "id": "way/1456090804"
    },
    {
      "type": "Feature",
      "properties": {
        "@id": "way/1490896829",
        "area": "yes",
        "highway": "pedestrian",
        "surface": "paved"
      },
      "geometry": {
        "type": "Polygon",
        "coordinates": [
          [
            [
              174.7083849,
              -36.7276229
            ],
            [
              174.7084039,
              -36.7275948
            ],
            [
              174.7084121,
              -36.7275828
            ],
            [
              174.7083258,
              -36.7275387
            ],
            [
              174.708315,
              -36.7275172
            ],
            [
              174.7082692,
              -36.7275209
            ],
            [
              174.7082256,
              -36.7275213
            ],
            [
              174.7081421,
              -36.7275089
            ],
            [
              174.7080269,
              -36.7274794
            ],
            [
              174.7079107,
              -36.727444
            ],
            [
              174.7077179,
              -36.7273715
            ],
            [
              174.7075108,
              -36.7272741
            ],
            [
              174.707459,
              -36.7272458
            ],
            [
              174.7074332,
              -36.7272246
            ],
            [
              174.7074192,
              -36.7272275
            ],
            [
              174.7073591,
              -36.7272149
            ],
            [
              174.707252,
              -36.7271005
            ],
            [
              174.7072716,
              -36.7270994
            ],
            [
              174.7072358,
              -36.7270698
            ],
            [
              174.707232,
              -36.7270865
            ],
            [
              174.7072002,
              -36.7270984
            ],
            [
              174.7071752,
              -36.7270972
            ],
            [
              174.7071698,
              -36.7270887
            ],
            [
              174.7071614,
              -36.7271024
            ],
            [
              174.7071507,
              -36.7271199
            ],
            [
              174.7071706,
              -36.7271167
            ],
            [
              174.7072301,
              -36.7271435
            ],
            [
              174.7073057,
              -36.7272348
            ],
            [
              174.7073128,
              -36.7272434
            ],
            [
              174.7073699,
              -36.7272613
            ],
            [
              174.7074088,
              -36.7272987
            ],
            [
              174.707555,
              -36.7273798
            ],
            [
              174.7076581,
              -36.7274092
            ],
            [
              174.7077439,
              -36.7274611
            ],
            [
              174.7079486,
              -36.7275254
            ],
            [
              174.7079991,
              -36.7275293
            ],
            [
              174.7080556,
              -36.7275423
            ],
            [
              174.708148,
              -36.727568
            ],
            [
              174.7081876,
              -36.7275645
            ],
            [
              174.7082722,
              -36.7275739
            ],
            [
              174.7083234,
              -36.7275986
            ],
            [
              174.7083849,
              -36.7276229
            ]
          ]
        ]
      },
      "id": "way/1490896829"
    },
    {
      "type": "Feature",
      "properties": {
        "@id": "way/1490896835",
        "area": "yes",
        "highway": "pedestrian"
      },
      "geometry": {
        "type": "Polygon",
        "coordinates": [
          [
            [
              174.7085988,
              -36.7274289
            ],
            [
              174.7087239,
              -36.7274297
            ],
            [
              174.7087848,
              -36.7274301
            ],
            [
              174.7087838,
              -36.727416
            ],
            [
              174.7087827,
              -36.7273998
            ],
            [
              174.7087823,
              -36.7273833
            ],
            [
              174.7087849,
              -36.7273729
            ],
            [
              174.7088014,
              -36.7273644
            ],
            [
              174.7088308,
              -36.7273652
            ],
            [
              174.7088255,
              -36.7272959
            ],
            [
              174.7088014,
              -36.7272856
            ],
            [
              174.708793,
              -36.727272
            ],
            [
              174.708794,
              -36.7272613
            ],
            [
              174.7088049,
              -36.7272556
            ],
            [
              174.7088215,
              -36.7272491
            ],
            [
              174.7088218,
              -36.7272286
            ],
            [
              174.7088175,
              -36.7271237
            ],
            [
              174.7088045,
              -36.727117
            ],
            [
              174.7087875,
              -36.7271023
            ],
            [
              174.7087854,
              -36.7270834
            ],
            [
              174.7087897,
              -36.7270674
            ],
            [
              174.7088041,
              -36.7270509
            ],
            [
              174.7088146,
              -36.7270382
            ],
            [
              174.7088157,
              -36.727023
            ],
            [
              174.708811,
              -36.726982
            ],
            [
              174.7088042,
              -36.7269212
            ],
            [
              174.7088024,
              -36.7268153
            ],
            [
              174.7087917,
              -36.7266413
            ],
            [
              174.7087381,
              -36.7266428
            ],
            [
              174.7087352,
              -36.7267246
            ],
            [
              174.7087343,
              -36.7267475
            ],
            [
              174.7087334,
              -36.7267694
            ],
            [
              174.7087357,
              -36.7269847
            ],
            [
              174.7087361,
              -36.7270236
            ],
            [
              174.7087398,
              -36.7272333
            ],
            [
              174.7086974,
              -36.7272811
            ],
            [
              174.7085988,
              -36.7274289
            ]
          ]
        ]
      },
      "id": "way/1490896835"
    },
    {
      "type": "Feature",
      "properties": {
        "@id": "way/330895034",
        "highway": "steps",
        "lit": "yes",
        "surface": "concrete"
      },
      "geometry": {
        "type": "LineString",
        "coordinates": [
          [
            174.7108385,
            -36.7294414
          ],
          [
            174.7107305,
            -36.7295781
          ],
          [
            174.7107065,
            -36.7295675
          ],
          [
            174.7108194,
            -36.7294347
          ],
          [
            174.7107154,
            -36.7293864
          ]
        ]
      },
      "id": "way/330895034"
    },
    {
      "type": "Feature",
      "properties": {
        "@id": "way/706525771",
        "handrail": "yes",
        "highway": "steps",
        "incline": "up"
      },
      "geometry": {
        "type": "LineString",
        "coordinates": [
          [
            174.7086986,
            -36.7276448
          ],
          [
            174.708694,
            -36.7276783
          ]
        ]
      },
      "id": "way/706525771"
    },
    {
      "type": "Feature",
      "properties": {
        "@id": "way/706525773",
        "handrail": "yes",
        "highway": "steps",
        "incline": "up",
        "ramp": "separate",
        "ramp:wheelchair": "separate",
        "surface": "paving_stones"
      },
      "geometry": {
        "type": "LineString",
        "coordinates": [
          [
            174.7086827,
            -36.727764
          ],
          [
            174.7086781,
            -36.7277992
          ]
        ]
      },
      "id": "way/706525773"
    },
    {
      "type": "Feature",
      "properties": {
        "@id": "way/771519133",
        "highway": "steps"
      },
      "geometry": {
        "type": "LineString",
        "coordinates": [
          [
            174.7086281,
            -36.726754
          ],
          [
            174.7087207,
            -36.7267484
          ]
        ]
      },
      "id": "way/771519133"
    },
    {
      "type": "Feature",
      "properties": {
        "@id": "way/778743698",
        "conveying": "forward",
        "highway": "steps",
        "incline": "up",
        "level": "0;1",
        "lit": "yes"
      },
      "geometry": {
        "type": "LineString",
        "coordinates": [
          [
            174.7073733,
            -36.7284366
          ],
          [
            174.7075859,
            -36.7285177
          ]
        ]
      },
      "id": "way/778743698"
    },
    {
      "type": "Feature",
      "properties": {
        "@id": "way/778743699",
        "conveying": "backward",
        "highway": "steps",
        "incline": "down",
        "level": "0;1",
        "lit": "yes"
      },
      "geometry": {
        "type": "LineString",
        "coordinates": [
          [
            174.7073632,
            -36.7284586
          ],
          [
            174.7075691,
            -36.7285355
          ]
        ]
      },
      "id": "way/778743699"
    },
    {
      "type": "Feature",
      "properties": {
        "@id": "way/1155643724",
        "highway": "steps"
      },
      "geometry": {
        "type": "LineString",
        "coordinates": [
          [
            174.7064165,
            -36.7289953
          ],
          [
            174.7064029,
            -36.7290172
          ]
        ]
      },
      "id": "way/1155643724"
    },
    {
      "type": "Feature",
      "properties": {
        "@id": "way/1481261470",
        "highway": "steps",
        "surface": "concrete"
      },
      "geometry": {
        "type": "LineString",
        "coordinates": [
          [
            174.7075833,
            -36.7297205
          ],
          [
            174.7076378,
            -36.7296711
          ]
        ]
      },
      "id": "way/1481261470"
    },
    {
      "type": "Feature",
      "properties": {
        "@id": "way/1490896839",
        "highway": "steps"
      },
      "geometry": {
        "type": "LineString",
        "coordinates": [
          [
            174.7086618,
            -36.7280252
          ],
          [
            174.7086629,
            -36.7280454
          ]
        ]
      },
      "id": "way/1490896839"
    },
    {
      "type": "Feature",
      "properties": {
        "@id": "way/1490896845",
        "highway": "steps"
      },
      "geometry": {
        "type": "LineString",
        "coordinates": [
          [
            174.7082489,
            -36.7278338
          ],
          [
            174.7081035,
            -36.7277805
          ]
        ]
      },
      "id": "way/1490896845"
    },
    {
      "type": "Feature",
      "properties": {
        "@id": "node/3379319656",
        "entrance": "yes",
        "level": "1"
      },
      "geometry": {
        "type": "Point",
        "coordinates": [
          174.7086248,
          -36.7291464
        ]
      },
      "id": "node/3379319656"
    },
    {
      "type": "Feature",
      "properties": {
        "@id": "node/6209467250",
        "entrance": "yes",
        "level": "0"
      },
      "geometry": {
        "type": "Point",
        "coordinates": [
          174.7070628,
          -36.7282892
        ]
      },
      "id": "node/6209467250"
    },
    {
      "type": "Feature",
      "properties": {
        "@id": "node/6209467254",
        "entrance": "yes",
        "level": "1"
      },
      "geometry": {
        "type": "Point",
        "coordinates": [
          174.7108292,
          -36.7283293
        ]
      },
      "id": "node/6209467254"
    },
    {
      "type": "Feature",
      "properties": {
        "@id": "node/6209467255",
        "entrance": "yes",
        "level": "1"
      },
      "geometry": {
        "type": "Point",
        "coordinates": [
          174.7086662,
          -36.7280852
        ]
      },
      "id": "node/6209467255"
    },
    {
      "type": "Feature",
      "properties": {
        "@id": "node/7271043704",
        "entrance": "yes",
        "level": "1"
      },
      "geometry": {
        "type": "Point",
        "coordinates": [
          174.7105037,
          -36.7288086
        ]
      },
      "id": "node/7271043704"
    },
    {
      "type": "Feature",
      "properties": {
        "@id": "node/8082723724",
        "entrance": "yes",
        "level": "1"
      },
      "geometry": {
        "type": "Point",
        "coordinates": [
          174.7095781,
          -36.7289779
        ]
      },
      "id": "node/8082723724"
    },
    {
      "type": "Feature",
      "properties": {
        "@id": "node/9913965053",
        "entrance": "main"
      },
      "geometry": {
        "type": "Point",
        "coordinates": [
          174.7122868,
          -36.7286246
        ]
      },
      "id": "node/9913965053"
    },
    {
      "type": "Feature",
      "properties": {
        "@id": "node/13769544034",
        "entrance": "main"
      },
      "geometry": {
        "type": "Point",
        "coordinates": [
          174.7072828,
          -36.7300637
        ]
      },
      "id": "node/13769544034"
    }
  ]
}