edge_id,from_node,to_node,floor,type,length_m,width_m,speed_mult,time_penalty_s,weight
e_wp_f1_0002__wp_f1_0005,wp_f1_0002,wp_f1_0005,1,corridor,11.31,4.0,1.0,0,11.31
e_wp_f1_0002__wp_f1_0003,wp_f1_0002,wp_f1_0003,1,corridor,8.0,4.0,1.0,0,8.0
e_wp_f1_0002__wp_f1_0004,wp_f1_0002,wp_f1_0004,1,corridor,8.0,4.0,1.0,0,8.0
e_wp_f1_0002__wp_f1_0007,wp_f1_0002,wp_f1_0007,1,corridor,16.0,4.0,1.0,0,16.0
e_wp_f1_0003__wp_f1_0005,wp_f1_0003,wp_f1_0005,1,corridor,8.0,4.0,1.0,0,8.0
e_wp_f1_0003__wp_f1_0004,wp_f1_0003,wp_f1_0004,1,corridor,11.31,4.0,1.0,0,11.31
e_wp_f1_0003__wp_f1_0008,wp_f1_0003,wp_f1_0008,1,corridor,16.0,4.0,1.0,0,16.0
e_wp_f1_0004__wp_f1_0005,wp_f1_0004,wp_f1_0005,1,corridor,8.0,4.0,1.0,0,8.0
e_wp_f1_0004__wp_f1_0007,wp_f1_0004,wp_f1_0007,1,corridor,8.0,4.0,1.0,0,8.0
e_wp_f1_0004__wp_f1_0008,wp_f1_0004,wp_f1_0008,1,corridor,11.31,4.0,1.0,0,11.31
e_wp_f1_0004__wp_f1_0013,wp_f1_0004,wp_f1_0013,1,corridor,16.0,4.0,1.0,0,16.0
e_wp_f1_0005__wp_f1_0007,wp_f1_0005,wp_f1_0007,1,corridor,11.31,4.0,1.0,0,11.31
e_wp_f1_0005__wp_f1_0008,wp_f1_0005,wp_f1_0008,1,corridor,8.0,4.0,1.0,0,8.0
e_wp_f1_0005__wp_f1_0014,wp_f1_0005,wp_f1_0014,1,corridor,16.0,4.0,1.0,0,16.0
e_wp_f1_0006__wp_f1_0010,wp_f1_0006,wp_f1_0010,1,corridor,8.0,4.0,1.0,0,8.0
e_wp_f1_0006__wp_f1_0011,wp_f1_0006,wp_f1_0011,1,corridor,11.32,4.0,1.0,0,11.32
e_wp_f1_0007__wp_f1_0008,wp_f1_0007,wp_f1_0008,1,corridor,8.0,4.0,1.0,0,8.0
e_wp_f1_0007__wp_f1_0012,wp_f1_0007,wp_f1_0012,1,corridor,11.32,4.0,1.0,0,11.32
e_wp_f1_0007__wp_f1_0013,wp_f1_0007,wp_f1_0013,1,corridor,8.0,4.0,1.0,0,8.0
e_wp_f1_0007__wp_f1_0014,wp_f1_0007,wp_f1_0014,1,corridor,11.31,4.0,1.0,0,11.31
e_wp_f1_0007__wp_f1_0023,wp_f1_0007,wp_f1_0023,1,corridor,16.0,4.0,1.0,0,16.0
e_wp_f1_0008__wp_f1_0013,wp_f1_0008,wp_f1_0013,1,corridor,11.31,4.0,1.0,0,11.31
e_wp_f1_0008__wp_f1_0014,wp_f1_0008,wp_f1_0014,1,corridor,8.0,4.0,1.0,0,8.0
e_wp_f1_0008__wp_f1_0024,wp_f1_0008,wp_f1_0024,1,corridor,16.0,4.0,1.0,0,16.0
e_wp_f1_0008__wp_f1_0015,wp_f1_0008,wp_f1_0015,1,corridor,11.32,4.0,1.0,0,11.32
e_wp_f1_0010__wp_f1_0021,wp_f1_0010,wp_f1_0021,1,corridor,11.32,4.0,1.0,0,11.32
e_wp_f1_0010__wp_f1_0011,wp_f1_0010,wp_f1_0011,1,corridor,8.0,4.0,1.0,0,8.0
e_wp_f1_0010__wp_f1_0012,wp_f1_0010,wp_f1_0012,1,corridor,16.0,4.0,1.0,0,16.0
e_wp_f1_0011__wp_f1_0020,wp_f1_0011,wp_f1_0020,1,corridor,11.32,4.0,1.0,0,11.32
e_wp_f1_0011__wp_f1_0021,wp_f1_0011,wp_f1_0021,1,corridor,8.0,4.0,1.0,0,8.0
e_wp_f1_0011__wp_f1_0012,wp_f1_0011,wp_f1_0012,1,corridor,8.0,4.0,1.0,0,8.0
e_wp_f1_0011__wp_f1_0013,wp_f1_0011,wp_f1_0013,1,corridor,16.0,4.0,1.0,0,16.0
e_wp_f1_0011__wp_f1_0022,wp_f1_0011,wp_f1_0022,1,corridor,11.31,4.0,1.0,0,11.31
e_wp_f1_0012__wp_f1_0021,wp_f1_0012,wp_f1_0021,1,corridor,11.31,4.0,1.0,0,11.31
e_wp_f1_0012__wp_f1_0013,wp_f1_0012,wp_f1_0013,1,corridor,8.0,4.0,1.0,0,8.0
e_wp_f1_0012__wp_f1_0014,wp_f1_0012,wp_f1_0014,1,corridor,16.0,4.0,1.0,0,16.0
e_wp_f1_0012__wp_f1_0022,wp_f1_0012,wp_f1_0022,1,corridor,8.0,4.0,1.0,0,8.0
e_wp_f1_0012__wp_f1_0023,wp_f1_0012,wp_f1_0023,1,corridor,11.32,4.0,1.0,0,11.32
e_wp_f1_0013__wp_f1_0014,wp_f1_0013,wp_f1_0014,1,corridor,8.0,4.0,1.0,0,8.0
e_wp_f1_0013__wp_f1_0022,wp_f1_0013,wp_f1_0022,1,corridor,11.32,4.0,1.0,0,11.32
e_wp_f1_0013__wp_f1_0023,wp_f1_0013,wp_f1_0023,1,corridor,8.0,4.0,1.0,0,8.0
e_wp_f1_0013__wp_f1_0035,wp_f1_0013,wp_f1_0035,1,corridor,16.0,4.0,1.0,0,16.0
e_wp_f1_0013__wp_f1_0024,wp_f1_0013,wp_f1_0024,1,corridor,11.31,4.0,1.0,0,11.31
e_wp_f1_0013__wp_f1_0015,wp_f1_0013,wp_f1_0015,1,corridor,16.0,4.0,1.0,0,16.0
e_wp_f1_0014__wp_f1_0023,wp_f1_0014,wp_f1_0023,1,corridor,11.31,4.0,1.0,0,11.31
e_wp_f1_0014__wp_f1_0036,wp_f1_0014,wp_f1_0036,1,corridor,15.99,4.0,1.0,0,15.99
e_wp_f1_0014__wp_f1_0024,wp_f1_0014,wp_f1_0024,1,corridor,8.0,4.0,1.0,0,8.0
e_wp_f1_0014__wp_f1_0016,wp_f1_0014,wp_f1_0016,1,corridor,16.0,4.0,1.0,0,16.0
e_wp_f1_0014__wp_f1_0015,wp_f1_0014,wp_f1_0015,1,corridor,8.0,4.0,1.0,0,8.0
e_wp_f1_0015__wp_f1_0024,wp_f1_0015,wp_f1_0024,1,corridor,11.32,4.0,1.0,0,11.32
e_wp_f1_0015__wp_f1_0016,wp_f1_0015,wp_f1_0016,1,corridor,8.0,4.0,1.0,0,8.0
e_wp_f1_0015__wp_f1_0017,wp_f1_0015,wp_f1_0017,1,corridor,16.0,4.0,1.0,0,16.0
e_wp_f1_0016__wp_f1_0017,wp_f1_0016,wp_f1_0017,1,corridor,8.0,4.0,1.0,0,8.0
e_wp_f1_0019__wp_f1_0033,wp_f1_0019,wp_f1_0033,1,corridor,11.32,4.0,1.0,0,11.32
e_wp_f1_0019__wp_f1_0034,wp_f1_0019,wp_f1_0034,1,corridor,8.0,4.0,1.0,0,8.0
e_wp_f1_0019__wp_f1_0020,wp_f1_0019,wp_f1_0020,1,corridor,8.0,4.0,1.0,0,8.0
e_wp_f1_0019__wp_f1_0021,wp_f1_0019,wp_f1_0021,1,corridor,16.0,4.0,1.0,0,16.0
e_wp_f1_0020__wp_f1_0034,wp_f1_0020,wp_f1_0034,1,corridor,11.31,4.0,1.0,0,11.31
e_wp_f1_0020__wp_f1_0021,wp_f1_0020,wp_f1_0021,1,corridor,8.0,4.0,1.0,0,8.0
e_wp_f1_0020__wp_f1_0022,wp_f1_0020,wp_f1_0022,1,corridor,16.0,4.0,1.0,0,16.0
e_wp_f1_0021__wp_f1_0022,wp_f1_0021,wp_f1_0022,1,corridor,8.0,4.0,1.0,0,8.0
e_wp_f1_0021__wp_f1_0023,wp_f1_0021,wp_f1_0023,1,corridor,16.0,4.0,1.0,0,16.0
e_wp_f1_0022__wp_f1_0023,wp_f1_0022,wp_f1_0023,1,corridor,8.0,4.0,1.0,0,8.0
e_wp_f1_0022__wp_f1_0024,wp_f1_0022,wp_f1_0024,1,corridor,16.0,4.0,1.0,0,16.0
e_wp_f1_0023__wp_f1_0046,wp_f1_0023,wp_f1_0046,1,corridor,15.99,4.0,1.0,0,15.99
e_wp_f1_0023__wp_f1_0035,wp_f1_0023,wp_f1_0035,1,corridor,8.0,4.0,1.0,0,8.0
e_wp_f1_0023__wp_f1_0036,wp_f1_0023,wp_f1_0036,1,corridor,11.31,4.0,1.0,0,11.31
e_wp_f1_0023__wp_f1_0024,wp_f1_0023,wp_f1_0024,1,corridor,8.0,4.0,1.0,0,8.0
e_wp_f1_0024__wp_f1_0047,wp_f1_0024,wp_f1_0047,1,corridor,15.99,4.0,1.0,0,15.99
e_wp_f1_0024__wp_f1_0035,wp_f1_0024,wp_f1_0035,1,corridor,11.31,4.0,1.0,0,11.31
e_wp_f1_0024__wp_f1_0036,wp_f1_0024,wp_f1_0036,1,corridor,7.99,4.0,1.0,0,7.99
e_wp_f1_0032__wp_f1_0045,wp_f1_0032,wp_f1_0045,1,corridor,8.0,4.0,1.0,0,8.0
e_wp_f1_0032__wp_f1_0044,wp_f1_0032,wp_f1_0044,1,corridor,11.32,4.0,1.0,0,11.32
e_wp_f1_0032__wp_f1_0033,wp_f1_0032,wp_f1_0033,1,corridor,8.0,4.0,1.0,0,8.0
e_wp_f1_0032__wp_f1_0034,wp_f1_0032,wp_f1_0034,1,corridor,16.0,4.0,1.0,0,16.0
e_wp_f1_0033__wp_f1_0045,wp_f1_0033,wp_f1_0045,1,corridor,11.31,4.0,1.0,0,11.31
e_wp_f1_0033__wp_f1_0034,wp_f1_0033,wp_f1_0034,1,corridor,8.0,4.0,1.0,0,8.0
e_wp_f1_0035__wp_f1_0046,wp_f1_0035,wp_f1_0046,1,corridor,7.99,4.0,1.0,0,7.99
e_wp_f1_0035__wp_f1_0047,wp_f1_0035,wp_f1_0047,1,corridor,11.31,4.0,1.0,0,11.31
e_wp_f1_0035__wp_f1_0036,wp_f1_0035,wp_f1_0036,1,corridor,8.0,4.0,1.0,0,8.0
e_wp_f1_0035__wp_f1_0060,wp_f1_0035,wp_f1_0060,1,corridor,15.99,4.0,1.0,0,15.99
e_wp_f1_0036__wp_f1_0046,wp_f1_0036,wp_f1_0046,1,corridor,11.31,4.0,1.0,0,11.31
e_wp_f1_0036__wp_f1_0047,wp_f1_0036,wp_f1_0047,1,corridor,8.0,4.0,1.0,0,8.0
e_wp_f1_0036__wp_f1_0061,wp_f1_0036,wp_f1_0061,1,corridor,16.0,4.0,1.0,0,16.0
e_farmers_l1__wp_f1_0040,wp_f1_0040,farmers_l1,1,corridor,14.73,4.0,1.0,0,14.73
e_wp_f1_0043__wp_f1_0059,wp_f1_0043,wp_f1_0059,1,corridor,11.31,4.0,1.0,0,11.31
e_wp_f1_0044__wp_f1_0045,wp_f1_0044,wp_f1_0045,1,corridor,8.0,4.0,1.0,0,8.0
e_wp_f1_0046__wp_f1_0047,wp_f1_0046,wp_f1_0047,1,corridor,8.0,4.0,1.0,0,8.0
e_wp_f1_0046__wp_f1_0061,wp_f1_0046,wp_f1_0061,1,corridor,11.31,4.0,1.0,0,11.31
e_wp_f1_0046__wp_f1_0076,wp_f1_0046,wp_f1_0076,1,corridor,16.0,4.0,1.0,0,16.0
e_wp_f1_0046__wp_f1_0060,wp_f1_0046,wp_f1_0060,1,corridor,8.0,4.0,1.0,0,8.0
e_wp_f1_0047__wp_f1_0061,wp_f1_0047,wp_f1_0061,1,corridor,8.0,4.0,1.0,0,8.0
e_wp_f1_0047__wp_f1_0077,wp_f1_0047,wp_f1_0077,1,corridor,16.0,4.0,1.0,0,16.0
e_wp_f1_0047__wp_f1_0060,wp_f1_0047,wp_f1_0060,1,corridor,11.31,4.0,1.0,0,11.31
e_wp_f1_0047__wp_f1_0062,wp_f1_0047,wp_f1_0062,1,corridor,11.32,4.0,1.0,0,11.32
e_wp_f1_0048__wp_f1_0049,wp_f1_0048,wp_f1_0049,1,corridor,8.0,4.0,1.0,0,8.0
e_wp_f1_0048__wp_f1_0064,wp_f1_0048,wp_f1_0064,1,corridor,11.32,4.0,1.0,0,11.32
e_wp_f1_0048__wp_f1_0063,wp_f1_0048,wp_f1_0063,1,corridor,8.0,4.0,1.0,0,8.0
e_wp_f1_0049__wp_f1_0064,wp_f1_0049,wp_f1_0064,1,corridor,8.0,4.0,1.0,0,8.0
e_wp_f1_0049__wp_f1_0063,wp_f1_0049,wp_f1_0063,1,corridor,11.32,4.0,1.0,0,11.32
e_farmers_l1__wp_f1_0049,wp_f1_0049,farmers_l1,1,corridor,16.68,4.0,1.0,0,16.68
e_wp_f1_0050__wp_f1_0064,wp_f1_0050,wp_f1_0064,1,corridor,11.31,4.0,1.0,0,11.31
e_farmers_l1__wp_f1_0050,wp_f1_0050,farmers_l1,1,corridor,10.34,4.0,1.0,0,10.34
e_wp_f1_0050__wp_f1_0052,wp_f1_0050,wp_f1_0052,1,corridor,16.01,4.0,1.0,0,16.01
e_farmers_l1__wp_f1_0052,wp_f1_0052,farmers_l1,1,corridor,12.15,4.0,1.0,0,12.15
e_wp_f1_0057__wp_f1_0058,wp_f1_0057,wp_f1_0058,1,corridor,8.01,4.0,1.0,0,8.01
e_wp_f1_0057__wp_f1_0075,wp_f1_0057,wp_f1_0075,1,corridor,11.31,4.0,1.0,0,11.31
e_wp_f1_0057__wp_f1_0074,wp_f1_0057,wp_f1_0074,1,corridor,8.0,4.0,1.0,0,8.0
e_wp_f1_0057__wp_f1_0073,wp_f1_0057,wp_f1_0073,1,corridor,11.31,4.0,1.0,0,11.31
e_wp_f1_0057__wp_f1_0059,wp_f1_0057,wp_f1_0059,1,corridor,16.01,4.0,1.0,0,16.01
e_wp_f1_0058__wp_f1_0075,wp_f1_0058,wp_f1_0075,1,corridor,7.99,4.0,1.0,0,7.99
e_wp_f1_0058__wp_f1_0074,wp_f1_0058,wp_f1_0074,1,corridor,11.32,4.0,1.0,0,11.32
e_wp_f1_0058__wp_f1_0059,wp_f1_0058,wp_f1_0059,1,corridor,8.0,4.0,1.0,0,8.0
e_wp_f1_0059__wp_f1_0075,wp_f1_0059,wp_f1_0075,1,corridor,11.32,4.0,1.0,0,11.32
e_wp_f1_0060__wp_f1_0061,wp_f1_0060,wp_f1_0061,1,corridor,8.0,4.0,1.0,0,8.0
e_wp_f1_0060__wp_f1_0076,wp_f1_0060,wp_f1_0076,1,corridor,8.0,4.0,1.0,0,8.0
e_wp_f1_0060__wp_f1_0077,wp_f1_0060,wp_f1_0077,1,corridor,11.31,4.0,1.0,0,11.31
e_wp_f1_0060__wp_f1_0090,wp_f1_0060,wp_f1_0090,1,corridor,16.0,4.0,1.0,0,16.0
e_wp_f1_0060__wp_f1_0062,wp_f1_0060,wp_f1_0062,1,corridor,16.0,4.0,1.0,0,16.0
e_wp_f1_0061__wp_f1_0076,wp_f1_0061,wp_f1_0076,1,corridor,11.31,4.0,1.0,0,11.31
e_wp_f1_0061__wp_f1_0077,wp_f1_0061,wp_f1_0077,1,corridor,8.0,4.0,1.0,0,8.0
e_wp_f1_0061__wp_f1_0091,wp_f1_0061,wp_f1_0091,1,corridor,16.0,4.0,1.0,0,16.0
e_wp_f1_0061__wp_f1_0062,wp_f1_0061,wp_f1_0062,1,corridor,8.01,4.0,1.0,0,8.01
e_wp_f1_0061__wp_f1_0078,wp_f1_0061,wp_f1_0078,1,corridor,11.32,4.0,1.0,0,11.32
e_wp_f1_0062__wp_f1_0077,wp_f1_0062,wp_f1_0077,1,corridor,11.32,4.0,1.0,0,11.32
e_wp_f1_0062__wp_f1_0092,wp_f1_0062,wp_f1_0092,1,corridor,16.0,4.0,1.0,0,16.0
e_wp_f1_0062__wp_f1_0078,wp_f1_0062,wp_f1_0078,1,corridor,8.0,4.0,1.0,0,8.0
e_wp_f1_0062__wp_f1_0079,wp_f1_0062,wp_f1_0079,1,corridor,11.32,4.0,1.0,0,11.32
e_wp_f1_0063__wp_f1_0064,wp_f1_0063,wp_f1_0064,1,corridor,8.01,4.0,1.0,0,8.01
e_esc_ne_l1__wp_f1_0064,wp_f1_0064,esc_ne_l1,1,corridor,11.93,4.0,1.0,0,11.93
e_wp_f1_0070__wp_f1_0086,wp_f1_0070,wp_f1_0086,1,corridor,8.0,4.0,1.0,0,8.0
e_wp_f1_0070__wp_f1_0085,wp_f1_0070,wp_f1_0085,1,corridor,11.31,4.0,1.0,0,11.31
e_wp_f1_0070__wp_f1_0101,wp_f1_0070,wp_f1_0101,1,corridor,16.0,4.0,1.0,0,16.0
e_wp_f1_0070__wp_f1_0087,wp_f1_0070,wp_f1_0087,1,corridor,11.32,4.0,1.0,0,11.32
e_wp_f1_0070__wp_f1_0071,wp_f1_0070,wp_f1_0071,1,corridor,8.01,4.0,1.0,0,8.01
e_wp_f1_0070__wp_f1_0072,wp_f1_0070,wp_f1_0072,1,corridor,16.0,4.0,1.0,0,16.0
e_wp_f1_0071__wp_f1_0086,wp_f1_0071,wp_f1_0086,1,corridor,11.32,4.0,1.0,0,11.32
e_wp_f1_0071__wp_f1_0087,wp_f1_0071,wp_f1_0087,1,corridor,8.0,4.0,1.0,0,8.0
e_wp_f1_0071__wp_f1_0102,wp_f1_0071,wp_f1_0102,1,corridor,16.0,4.0,1.0,0,16.0
e_wp_f1_0071__wp_f1_0072,wp_f1_0071,wp_f1_0072,1,corridor,8.0,4.0,1.0,0,8.0
e_wp_f1_0071__wp_f1_0073,wp_f1_0071,wp_f1_0073,1,corridor,16.0,4.0,1.0,0,16.0
e_wp_f1_0072__wp_f1_0087,wp_f1_0072,wp_f1_0087,1,corridor,11.31,4.0,1.0,0,11.31
e_esc_nw_l1__wp_f1_0072,wp_f1_0072,esc_nw_l1,1,corridor,13.33,4.0,1.0,0,13.33
e_wp_f1_0072__wp_f1_0074,wp_f1_0072,wp_f1_0074,1,corridor,16.0,4.0,1.0,0,16.0
e_wp_f1_0072__wp_f1_0073,wp_f1_0072,wp_f1_0073,1,corridor,8.01,4.0,1.0,0,8.01
e_esc_nw_l1__wp_f1_0073,wp_f1_0073,esc_nw_l1,1,corridor,12.84,4.0,1.0,0,12.84
e_wp_f1_0073__wp_f1_0075,wp_f1_0073,wp_f1_0075,1,corridor,16.0,4.0,1.0,0,16.0
e_wp_f1_0073__wp_f1_0074,wp_f1_0073,wp_f1_0074,1,corridor,8.0,4.0,1.0,0,8.0
e_esc_nw_l1__wp_f1_0074,wp_f1_0074,esc_nw_l1,1,corridor,16.73,4.0,1.0,0,16.73
e_wp_f1_0074__wp_f1_0075,wp_f1_0074,wp_f1_0075,1,corridor,8.0,4.0,1.0,0,8.0
e_wp_f1_0076__wp_f1_0103,wp_f1_0076,wp_f1_0103,1,corridor,16.0,4.0,1.0,0,16.0
e_wp_f1_0076__wp_f1_0077,wp_f1_0076,wp_f1_0077,1,corridor,8.0,4.0,1.0,0,8.0
e_wp_f1_0076__wp_f1_0090,wp_f1_0076,wp_f1_0090,1,corridor,8.0,4.0,1.0,0,8.0
e_wp_f1_0076__wp_f1_0091,wp_f1_0076,wp_f1_0091,1,corridor,11.31,4.0,1.0,0,11.31
e_wp_f1_0076__wp_f1_0078,wp_f1_0076,wp_f1_0078,1,corridor,16.0,4.0,1.0,0,16.0
e_wp_f1_0077__wp_f1_0090,wp_f1_0077,wp_f1_0090,1,corridor,11.31,4.0,1.0,0,11.31
e_wp_f1_0077__wp_f1_0091,wp_f1_0077,wp_f1_0091,1,corridor,8.0,4.0,1.0,0,8.0
e_wp_f1_0077__wp_f1_0104,wp_f1_0077,wp_f1_0104,1,corridor,16.0,4.0,1.0,0,16.0
e_wp_f1_0077__wp_f1_0092,wp_f1_0077,wp_f1_0092,1,corridor,11.32,4.0,1.0,0,11.32
e_wp_f1_0077__wp_f1_0078,wp_f1_0077,wp_f1_0078,1,corridor,8.01,4.0,1.0,0,8.01
e_wp_f1_0077__wp_f1_0079,wp_f1_0077,wp_f1_0079,1,corridor,16.01,4.0,1.0,0,16.01
e_wp_f1_0078__wp_f1_0091,wp_f1_0078,wp_f1_0091,1,corridor,11.32,4.0,1.0,0,11.32
e_wp_f1_0078__wp_f1_0105,wp_f1_0078,wp_f1_0105,1,corridor,16.0,4.0,1.0,0,16.0
e_wp_f1_0078__wp_f1_0092,wp_f1_0078,wp_f1_0092,1,corridor,8.0,4.0,1.0,0,8.0
e_wp_f1_0078__wp_f1_0093,wp_f1_0078,wp_f1_0093,1,corridor,11.32,4.0,1.0,0,11.32
e_wp_f1_0078__wp_f1_0079,wp_f1_0078,wp_f1_0079,1,corridor,8.01,4.0,1.0,0,8.01
e_wp_f1_0079__wp_f1_0092,wp_f1_0079,wp_f1_0092,1,corridor,11.32,4.0,1.0,0,11.32
e_wp_f1_0079__wp_f1_0106,wp_f1_0079,wp_f1_0106,1,corridor,15.99,4.0,1.0,0,15.99
e_wp_f1_0079__wp_f1_0093,wp_f1_0079,wp_f1_0093,1,corridor,8.0,4.0,1.0,0,8.0
e_wp_f1_0079__wp_f1_0094,wp_f1_0079,wp_f1_0094,1,corridor,11.31,4.0,1.0,0,11.31
e_wp_f1_0085__wp_f1_0086,wp_f1_0085,wp_f1_0086,1,corridor,8.0,4.0,1.0,0,8.0
e_wp_f1_0085__wp_f1_0101,wp_f1_0085,wp_f1_0101,1,corridor,11.31,4.0,1.0,0,11.31
e_wp_f1_0085__wp_f1_0100,wp_f1_0085,wp_f1_0100,1,corridor,8.0,4.0,1.0,0,8.0
e_wp_f1_0085__wp_f1_0087,wp_f1_0085,wp_f1_0087,1,corridor,16.0,4.0,1.0,0,16.0
e_wp_f1_0086__wp_f1_0101,wp_f1_0086,wp_f1_0101,1,corridor,8.0,4.0,1.0,0,8.0
e_wp_f1_0086__wp_f1_0100,wp_f1_0086,wp_f1_0100,1,corridor,11.31,4.0,1.0,0,11.31
e_wp_f1_0086__wp_f1_0087,wp_f1_0086,wp_f1_0087,1,corridor,8.01,4.0,1.0,0,8.01
e_wp_f1_0086__wp_f1_0102,wp_f1_0086,wp_f1_0102,1,corridor,11.32,4.0,1.0,0,11.32
e_wp_f1_0087__wp_f1_0101,wp_f1_0087,wp_f1_0101,1,corridor,11.32,4.0,1.0,0,11.32
e_wp_f1_0087__wp_f1_0102,wp_f1_0087,wp_f1_0102,1,corridor,8.0,4.0,1.0,0,8.0
e_esc_nw_l1__wp_f1_0087,wp_f1_0087,esc_nw_l1,1,corridor,13.55,4.0,1.0,0,13.55
e_wp_f1_0090__wp_f1_0103,wp_f1_0090,wp_f1_0103,1,corridor,8.0,4.0,1.0,0,8.0
e_wp_f1_0090__wp_f1_0091,wp_f1_0090,wp_f1_0091,1,corridor,8.0,4.0,1.0,0,8.0
e_wp_f1_0090__wp_f1_0104,wp_f1_0090,wp_f1_0104,1,corridor,11.31,4.0,1.0,0,11.31
e_wp_f1_0090__wp_f1_0111,wp_f1_0090,wp_f1_0111,1,corridor,16.0,4.0,1.0,0,16.0
e_wp_f1_0090__wp_f1_0092,wp_f1_0090,wp_f1_0092,1,corridor,16.0,4.0,1.0,0,16.0
e_wp_f1_0091__wp_f1_0103,wp_f1_0091,wp_f1_0103,1,corridor,11.31,4.0,1.0,0,11.31
e_wp_f1_0091__wp_f1_0104,wp_f1_0091,wp_f1_0104,1,corridor,8.0,4.0,1.0,0,8.0
e_wp_f1_0091__wp_f1_0112,wp_f1_0091,wp_f1_0112,1,corridor,16.0,4.0,1.0,0,16.0
e_wp_f1_0091__wp_f1_0105,wp_f1_0091,wp_f1_0105,1,corridor,11.32,4.0,1.0,0,11.32
e_wp_f1_0091__wp_f1_0092,wp_f1_0091,wp_f1_0092,1,corridor,8.01,4.0,1.0,0,8.01
e_wp_f1_0091__wp_f1_0093,wp_f1_0091,wp_f1_0093,1,corridor,16.01,4.0,1.0,0,16.01
e_wp_f1_0092__wp_f1_0104,wp_f1_0092,wp_f1_0104,1,corridor,11.32,4.0,1.0,0,11.32
e_wp_f1_0092__wp_f1_0113,wp_f1_0092,wp_f1_0113,1,corridor,15.99,4.0,1.0,0,15.99
e_wp_f1_0092__wp_f1_0105,wp_f1_0092,wp_f1_0105,1,corridor,8.0,4.0,1.0,0,8.0
e_wp_f1_0092__wp_f1_0106,wp_f1_0092,wp_f1_0106,1,corridor,11.31,4.0,1.0,0,11.31
e_wp_f1_0092__wp_f1_0093,wp_f1_0092,wp_f1_0093,1,corridor,8.01,4.0,1.0,0,8.01
e_wp_f1_0092__wp_f1_0094,wp_f1_0092,wp_f1_0094,1,corridor,16.0,4.0,1.0,0,16.0
e_wp_f1_0093__wp_f1_0105,wp_f1_0093,wp_f1_0105,1,corridor,11.32,4.0,1.0,0,11.32
e_wp_f1_0093__wp_f1_0114,wp_f1_0093,wp_f1_0114,1,corridor,15.99,4.0,1.0,0,15.99
e_wp_f1_0093__wp_f1_0106,wp_f1_0093,wp_f1_0106,1,corridor,7.99,4.0,1.0,0,7.99
e_wp_f1_0093__wp_f1_0094,wp_f1_0093,wp_f1_0094,1,corridor,8.0,4.0,1.0,0,8.0
e_wp_f1_0094__wp_f1_0106,wp_f1_0094,wp_f1_0106,1,corridor,11.31,4.0,1.0,0,11.31
e_wp_f1_0100__wp_f1_0101,wp_f1_0100,wp_f1_0101,1,corridor,8.0,4.0,1.0,0,8.0
e_wp_f1_0100__wp_f1_0102,wp_f1_0100,wp_f1_0102,1,corridor,16.0,4.0,1.0,0,16.0
e_wp_f1_0101__wp_f1_0102,wp_f1_0101,wp_f1_0102,1,corridor,8.01,4.0,1.0,0,8.01
e_esc_nw_l1__wp_f1_0102,wp_f1_0102,esc_nw_l1,1,corridor,13.29,4.0,1.0,0,13.29
e_wp_f1_0103__wp_f1_0104,wp_f1_0103,wp_f1_0104,1,corridor,8.0,4.0,1.0,0,8.0
e_wp_f1_0103__wp_f1_0111,wp_f1_0103,wp_f1_0111,1,corridor,8.0,4.0,1.0,0,8.0
e_wp_f1_0103__wp_f1_0112,wp_f1_0103,wp_f1_0112,1,corridor,11.32,4.0,1.0,0,11.32
e_wp_f1_0103__wp_f1_0115,wp_f1_0103,wp_f1_0115,1,corridor,16.0,4.0,1.0,0,16.0
e_wp_f1_0103__wp_f1_0105,wp_f1_0103,wp_f1_0105,1,corridor,16.0,4.0,1.0,0,16.0
e_wp_f1_0104__wp_f1_0111,wp_f1_0104,wp_f1_0111,1,corridor,11.31,4.0,1.0,0,11.31
e_wp_f1_0104__wp_f1_0112,wp_f1_0104,wp_f1_0112,1,corridor,8.0,4.0,1.0,0,8.0
e_wp_f1_0104__wp_f1_0113,wp_f1_0104,wp_f1_0113,1,corridor,11.31,4.0,1.0,0,11.31
e_wp_f1_0104__wp_f1_0116,wp_f1_0104,wp_f1_0116,1,corridor,15.99,4.0,1.0,0,15.99
e_wp_f1_0104__wp_f1_0105,wp_f1_0104,wp_f1_0105,1,corridor,8.01,4.0,1.0,0,8.01
e_wp_f1_0104__wp_f1_0106,wp_f1_0104,wp_f1_0106,1,corridor,16.01,4.0,1.0,0,16.01
e_wp_f1_0105__wp_f1_0112,wp_f1_0105,wp_f1_0112,1,corridor,11.31,4.0,1.0,0,11.31
e_wp_f1_0105__wp_f1_0113,wp_f1_0105,wp_f1_0113,1,corridor,7.99,4.0,1.0,0,7.99
e_wp_f1_0105__wp_f1_0117,wp_f1_0105,wp_f1_0117,1,corridor,15.99,4.0,1.0,0,15.99
e_wp_f1_0105__wp_f1_0114,wp_f1_0105,wp_f1_0114,1,corridor,11.31,4.0,1.0,0,11.31
e_wp_f1_0105__wp_f1_0106,wp_f1_0105,wp_f1_0106,1,corridor,8.0,4.0,1.0,0,8.0
e_wp_f1_0106__wp_f1_0113,wp_f1_0106,wp_f1_0113,1,corridor,11.32,4.0,1.0,0,11.32
e_wp_f1_0106__wp_f1_0114,wp_f1_0106,wp_f1_0114,1,corridor,8.0,4.0,1.0,0,8.0
e_wp_f1_0106__wp_f1_0118,wp_f1_0106,wp_f1_0118,1,corridor,16.0,4.0,1.0,0,16.0
e_wp_f1_0111__wp_f1_0119,wp_f1_0111,wp_f1_0119,1,corridor,15.99,4.0,1.0,0,15.99
e_wp_f1_0111__wp_f1_0112,wp_f1_0111,wp_f1_0112,1,corridor,8.01,4.0,1.0,0,8.01
e_wp_f1_0111__wp_f1_0113,wp_f1_0111,wp_f1_0113,1,corridor,16.0,4.0,1.0,0,16.0
e_wp_f1_0111__wp_f1_0115,wp_f1_0111,wp_f1_0115,1,corridor,8.0,4.0,1.0,0,8.0
e_wp_f1_0111__wp_f1_0116,wp_f1_0111,wp_f1_0116,1,corridor,11.31,4.0,1.0,0,11.31
e_wp_f1_0112__wp_f1_0113,wp_f1_0112,wp_f1_0113,1,corridor,8.0,4.0,1.0,0,8.0
e_wp_f1_0112__wp_f1_0115,wp_f1_0112,wp_f1_0115,1,corridor,11.32,4.0,1.0,0,11.32
e_wp_f1_0112__wp_f1_0117,wp_f1_0112,wp_f1_0117,1,corridor,11.31,4.0,1.0,0,11.31
e_wp_f1_0112__wp_f1_0120,wp_f1_0112,wp_f1_0120,1,corridor,15.99,4.0,1.0,0,15.99
e_wp_f1_0112__wp_f1_0116,wp_f1_0112,wp_f1_0116,1,corridor,7.99,4.0,1.0,0,7.99
e_wp_f1_0112__wp_f1_0114,wp_f1_0112,wp_f1_0114,1,corridor,16.0,4.0,1.0,0,16.0
e_wp_f1_0113__wp_f1_0117,wp_f1_0113,wp_f1_0117,1,corridor,8.0,4.0,1.0,0,8.0
e_wp_f1_0113__wp_f1_0121,wp_f1_0113,wp_f1_0121,1,corridor,16.0,4.0,1.0,0,16.0
e_wp_f1_0113__wp_f1_0116,wp_f1_0113,wp_f1_0116,1,corridor,11.31,4.0,1.0,0,11.31
e_wp_f1_0113__wp_f1_0114,wp_f1_0113,wp_f1_0114,1,corridor,8.01,4.0,1.0,0,8.01
e_wp_f1_0113__wp_f1_0118,wp_f1_0113,wp_f1_0118,1,corridor,11.32,4.0,1.0,0,11.32
e_wp_f1_0114__wp_f1_0117,wp_f1_0114,wp_f1_0117,1,corridor,11.32,4.0,1.0,0,11.32
e_wp_f1_0114__wp_f1_0118,wp_f1_0114,wp_f1_0118,1,corridor,8.0,4.0,1.0,0,8.0
e_wp_f1_0115__wp_f1_0122,wp_f1_0115,wp_f1_0122,1,corridor,15.99,4.0,1.0,0,15.99
e_wp_f1_0115__wp_f1_0119,wp_f1_0115,wp_f1_0119,1,corridor,7.99,4.0,1.0,0,7.99
e_wp_f1_0115__wp_f1_0117,wp_f1_0115,wp_f1_0117,1,corridor,16.0,4.0,1.0,0,16.0
e_wp_f1_0115__wp_f1_0120,wp_f1_0115,wp_f1_0120,1,corridor,11.31,4.0,1.0,0,11.31
e_wp_f1_0115__wp_f1_0116,wp_f1_0115,wp_f1_0116,1,corridor,8.0,4.0,1.0,0,8.0
e_wp_f1_0116__wp_f1_0119,wp_f1_0116,wp_f1_0119,1,corridor,11.32,4.0,1.0,0,11.32
e_wp_f1_0116__wp_f1_0117,wp_f1_0116,wp_f1_0117,1,corridor,8.0,4.0,1.0,0,8.0
e_wp_f1_0116__wp_f1_0121,wp_f1_0116,wp_f1_0121,1,corridor,11.31,4.0,1.0,0,11.31
e_wp_f1_0116__wp_f1_0123,wp_f1_0116,wp_f1_0123,1,corridor,16.0,4.0,1.0,0,16.0
e_wp_f1_0116__wp_f1_0120,wp_f1_0116,wp_f1_0120,1,corridor,8.0,4.0,1.0,0,8.0
e_wp_f1_0116__wp_f1_0118,wp_f1_0116,wp_f1_0118,1,corridor,16.0,4.0,1.0,0,16.0
e_wp_f1_0117__wp_f1_0121,wp_f1_0117,wp_f1_0121,1,corridor,8.0,4.0,1.0,0,8.0
e_wp_f1_0117__wp_f1_0120,wp_f1_0117,wp_f1_0120,1,corridor,11.31,4.0,1.0,0,11.31
e_wp_f1_0117__wp_f1_0118,wp_f1_0117,wp_f1_0118,1,corridor,8.01,4.0,1.0,0,8.01
e_wp_f1_0118__wp_f1_0121,wp_f1_0118,wp_f1_0121,1,corridor,11.32,4.0,1.0,0,11.32
e_wp_f1_0119__wp_f1_0122,wp_f1_0119,wp_f1_0122,1,corridor,8.0,4.0,1.0,0,8.0
e_wp_f1_0119__wp_f1_0121,wp_f1_0119,wp_f1_0121,1,corridor,16.0,4.0,1.0,0,16.0
e_wp_f1_0119__wp_f1_0123,wp_f1_0119,wp_f1_0123,1,corridor,11.32,4.0,1.0,0,11.32
e_wp_f1_0119__wp_f1_0120,wp_f1_0119,wp_f1_0120,1,corridor,8.01,4.0,1.0,0,8.01
e_wp_f1_0120__wp_f1_0122,wp_f1_0120,wp_f1_0122,1,corridor,11.32,4.0,1.0,0,11.32
e_wp_f1_0120__wp_f1_0121,wp_f1_0120,wp_f1_0121,1,corridor,8.0,4.0,1.0,0,8.0
e_wp_f1_0120__wp_f1_0123,wp_f1_0120,wp_f1_0123,1,corridor,8.0,4.0,1.0,0,8.0
e_wp_f1_0121__wp_f1_0123,wp_f1_0121,wp_f1_0123,1,corridor,11.31,4.0,1.0,0,11.31
e_wp_f1_0122__wp_f1_0123,wp_f1_0122,wp_f1_0123,1,corridor,8.01,4.0,1.0,0,8.01
e_wp_f1_0124__wp_f1_0126,wp_f1_0124,wp_f1_0126,1,corridor,8.0,4.0,1.0,0,8.0
e_jbhifi__wp_f1_0124,wp_f1_0124,jbhifi,1,corridor,14.17,4.0,1.0,0,14.17
e_wp_f1_0124__wp_f1_0125,wp_f1_0124,wp_f1_0125,1,corridor,8.0,4.0,1.0,0,8.0
e_wp_f1_0125__wp_f1_0126,wp_f1_0125,wp_f1_0126,1,corridor,11.31,4.0,1.0,0,11.31
e_jbhifi__wp_f1_0125,wp_f1_0125,jbhifi,1,corridor,11.07,4.0,1.0,0,11.07
e_jbhifi__wp_f1_0126,wp_f1_0126,jbhifi,1,corridor,9.39,4.0,1.0,0,9.39
e_carpark_l1_e__esc_se_l1,carpark_l1_e,esc_se_l1,1,corridor,5.35,4.0,0.8,0,6.69
e_carpark_l1_w__esc_sw_l1,carpark_l1_w,esc_sw_l1,1,corridor,9.29,4.0,0.8,0,11.61
a_main_entry__wp_f1_0122,main_entry,wp_f1_0122,1,access_link,34.89,3.0,0.9,0,38.76
a_carpark_l1_w__wp_f1_0044,carpark_l1_w,wp_f1_0044,1,access_link,34.04,3.0,0.9,0,37.82
a_jbhifi__wp_f1_0123,jbhifi,wp_f1_0123,1,access_link,31.34,3.0,0.9,0,34.82
a_esc_sw_l1__wp_f1_0044,esc_sw_l1,wp_f1_0044,1,access_link,28.98,3.0,0.9,0,32.2
e_wp_f2_0000__wp_f2_0002,wp_f2_0000,wp_f2_0002,2,corridor,7.99,4.0,1.0,0,7.99
e_wp_f2_0000__wp_f2_0006,wp_f2_0000,wp_f2_0006,2,corridor,15.99,4.0,1.0,0,15.99
e_wp_f2_0000__wp_f2_0001,wp_f2_0000,wp_f2_0001,2,corridor,11.32,4.0,1.0,0,11.32
e_wp_f2_0000__wp_f2_0003,wp_f2_0000,wp_f2_0003,2,corridor,11.31,4.0,1.0,0,11.31
e_wp_f2_0001__wp_f2_0002,wp_f2_0001,wp_f2_0002,2,corridor,8.0,4.0,1.0,0,8.0
e_wp_f2_0001__wp_f2_0006,wp_f2_0001,wp_f2_0006,2,corridor,11.31,4.0,1.0,0,11.31
e_wp_f2_0001__wp_f2_0005,wp_f2_0001,wp_f2_0005,2,corridor,7.99,4.0,1.0,0,7.99
e_wp_f2_0001__wp_f2_0004,wp_f2_0001,wp_f2_0004,2,corridor,11.31,4.0,1.0,0,11.31
e_wp_f2_0001__wp_f2_0013,wp_f2_0001,wp_f2_0013,2,corridor,15.99,4.0,1.0,0,15.99
e_wp_f2_0001__wp_f2_0003,wp_f2_0001,wp_f2_0003,2,corridor,16.0,4.0,1.0,0,16.0
e_wp_f2_0002__wp_f2_0006,wp_f2_0002,wp_f2_0006,2,corridor,8.0,4.0,1.0,0,8.0
e_wp_f2_0002__wp_f2_0005,wp_f2_0002,wp_f2_0005,2,corridor,11.32,4.0,1.0,0,11.32
e_wp_f2_0002__wp_f2_0014,wp_f2_0002,wp_f2_0014,2,corridor,16.0,4.0,1.0,0,16.0
e_wp_f2_0002__wp_f2_0003,wp_f2_0002,wp_f2_0003,2,corridor,8.0,4.0,1.0,0,8.0
e_wp_f2_0002__wp_f2_0007,wp_f2_0002,wp_f2_0007,2,corridor,11.31,4.0,1.0,0,11.31
e_wp_f2_0003__wp_f2_0006,wp_f2_0003,wp_f2_0006,2,corridor,11.31,4.0,1.0,0,11.31
e_wp_f2_0003__wp_f2_0008,wp_f2_0003,wp_f2_0008,2,corridor,11.32,4.0,1.0,0,11.32
e_wp_f2_0003__wp_f2_0015,wp_f2_0003,wp_f2_0015,2,corridor,16.0,4.0,1.0,0,16.0
e_wp_f2_0003__wp_f2_0007,wp_f2_0003,wp_f2_0007,2,corridor,8.0,4.0,1.0,0,8.0
e_wp_f2_0004__wp_f2_0011,wp_f2_0004,wp_f2_0011,2,corridor,11.32,4.0,1.0,0,11.32
e_wp_f2_0004__wp_f2_0006,wp_f2_0004,wp_f2_0006,2,corridor,16.0,4.0,1.0,0,16.0
e_wp_f2_0004__wp_f2_0005,wp_f2_0004,wp_f2_0005,2,corridor,8.0,4.0,1.0,0,8.0
e_wp_f2_0004__wp_f2_0012,wp_f2_0004,wp_f2_0012,2,corridor,8.0,4.0,1.0,0,8.0
e_wp_f2_0004__wp_f2_0013,wp_f2_0004,wp_f2_0013,2,corridor,11.31,4.0,1.0,0,11.31
e_wp_f2_0004__wp_f2_0023,wp_f2_0004,wp_f2_0023,2,corridor,15.99,4.0,1.0,0,15.99
e_wp_f2_0005__wp_f2_0006,wp_f2_0005,wp_f2_0006,2,corridor,8.0,4.0,1.0,0,8.0
e_wp_f2_0005__wp_f2_0012,wp_f2_0005,wp_f2_0012,2,corridor,11.32,4.0,1.0,0,11.32
e_wp_f2_0005__wp_f2_0013,wp_f2_0005,wp_f2_0013,2,corridor,8.0,4.0,1.0,0,8.0
e_wp_f2_0005__wp_f2_0014,wp_f2_0005,wp_f2_0014,2,corridor,11.32,4.0,1.0,0,11.32
e_wp_f2_0005__wp_f2_0024,wp_f2_0005,wp_f2_0024,2,corridor,16.0,4.0,1.0,0,16.0
e_wp_f2_0005__wp_f2_0007,wp_f2_0005,wp_f2_0007,2,corridor,16.0,4.0,1.0,0,16.0
e_wp_f2_0006__wp_f2_0013,wp_f2_0006,wp_f2_0013,2,corridor,11.32,4.0,1.0,0,11.32
e_wp_f2_0006__wp_f2_0014,wp_f2_0006,wp_f2_0014,2,corridor,8.0,4.0,1.0,0,8.0
e_wp_f2_0006__wp_f2_0025,wp_f2_0006,wp_f2_0025,2,corridor,16.0,4.0,1.0,0,16.0
e_wp_f2_0006__wp_f2_0008,wp_f2_0006,wp_f2_0008,2,corridor,16.0,4.0,1.0,0,16.0
e_wp_f2_0006__wp_f2_0015,wp_f2_0006,wp_f2_0015,2,corridor,11.31,4.0,1.0,0,11.31
e_wp_f2_0006__wp_f2_0007,wp_f2_0006,wp_f2_0007,2,corridor,8.0,4.0,1.0,0,8.0
e_wp_f2_0007__wp_f2_0014,wp_f2_0007,wp_f2_0014,2,corridor,11.31,4.0,1.0,0,11.31
e_wp_f2_0007__wp_f2_0009,wp_f2_0007,wp_f2_0009,2,corridor,16.0,4.0,1.0,0,16.0
e_wp_f2_0007__wp_f2_0008,wp_f2_0007,wp_f2_0008,2,corridor,8.0,4.0,1.0,0,8.0
e_wp_f2_0007__wp_f2_0015,wp_f2_0007,wp_f2_0015,2,corridor,8.0,4.0,1.0,0,8.0
e_wp_f2_0007__wp_f2_0016,wp_f2_0007,wp_f2_0016,2,corridor,11.32,4.0,1.0,0,11.32
e_wp_f2_0007__wp_f2_0026,wp_f2_0007,wp_f2_0026,2,corridor,16.0,4.0,1.0,0,16.0
e_wp_f2_0008__wp_f2_0017,wp_f2_0008,wp_f2_0017,2,corridor,11.31,4.0,1.0,0,11.31
e_wp_f2_0008__wp_f2_0009,wp_f2_0008,wp_f2_0009,2,corridor,8.0,4.0,1.0,0,8.0
e_wp_f2_0008__wp_f2_0015,wp_f2_0008,wp_f2_0015,2,corridor,11.32,4.0,1.0,0,11.32
e_wp_f2_0008__wp_f2_0016,wp_f2_0008,wp_f2_0016,2,corridor,8.0,4.0,1.0,0,8.0
e_wp_f2_0008__wp_f2_0027,wp_f2_0008,wp_f2_0027,2,corridor,16.0,4.0,1.0,0,16.0
e_wp_f2_0009__wp_f2_0017,wp_f2_0009,wp_f2_0017,2,corridor,8.0,4.0,1.0,0,8.0
e_wp_f2_0009__wp_f2_0016,wp_f2_0009,wp_f2_0016,2,corridor,11.31,4.0,1.0,0,11.31
e_wp_f2_0009__wp_f2_0018,wp_f2_0009,wp_f2_0018,2,corridor,11.32,4.0,1.0,0,11.32
e_wp_f2_0009__wp_f2_0028,wp_f2_0009,wp_f2_0028,2,corridor,16.0,4.0,1.0,0,16.0
e_wp_f2_0010__wp_f2_0020,wp_f2_0010,wp_f2_0020,2,corridor,11.32,4.0,1.0,0,11.32
e_wp_f2_0010__wp_f2_0011,wp_f2_0010,wp_f2_0011,2,corridor,8.0,4.0,1.0,0,8.0
e_wp_f2_0010__wp_f2_0012,wp_f2_0010,wp_f2_0012,2,corridor,16.0,4.0,1.0,0,16.0
e_wp_f2_0010__wp_f2_0021,wp_f2_0010,wp_f2_0021,2,corridor,8.0,4.0,1.0,0,8.0
e_wp_f2_0010__wp_f2_0034,wp_f2_0010,wp_f2_0034,2,corridor,16.0,4.0,1.0,0,16.0
e_wp_f2_0010__wp_f2_0022,wp_f2_0010,wp_f2_0022,2,corridor,11.31,4.0,1.0,0,11.31
e_wp_f2_0011__wp_f2_0012,wp_f2_0011,wp_f2_0012,2,corridor,8.0,4.0,1.0,0,8.0
e_wp_f2_0011__wp_f2_0013,wp_f2_0011,wp_f2_0013,2,corridor,16.0,4.0,1.0,0,16.0
e_wp_f2_0011__wp_f2_0021,wp_f2_0011,wp_f2_0021,2,corridor,11.31,4.0,1.0,0,11.31
e_wp_f2_0011__wp_f2_0023,wp_f2_0011,wp_f2_0023,2,corridor,11.31,4.0,1.0,0,11.31
e_wp_f2_0011__wp_f2_0022,wp_f2_0011,wp_f2_0022,2,corridor,8.0,4.0,1.0,0,8.0
e_wp_f2_0011__wp_f2_0035,wp_f2_0011,wp_f2_0035,2,corridor,15.99,4.0,1.0,0,15.99
e_wp_f2_0012__wp_f2_0013,wp_f2_0012,wp_f2_0013,2,corridor,8.0,4.0,1.0,0,8.0
e_wp_f2_0012__wp_f2_0014,wp_f2_0012,wp_f2_0014,2,corridor,16.0,4.0,1.0,0,16.0
e_wp_f2_0012__wp_f2_0023,wp_f2_0012,wp_f2_0023,2,corridor,7.99,4.0,1.0,0,7.99
e_wp_f2_0012__wp_f2_0024,wp_f2_0012,wp_f2_0024,2,corridor,11.31,4.0,1.0,0,11.31
e_wp_f2_0012__wp_f2_0022,wp_f2_0012,wp_f2_0022,2,corridor,11.32,4.0,1.0,0,11.32
e_wp_f2_0012__wp_f2_0036,wp_f2_0012,wp_f2_0036,2,corridor,15.99,4.0,1.0,0,15.99
e_wp_f2_0013__wp_f2_0014,wp_f2_0013,wp_f2_0014,2,corridor,8.0,4.0,1.0,0,8.0
e_wp_f2_0013__wp_f2_0025,wp_f2_0013,wp_f2_0025,2,corridor,11.32,4.0,1.0,0,11.32
e_wp_f2_0013__wp_f2_0023,wp_f2_0013,wp_f2_0023,2,corridor,11.31,4.0,1.0,0,11.31
e_wp_f2_0013__wp_f2_0024,wp_f2_0013,wp_f2_0024,2,corridor,8.0,4.0,1.0,0,8.0
e_wp_f2_0013__wp_f2_0037,wp_f2_0013,wp_f2_0037,2,corridor,16.0,4.0,1.0,0,16.0
e_wp_f2_0013__wp_f2_0015,wp_f2_0013,wp_f2_0015,2,corridor,16.0,4.0,1.0,0,16.0
e_wp_f2_0014__wp_f2_0025,wp_f2_0014,wp_f2_0025,2,corridor,8.0,4.0,1.0,0,8.0
e_wp_f2_0014__wp_f2_0024,wp_f2_0014,wp_f2_0024,2,corridor,11.32,4.0,1.0,0,11.32
e_wp_f2_0014__wp_f2_0038,wp_f2_0014,wp_f2_0038,2,corridor,16.0,4.0,1.0,0,16.0
e_wp_f2_0014__wp_f2_0015,wp_f2_0014,wp_f2_0015,2,corridor,8.0,4.0,1.0,0,8.0
e_wp_f2_0014__wp_f2_0016,wp_f2_0014,wp_f2_0016,2,corridor,16.0,4.0,1.0,0,16.0
e_wp_f2_0014__wp_f2_0026,wp_f2_0014,wp_f2_0026,2,corridor,11.31,4.0,1.0,0,11.31
e_wp_f2_0015__wp_f2_0025,wp_f2_0015,wp_f2_0025,2,corridor,11.31,4.0,1.0,0,11.31
e_wp_f2_0015__wp_f2_0017,wp_f2_0015,wp_f2_0017,2,corridor,16.0,4.0,1.0,0,16.0
e_wp_f2_0015__wp_f2_0016,wp_f2_0015,wp_f2_0016,2,corridor,8.0,4.0,1.0,0,8.0
e_wp_f2_0015__wp_f2_0026,wp_f2_0015,wp_f2_0026,2,corridor,8.0,4.0,1.0,0,8.0
e_wp_f2_0015__wp_f2_0027,wp_f2_0015,wp_f2_0027,2,corridor,11.32,4.0,1.0,0,11.32
e_wp_f2_0015__wp_f2_0039,wp_f2_0015,wp_f2_0039,2,corridor,16.0,4.0,1.0,0,16.0
e_wp_f2_0016__wp_f2_0017,wp_f2_0016,wp_f2_0017,2,corridor,8.0,4.0,1.0,0,8.0
e_wp_f2_0016__wp_f2_0026,wp_f2_0016,wp_f2_0026,2,corridor,11.32,4.0,1.0,0,11.32
e_wp_f2_0016__wp_f2_0018,wp_f2_0016,wp_f2_0018,2,corridor,16.0,4.0,1.0,0,16.0
e_wp_f2_0016__wp_f2_0027,wp_f2_0016,wp_f2_0027,2,corridor,8.0,4.0,1.0,0,8.0
e_wp_f2_0016__wp_f2_0028,wp_f2_0016,wp_f2_0028,2,corridor,11.31,4.0,1.0,0,11.31
e_wp_f2_0017__wp_f2_0018,wp_f2_0017,wp_f2_0018,2,corridor,8.0,4.0,1.0,0,8.0
e_wp_f2_0017__wp_f2_0027,wp_f2_0017,wp_f2_0027,2,corridor,11.31,4.0,1.0,0,11.31
e_wp_f2_0017__wp_f2_0028,wp_f2_0017,wp_f2_0028,2,corridor,8.0,4.0,1.0,0,8.0
e_wp_f2_0017__wp_f2_0041,wp_f2_0017,wp_f2_0041,2,corridor,16.0,4.0,1.0,0,16.0
e_wp_f2_0017__wp_f2_0029,wp_f2_0017,wp_f2_0029,2,corridor,11.31,4.0,1.0,0,11.31
e_wp_f2_0018__wp_f2_0028,wp_f2_0018,wp_f2_0028,2,corridor,11.32,4.0,1.0,0,11.32
e_wp_f2_0018__wp_f2_0042,wp_f2_0018,wp_f2_0042,2,corridor,15.99,4.0,1.0,0,15.99
e_wp_f2_0018__wp_f2_0029,wp_f2_0018,wp_f2_0029,2,corridor,7.99,4.0,1.0,0,7.99
e_wp_f2_0018__wp_f2_0030,wp_f2_0018,wp_f2_0030,2,corridor,11.31,4.0,1.0,0,11.31
e_wp_f2_0019__wp_f2_0031,wp_f2_0019,wp_f2_0031,2,corridor,11.31,4.0,1.0,0,11.31
e_wp_f2_0019__wp_f2_0047,wp_f2_0019,wp_f2_0047,2,corridor,16.0,4.0,1.0,0,16.0
e_wp_f2_0019__wp_f2_0032,wp_f2_0019,wp_f2_0032,2,corridor,8.0,4.0,1.0,0,8.0
e_wp_f2_0019__wp_f2_0033,wp_f2_0019,wp_f2_0033,2,corridor,11.32,4.0,1.0,0,11.32
e_wp_f2_0019__wp_f2_0020,wp_f2_0019,wp_f2_0020,2,corridor,8.0,4.0,1.0,0,8.0
e_wp_f2_0019__wp_f2_0021,wp_f2_0019,wp_f2_0021,2,corridor,16.01,4.0,1.0,0,16.01
e_wp_f2_0020__wp_f2_0032,wp_f2_0020,wp_f2_0032,2,corridor,11.31,4.0,1.0,0,11.31
e_wp_f2_0020__wp_f2_0048,wp_f2_0020,wp_f2_0048,2,corridor,16.0,4.0,1.0,0,16.0
e_wp_f2_0020__wp_f2_0033,wp_f2_0020,wp_f2_0033,2,corridor,8.0,4.0,1.0,0,8.0
e_wp_f2_0020__wp_f2_0021,wp_f2_0020,wp_f2_0021,2,corridor,8.0,4.0,1.0,0,8.0
e_wp_f2_0020__wp_f2_0034,wp_f2_0020,wp_f2_0034,2,corridor,11.32,4.0,1.0,0,11.32
e_wp_f2_0020__wp_f2_0022,wp_f2_0020,wp_f2_0022,2,corridor,16.0,4.0,1.0,0,16.0
e_wp_f2_0021__wp_f2_0033,wp_f2_0021,wp_f2_0033,2,corridor,11.32,4.0,1.0,0,11.32
e_wp_f2_0021__wp_f2_0049,wp_f2_0021,wp_f2_0049,2,corridor,15.99,4.0,1.0,0,15.99
e_wp_f2_0021__wp_f2_0034,wp_f2_0021,wp_f2_0034,2,corridor,8.0,4.0,1.0,0,8.0
e_wp_f2_0021__wp_f2_0023,wp_f2_0021,wp_f2_0023,2,corridor,16.0,4.0,1.0,0,16.0
e_wp_f2_0021__wp_f2_0022,wp_f2_0021,wp_f2_0022,2,corridor,8.0,4.0,1.0,0,8.0
e_wp_f2_0021__wp_f2_0035,wp_f2_0021,wp_f2_0035,2,corridor,11.31,4.0,1.0,0,11.31
e_wp_f2_0022__wp_f2_0034,wp_f2_0022,wp_f2_0034,2,corridor,11.31,4.0,1.0,0,11.31
e_wp_f2_0022__wp_f2_0023,wp_f2_0022,wp_f2_0023,2,corridor,8.0,4.0,1.0,0,8.0
e_wp_f2_0022__wp_f2_0024,wp_f2_0022,wp_f2_0024,2,corridor,16.0,4.0,1.0,0,16.0
e_wp_f2_0022__wp_f2_0036,wp_f2_0022,wp_f2_0036,2,corridor,11.31,4.0,1.0,0,11.31
e_wp_f2_0022__wp_f2_0035,wp_f2_0022,wp_f2_0035,2,corridor,7.99,4.0,1.0,0,7.99
e_wp_f2_0022__wp_f2_0050,wp_f2_0022,wp_f2_0050,2,corridor,15.99,4.0,1.0,0,15.99
e_wp_f2_0023__wp_f2_0025,wp_f2_0023,wp_f2_0025,2,corridor,16.0,4.0,1.0,0,16.0
e_wp_f2_0023__wp_f2_0024,wp_f2_0023,wp_f2_0024,2,corridor,8.0,4.0,1.0,0,8.0
e_wp_f2_0023__wp_f2_0036,wp_f2_0023,wp_f2_0036,2,corridor,8.0,4.0,1.0,0,8.0
e_wp_f2_0023__wp_f2_0035,wp_f2_0023,wp_f2_0035,2,corridor,11.32,4.0,1.0,0,11.32
e_wp_f2_0023__wp_f2_0051,wp_f2_0023,wp_f2_0051,2,corridor,16.0,4.0,1.0,0,16.0
e_wp_f2_0023__wp_f2_0037,wp_f2_0023,wp_f2_0037,2,corridor,11.31,4.0,1.0,0,11.31
e_wp_f2_0024__wp_f2_0025,wp_f2_0024,wp_f2_0025,2,corridor,8.0,4.0,1.0,0,8.0
e_wp_f2_0024__wp_f2_0036,wp_f2_0024,wp_f2_0036,2,corridor,11.31,4.0,1.0,0,11.31
e_wp_f2_0024__wp_f2_0038,wp_f2_0024,wp_f2_0038,2,corridor,11.32,4.0,1.0,0,11.32
e_wp_f2_0024__wp_f2_0052,wp_f2_0024,wp_f2_0052,2,corridor,16.0,4.0,1.0,0,16.0
e_wp_f2_0024__wp_f2_0037,wp_f2_0024,wp_f2_0037,2,corridor,8.0,4.0,1.0,0,8.0
e_wp_f2_0024__wp_f2_0026,wp_f2_0024,wp_f2_0026,2,corridor,16.0,4.0,1.0,0,16.0
e_wp_f2_0025__wp_f2_0038,wp_f2_0025,wp_f2_0038,2,corridor,8.0,4.0,1.0,0,8.0
e_wp_f2_0025__wp_f2_0053,wp_f2_0025,wp_f2_0053,2,corridor,16.0,4.0,1.0,0,16.0
e_wp_f2_0025__wp_f2_0037,wp_f2_0025,wp_f2_0037,2,corridor,11.32,4.0,1.0,0,11.32
e_wp_f2_0025__wp_f2_0026,wp_f2_0025,wp_f2_0026,2,corridor,8.0,4.0,1.0,0,8.0
e_wp_f2_0025__wp_f2_0027,wp_f2_0025,wp_f2_0027,2,corridor,16.0,4.0,1.0,0,16.0
e_wp_f2_0025__wp_f2_0039,wp_f2_0025,wp_f2_0039,2,corridor,11.31,4.0,1.0,0,11.31
e_wp_f2_0026__wp_f2_0038,wp_f2_0026,wp_f2_0038,2,corridor,11.31,4.0,1.0,0,11.31
e_wp_f2_0026__wp_f2_0027,wp_f2_0026,wp_f2_0027,2,corridor,8.0,4.0,1.0,0,8.0
e_wp_f2_0026__wp_f2_0028,wp_f2_0026,wp_f2_0028,2,corridor,16.0,4.0,1.0,0,16.0
e_wp_f2_0026__wp_f2_0039,wp_f2_0026,wp_f2_0039,2,corridor,8.0,4.0,1.0,0,8.0
e_esc_sw_l2__wp_f2_0026,wp_f2_0026,esc_sw_l2,2,corridor,16.8,4.0,1.0,0,16.8
e_wp_f2_0027__wp_f2_0028,wp_f2_0027,wp_f2_0028,2,corridor,8.0,4.0,1.0,0,8.0
e_wp_f2_0027__wp_f2_0041,wp_f2_0027,wp_f2_0041,2,corridor,11.31,4.0,1.0,0,11.31
e_wp_f2_0027__wp_f2_0029,wp_f2_0027,wp_f2_0029,2,corridor,16.0,4.0,1.0,0,16.0
e_wp_f2_0027__wp_f2_0039,wp_f2_0027,wp_f2_0039,2,corridor,11.32,4.0,1.0,0,11.32
e_esc_sw_l2__wp_f2_0027,wp_f2_0027,esc_sw_l2,2,corridor,15.63,4.0,1.0,0,15.63
e_wp_f2_0028__wp_f2_0042,wp_f2_0028,wp_f2_0042,2,corridor,11.31,4.0,1.0,0,11.31
e_wp_f2_0028__wp_f2_0041,wp_f2_0028,wp_f2_0041,2,corridor,8.0,4.0,1.0,0,8.0
e_wp_f2_0028__wp_f2_0029,wp_f2_0028,wp_f2_0029,2,corridor,8.0,4.0,1.0,0,8.0
e_wp_f2_0028__wp_f2_0056,wp_f2_0028,wp_f2_0056,2,corridor,15.99,4.0,1.0,0,15.99
e_wp_f2_0028__wp_f2_0030,wp_f2_0028,wp_f2_0030,2,corridor,16.01,4.0,1.0,0,16.01
e_wp_f2_0029__wp_f2_0042,wp_f2_0029,wp_f2_0042,2,corridor,8.0,4.0,1.0,0,8.0
e_wp_f2_0029__wp_f2_0041,wp_f2_0029,wp_f2_0041,2,corridor,11.33,4.0,1.0,0,11.33
e_wp_f2_0029__wp_f2_0057,wp_f2_0029,wp_f2_0057,2,corridor,16.0,4.0,1.0,0,16.0
e_wp_f2_0029__wp_f2_0030,wp_f2_0029,wp_f2_0030,2,corridor,8.0,4.0,1.0,0,8.0
e_wp_f2_0029__wp_f2_0043,wp_f2_0029,wp_f2_0043,2,corridor,11.32,4.0,1.0,0,11.32
e_wp_f2_0030__wp_f2_0042,wp_f2_0030,wp_f2_0042,2,corridor,11.32,4.0,1.0,0,11.32
e_wp_f2_0030__wp_f2_0058,wp_f2_0030,wp_f2_0058,2,corridor,16.0,4.0,1.0,0,16.0
e_wp_f2_0030__wp_f2_0044,wp_f2_0030,wp_f2_0044,2,corridor,11.31,4.0,1.0,0,11.31
e_wp_f2_0030__wp_f2_0043,wp_f2_0030,wp_f2_0043,2,corridor,8.0,4.0,1.0,0,8.0
e_wp_f2_0031__wp_f2_0066,wp_f2_0031,wp_f2_0066,2,corridor,16.0,4.0,1.0,0,16.0
e_wp_f2_0031__wp_f2_0045,wp_f2_0031,wp_f2_0045,2,corridor,11.32,4.0,1.0,0,11.32
e_wp_f2_0031__wp_f2_0046,wp_f2_0031,wp_f2_0046,2,corridor,8.0,4.0,1.0,0,8.0
e_wp_f2_0031__wp_f2_0047,wp_f2_0031,wp_f2_0047,2,corridor,11.32,4.0,1.0,0,11.32
e_wp_f2_0031__wp_f2_0032,wp_f2_0031,wp_f2_0032,2,corridor,8.0,4.0,1.0,0,8.0
e_wp_f2_0031__wp_f2_0033,wp_f2_0031,wp_f2_0033,2,corridor,16.0,4.0,1.0,0,16.0
e_wp_f2_0032__wp_f2_0046,wp_f2_0032,wp_f2_0046,2,corridor,11.32,4.0,1.0,0,11.32
e_wp_f2_0032__wp_f2_0067,wp_f2_0032,wp_f2_0067,2,corridor,16.0,4.0,1.0,0,16.0
e_wp_f2_0032__wp_f2_0047,wp_f2_0032,wp_f2_0047,2,corridor,8.0,4.0,1.0,0,8.0
e_wp_f2_0032__wp_f2_0048,wp_f2_0032,wp_f2_0048,2,corridor,11.31,4.0,1.0,0,11.31
e_wp_f2_0032__wp_f2_0033,wp_f2_0032,wp_f2_0033,2,corridor,8.0,4.0,1.0,0,8.0
e_wp_f2_0032__wp_f2_0034,wp_f2_0032,wp_f2_0034,2,corridor,16.0,4.0,1.0,0,16.0
e_wp_f2_0033__wp_f2_0068,wp_f2_0033,wp_f2_0068,2,corridor,15.99,4.0,1.0,0,15.99
e_wp_f2_0033__wp_f2_0047,wp_f2_0033,wp_f2_0047,2,corridor,11.31,4.0,1.0,0,11.31
e_wp_f2_0033__wp_f2_0048,wp_f2_0033,wp_f2_0048,2,corridor,8.0,4.0,1.0,0,8.0
e_wp_f2_0033__wp_f2_0049,wp_f2_0033,wp_f2_0049,2,corridor,11.31,4.0,1.0,0,11.31
e_wp_f2_0033__wp_f2_0034,wp_f2_0033,wp_f2_0034,2,corridor,8.0,4.0,1.0,0,8.0
e_wp_f2_0033__wp_f2_0035,wp_f2_0033,wp_f2_0035,2,corridor,16.0,4.0,1.0,0,16.0
e_wp_f2_0034__wp_f2_0048,wp_f2_0034,wp_f2_0048,2,corridor,11.32,4.0,1.0,0,11.32
e_wp_f2_0034__wp_f2_0069,wp_f2_0034,wp_f2_0069,2,corridor,15.99,4.0,1.0,0,15.99
e_wp_f2_0034__wp_f2_0049,wp_f2_0034,wp_f2_0049,2,corridor,7.99,4.0,1.0,0,7.99
e_wp_f2_0034__wp_f2_0036,wp_f2_0034,wp_f2_0036,2,corridor,16.0,4.0,1.0,0,16.0
e_wp_f2_0034__wp_f2_0035,wp_f2_0034,wp_f2_0035,2,corridor,8.0,4.0,1.0,0,8.0
e_wp_f2_0034__wp_f2_0050,wp_f2_0034,wp_f2_0050,2,corridor,11.31,4.0,1.0,0,11.31
e_wp_f2_0035__wp_f2_0049,wp_f2_0035,wp_f2_0049,2,corridor,11.31,4.0,1.0,0,11.31
e_wp_f2_0035__wp_f2_0036,wp_f2_0035,wp_f2_0036,2,corridor,8.0,4.0,1.0,0,8.0
e_wp_f2_0035__wp_f2_0050,wp_f2_0035,wp_f2_0050,2,corridor,8.0,4.0,1.0,0,8.0
e_wp_f2_0035__wp_f2_0051,wp_f2_0035,wp_f2_0051,2,corridor,11.32,4.0,1.0,0,11.32
e_wp_f2_0035__wp_f2_0070,wp_f2_0035,wp_f2_0070,2,corridor,16.0,4.0,1.0,0,16.0
e_wp_f2_0035__wp_f2_0037,wp_f2_0035,wp_f2_0037,2,corridor,16.0,4.0,1.0,0,16.0
e_wp_f2_0036__wp_f2_0038,wp_f2_0036,wp_f2_0038,2,corridor,16.0,4.0,1.0,0,16.0
e_wp_f2_0036__wp_f2_0050,wp_f2_0036,wp_f2_0050,2,corridor,11.32,4.0,1.0,0,11.32
e_wp_f2_0036__wp_f2_0051,wp_f2_0036,wp_f2_0051,2,corridor,8.0,4.0,1.0,0,8.0
e_wp_f2_0036__wp_f2_0071,wp_f2_0036,wp_f2_0071,2,corridor,16.0,4.0,1.0,0,16.0
e_wp_f2_0036__wp_f2_0052,wp_f2_0036,wp_f2_0052,2,corridor,11.31,4.0,1.0,0,11.31
e_wp_f2_0036__wp_f2_0037,wp_f2_0036,wp_f2_0037,2,corridor,8.0,4.0,1.0,0,8.0
e_wp_f2_0037__wp_f2_0038,wp_f2_0037,wp_f2_0038,2,corridor,8.0,4.0,1.0,0,8.0
e_wp_f2_0037__wp_f2_0051,wp_f2_0037,wp_f2_0051,2,corridor,11.31,4.0,1.0,0,11.31
e_wp_f2_0037__wp_f2_0053,wp_f2_0037,wp_f2_0053,2,corridor,11.32,4.0,1.0,0,11.32
e_wp_f2_0037__wp_f2_0052,wp_f2_0037,wp_f2_0052,2,corridor,8.0,4.0,1.0,0,8.0
e_wp_f2_0037__wp_f2_0072,wp_f2_0037,wp_f2_0072,2,corridor,16.0,4.0,1.0,0,16.0
e_wp_f2_0037__wp_f2_0039,wp_f2_0037,wp_f2_0039,2,corridor,16.0,4.0,1.0,0,16.0
e_wp_f2_0038__wp_f2_0073,wp_f2_0038,wp_f2_0073,2,corridor,16.0,4.0,1.0,0,16.0
e_wp_f2_0038__wp_f2_0053,wp_f2_0038,wp_f2_0053,2,corridor,8.0,4.0,1.0,0,8.0
e_wp_f2_0038__wp_f2_0052,wp_f2_0038,wp_f2_0052,2,corridor,11.32,4.0,1.0,0,11.32
e_wp_f2_0038__wp_f2_0039,wp_f2_0038,wp_f2_0039,2,corridor,8.0,4.0,1.0,0,8.0
e_esc_sw_l2__wp_f2_0038,wp_f2_0038,esc_sw_l2,2,corridor,16.23,4.0,1.0,0,16.23
e_wp_f2_0039__wp_f2_0053,wp_f2_0039,wp_f2_0053,2,corridor,11.31,4.0,1.0,0,11.31
e_wp_f2_0039__wp_f2_0041,wp_f2_0039,wp_f2_0041,2,corridor,16.0,4.0,1.0,0,16.0
e_esc_sw_l2__wp_f2_0039,wp_f2_0039,esc_sw_l2,2,corridor,9.87,4.0,1.0,0,9.87
e_wp_f2_0039__wp_f2_0074,wp_f2_0039,wp_f2_0074,2,corridor,16.0,4.0,1.0,0,16.0
e_wp_f2_0041__wp_f2_0042,wp_f2_0041,wp_f2_0042,2,corridor,8.0,4.0,1.0,0,8.0
e_esc_sw_l2__wp_f2_0041,wp_f2_0041,esc_sw_l2,2,corridor,12.23,4.0,1.0,0,12.23
e_wp_f2_0041__wp_f2_0057,wp_f2_0041,wp_f2_0057,2,corridor,11.31,4.0,1.0,0,11.31
e_wp_f2_0041__wp_f2_0056,wp_f2_0041,wp_f2_0056,2,corridor,7.99,4.0,1.0,0,7.99
e_wp_f2_0041__wp_f2_0076,wp_f2_0041,wp_f2_0076,2,corridor,15.99,4.0,1.0,0,15.99
e_wp_f2_0041__wp_f2_0043,wp_f2_0041,wp_f2_0043,2,corridor,16.01,4.0,1.0,0,16.01
e_wp_f2_0042__wp_f2_0057,wp_f2_0042,wp_f2_0057,2,corridor,8.0,4.0,1.0,0,8.0
e_wp_f2_0042__wp_f2_0056,wp_f2_0042,wp_f2_0056,2,corridor,11.31,4.0,1.0,0,11.31
e_wp_f2_0042__wp_f2_0058,wp_f2_0042,wp_f2_0058,2,corridor,11.32,4.0,1.0,0,11.32
e_wp_f2_0042__wp_f2_0077,wp_f2_0042,wp_f2_0077,2,corridor,16.0,4.0,1.0,0,16.0
e_wp_f2_0042__wp_f2_0044,wp_f2_0042,wp_f2_0044,2,corridor,16.0,4.0,1.0,0,16.0
e_wp_f2_0042__wp_f2_0043,wp_f2_0042,wp_f2_0043,2,corridor,8.0,4.0,1.0,0,8.0
e_wp_f2_0043__wp_f2_0057,wp_f2_0043,wp_f2_0057,2,corridor,11.32,4.0,1.0,0,11.32
e_wp_f2_0043__wp_f2_0058,wp_f2_0043,wp_f2_0058,2,corridor,8.0,4.0,1.0,0,8.0
e_wp_f2_0043__wp_f2_0078,wp_f2_0043,wp_f2_0078,2,corridor,16.0,4.0,1.0,0,16.0
e_wp_f2_0043__wp_f2_0044,wp_f2_0043,wp_f2_0044,2,corridor,8.0,4.0,1.0,0,8.0
e_wp_f2_0043__wp_f2_0059,wp_f2_0043,wp_f2_0059,2,corridor,11.31,4.0,1.0,0,11.31
e_wp_f2_0044__wp_f2_0058,wp_f2_0044,wp_f2_0058,2,corridor,11.31,4.0,1.0,0,11.31
e_wp_f2_0044__wp_f2_0079,wp_f2_0044,wp_f2_0079,2,corridor,16.0,4.0,1.0,0,16.0
e_wp_f2_0044__wp_f2_0059,wp_f2_0044,wp_f2_0059,2,corridor,8.0,4.0,1.0,0,8.0
e_wp_f2_0044__wp_f2_0060,wp_f2_0044,wp_f2_0060,2,corridor,11.32,4.0,1.0,0,11.32
e_wp_f2_0045__wp_f2_0066,wp_f2_0045,wp_f2_0066,2,corridor,11.32,4.0,1.0,0,11.32
e_wp_f2_0045__wp_f2_0065,wp_f2_0045,wp_f2_0065,2,corridor,8.0,4.0,1.0,0,8.0
e_wp_f2_0045__wp_f2_0064,wp_f2_0045,wp_f2_0064,2,corridor,11.31,4.0,1.0,0,11.31
e_wp_f2_0045__wp_f2_0046,wp_f2_0045,wp_f2_0046,2,corridor,8.0,4.0,1.0,0,8.0
e_wp_f2_0045__wp_f2_0047,wp_f2_0045,wp_f2_0047,2,corridor,16.01,4.0,1.0,0,16.01
e_wp_f2_0045__wp_f2_0090,wp_f2_0045,wp_f2_0090,2,corridor,16.0,4.0,1.0,0,16.0
e_wp_f2_0046__wp_f2_0066,wp_f2_0046,wp_f2_0066,2,corridor,8.0,4.0,1.0,0,8.0
e_wp_f2_0046__wp_f2_0065,wp_f2_0046,wp_f2_0065,2,corridor,11.32,4.0,1.0,0,11.32
e_wp_f2_0046__wp_f2_0067,wp_f2_0046,wp_f2_0067,2,corridor,11.32,4.0,1.0,0,11.32
e_wp_f2_0046__wp_f2_0047,wp_f2_0046,wp_f2_0047,2,corridor,8.0,4.0,1.0,0,8.0
e_wp_f2_0046__wp_f2_0048,wp_f2_0046,wp_f2_0048,2,corridor,16.0,4.0,1.0,0,16.0
e_wp_f2_0046__wp_f2_0091,wp_f2_0046,wp_f2_0091,2,corridor,16.0,4.0,1.0,0,16.0
e_wp_f2_0047__wp_f2_0066,wp_f2_0047,wp_f2_0066,2,corridor,11.32,4.0,1.0,0,11.32
e_wp_f2_0047__wp_f2_0067,wp_f2_0047,wp_f2_0067,2,corridor,8.0,4.0,1.0,0,8.0
e_wp_f2_0047__wp_f2_0068,wp_f2_0047,wp_f2_0068,2,corridor,11.31,4.0,1.0,0,11.31
e_wp_f2_0047__wp_f2_0048,wp_f2_0047,wp_f2_0048,2,corridor,8.0,4.0,1.0,0,8.0
e_wp_f2_0047__wp_f2_0049,wp_f2_0047,wp_f2_0049,2,corridor,16.0,4.0,1.0,0,16.0
e_wp_f2_0047__wp_f2_0092,wp_f2_0047,wp_f2_0092,2,corridor,15.99,4.0,1.0,0,15.99
e_wp_f2_0048__wp_f2_0067,wp_f2_0048,wp_f2_0067,2,corridor,11.31,4.0,1.0,0,11.31
e_wp_f2_0048__wp_f2_0068,wp_f2_0048,wp_f2_0068,2,corridor,7.99,4.0,1.0,0,7.99
e_wp_f2_0048__wp_f2_0069,wp_f2_0048,wp_f2_0069,2,corridor,11.31,4.0,1.0,0,11.31
e_wp_f2_0048__wp_f2_0049,wp_f2_0048,wp_f2_0049,2,corridor,8.0,4.0,1.0,0,8.0
e_wp_f2_0048__wp_f2_0093,wp_f2_0048,wp_f2_0093,2,corridor,15.99,4.0,1.0,0,15.99
e_wp_f2_0048__wp_f2_0050,wp_f2_0048,wp_f2_0050,2,corridor,16.0,4.0,1.0,0,16.0
e_wp_f2_0049__wp_f2_0068,wp_f2_0049,wp_f2_0068,2,corridor,11.32,4.0,1.0,0,11.32
e_wp_f2_0049__wp_f2_0069,wp_f2_0049,wp_f2_0069,2,corridor,8.0,4.0,1.0,0,8.0
e_wp_f2_0049__wp_f2_0094,wp_f2_0049,wp_f2_0094,2,corridor,16.0,4.0,1.0,0,16.0
e_wp_f2_0049__wp_f2_0050,wp_f2_0049,wp_f2_0050,2,corridor,8.0,4.0,1.0,0,8.0
e_wp_f2_0049__wp_f2_0051,wp_f2_0049,wp_f2_0051,2,corridor,16.0,4.0,1.0,0,16.0
e_wp_f2_0049__wp_f2_0070,wp_f2_0049,wp_f2_0070,2,corridor,11.31,4.0,1.0,0,11.31
e_wp_f2_0050__wp_f2_0069,wp_f2_0050,wp_f2_0069,2,corridor,11.31,4.0,1.0,0,11.31
e_wp_f2_0050__wp_f2_0051,wp_f2_0050,wp_f2_0051,2,corridor,8.0,4.0,1.0,0,8.0
e_wp_f2_0050__wp_f2_0071,wp_f2_0050,wp_f2_0071,2,corridor,11.32,4.0,1.0,0,11.32
e_wp_f2_0050__wp_f2_0070,wp_f2_0050,wp_f2_0070,2,corridor,8.0,4.0,1.0,0,8.0
e_wp_f2_0050__wp_f2_0052,wp_f2_0050,wp_f2_0052,2,corridor,16.0,4.0,1.0,0,16.0
e_wp_f2_0050__wp_f2_0095,wp_f2_0050,wp_f2_0095,2,corridor,16.0,4.0,1.0,0,16.0
e_wp_f2_0051__wp_f2_0071,wp_f2_0051,wp_f2_0071,2,corridor,8.0,4.0,1.0,0,8.0
e_wp_f2_0051__wp_f2_0070,wp_f2_0051,wp_f2_0070,2,corridor,11.32,4.0,1.0,0,11.32
e_wp_f2_0051__wp_f2_0053,wp_f2_0051,wp_f2_0053,2,corridor,16.0,4.0,1.0,0,16.0
e_wp_f2_0051__wp_f2_0052,wp_f2_0051,wp_f2_0052,2,corridor,8.0,4.0,1.0,0,8.0
e_wp_f2_0051__wp_f2_0072,wp_f2_0051,wp_f2_0072,2,corridor,11.31,4.0,1.0,0,11.31
e_wp_f2_0051__wp_f2_0096,wp_f2_0051,wp_f2_0096,2,corridor,16.0,4.0,1.0,0,16.0
e_wp_f2_0052__wp_f2_0073,wp_f2_0052,wp_f2_0073,2,corridor,11.32,4.0,1.0,0,11.32
e_wp_f2_0052__wp_f2_0071,wp_f2_0052,wp_f2_0071,2,corridor,11.31,4.0,1.0,0,11.31
e_wp_f2_0052__wp_f2_0053,wp_f2_0052,wp_f2_0053,2,corridor,8.0,4.0,1.0,0,8.0
e_wp_f2_0052__wp_f2_0072,wp_f2_0052,wp_f2_0072,2,corridor,8.0,4.0,1.0,0,8.0
e_wp_f2_0053__wp_f2_0073,wp_f2_0053,wp_f2_0073,2,corridor,8.0,4.0,1.0,0,8.0
e_wp_f2_0053__wp_f2_0072,wp_f2_0053,wp_f2_0072,2,corridor,11.32,4.0,1.0,0,11.32
e_esc_sw_l2__wp_f2_0053,wp_f2_0053,esc_sw_l2,2,corridor,14.37,4.0,1.0,0,14.37
e_wp_f2_0053__wp_f2_0074,wp_f2_0053,wp_f2_0074,2,corridor,11.31,4.0,1.0,0,11.31
e_esc_sw_l2__wp_f2_0056,wp_f2_0056,esc_sw_l2,2,corridor,9.65,4.0,1.0,0,9.65
e_wp_f2_0056__wp_f2_0057,wp_f2_0056,wp_f2_0057,2,corridor,8.0,4.0,1.0,0,8.0
e_wp_f2_0056__wp_f2_0058,wp_f2_0056,wp_f2_0058,2,corridor,16.0,4.0,1.0,0,16.0
e_wp_f2_0056__wp_f2_0075,wp_f2_0056,wp_f2_0075,2,corridor,11.32,4.0,1.0,0,11.32
e_wp_f2_0056__wp_f2_0101,wp_f2_0056,wp_f2_0101,2,corridor,16.0,4.0,1.0,0,16.0
e_wp_f2_0056__wp_f2_0076,wp_f2_0056,wp_f2_0076,2,corridor,8.0,4.0,1.0,0,8.0
e_wp_f2_0056__wp_f2_0077,wp_f2_0056,wp_f2_0077,2,corridor,11.31,4.0,1.0,0,11.31
e_wp_f2_0057__wp_f2_0058,wp_f2_0057,wp_f2_0058,2,corridor,8.0,4.0,1.0,0,8.0
e_wp_f2_0057__wp_f2_0076,wp_f2_0057,wp_f2_0076,2,corridor,11.31,4.0,1.0,0,11.31
e_wp_f2_0057__wp_f2_0102,wp_f2_0057,wp_f2_0102,2,corridor,16.0,4.0,1.0,0,16.0
e_wp_f2_0057__wp_f2_0078,wp_f2_0057,wp_f2_0078,2,corridor,11.32,4.0,1.0,0,11.32
e_wp_f2_0057__wp_f2_0077,wp_f2_0057,wp_f2_0077,2,corridor,8.0,4.0,1.0,0,8.0
e_wp_f2_0057__wp_f2_0059,wp_f2_0057,wp_f2_0059,2,corridor,16.0,4.0,1.0,0,16.0
e_wp_f2_0058__wp_f2_0078,wp_f2_0058,wp_f2_0078,2,corridor,8.0,4.0,1.0,0,8.0
e_wp_f2_0058__wp_f2_0077,wp_f2_0058,wp_f2_0077,2,corridor,11.32,4.0,1.0,0,11.32
e_wp_f2_0058__wp_f2_0103,wp_f2_0058,wp_f2_0103,2,corridor,16.0,4.0,1.0,0,16.0
e_wp_f2_0058__wp_f2_0079,wp_f2_0058,wp_f2_0079,2,corridor,11.31,4.0,1.0,0,11.31
e_wp_f2_0058__wp_f2_0059,wp_f2_0058,wp_f2_0059,2,corridor,8.0,4.0,1.0,0,8.0
e_wp_f2_0058__wp_f2_0060,wp_f2_0058,wp_f2_0060,2,corridor,16.0,4.0,1.0,0,16.0
e_wp_f2_0059__wp_f2_0078,wp_f2_0059,wp_f2_0078,2,corridor,11.31,4.0,1.0,0,11.31
e_wp_f2_0059__wp_f2_0061,wp_f2_0059,wp_f2_0061,2,corridor,16.0,4.0,1.0,0,16.0
e_wp_f2_0059__wp_f2_0080,wp_f2_0059,wp_f2_0080,2,corridor,11.32,4.0,1.0,0,11.32
e_wp_f2_0059__wp_f2_0079,wp_f2_0059,wp_f2_0079,2,corridor,8.0,4.0,1.0,0,8.0
e_wp_f2_0059__wp_f2_0060,wp_f2_0059,wp_f2_0060,2,corridor,8.0,4.0,1.0,0,8.0
e_wp_f2_0059__wp_f2_0104,wp_f2_0059,wp_f2_0104,2,corridor,16.0,4.0,1.0,0,16.0
e_wp_f2_0060__wp_f2_0081,wp_f2_0060,wp_f2_0081,2,corridor,11.31,4.0,1.0,0,11.31
e_wp_f2_0060__wp_f2_0061,wp_f2_0060,wp_f2_0061,2,corridor,8.0,4.0,1.0,0,8.0
e_wp_f2_0060__wp_f2_0080,wp_f2_0060,wp_f2_0080,2,corridor,8.0,4.0,1.0,0,8.0
e_wp_f2_0060__wp_f2_0079,wp_f2_0060,wp_f2_0079,2,corridor,11.32,4.0,1.0,0,11.32
e_wp_f2_0060__wp_f2_0105,wp_f2_0060,wp_f2_0105,2,corridor,16.0,4.0,1.0,0,16.0
e_wp_f2_0060__wp_f2_0062,wp_f2_0060,wp_f2_0062,2,corridor,16.0,4.0,1.0,0,16.0
e_wp_f2_0061__wp_f2_0081,wp_f2_0061,wp_f2_0081,2,corridor,8.0,4.0,1.0,0,8.0
e_wp_f2_0061__wp_f2_0080,wp_f2_0061,wp_f2_0080,2,corridor,11.31,4.0,1.0,0,11.31
e_wp_f2_0061__wp_f2_0106,wp_f2_0061,wp_f2_0106,2,corridor,15.99,4.0,1.0,0,15.99
e_wp_f2_0061__wp_f2_0082,wp_f2_0061,wp_f2_0082,2,corridor,11.31,4.0,1.0,0,11.31
e_wp_f2_0061__wp_f2_0062,wp_f2_0061,wp_f2_0062,2,corridor,8.0,4.0,1.0,0,8.0
e_wp_f2_0062__wp_f2_0081,wp_f2_0062,wp_f2_0081,2,corridor,11.32,4.0,1.0,0,11.32
e_wp_f2_0062__wp_f2_0083,wp_f2_0062,wp_f2_0083,2,corridor,11.31,4.0,1.0,0,11.31
e_wp_f2_0062__wp_f2_0082,wp_f2_0062,wp_f2_0082,2,corridor,7.99,4.0,1.0,0,7.99
e_wp_f2_0062__wp_f2_0107,wp_f2_0062,wp_f2_0107,2,corridor,15.99,4.0,1.0,0,15.99
e_wp_f2_0063__wp_f2_0089,wp_f2_0063,wp_f2_0089,2,corridor,11.32,4.0,1.0,0,11.32
e_wp_f2_0063__wp_f2_0088,wp_f2_0063,wp_f2_0088,2,corridor,8.0,4.0,1.0,0,8.0
e_wp_f2_0063__wp_f2_0065,wp_f2_0063,wp_f2_0065,2,corridor,16.0,4.0,1.0,0,16.0
e_wp_f2_0063__wp_f2_0064,wp_f2_0063,wp_f2_0064,2,corridor,8.0,4.0,1.0,0,8.0
e_wp_f2_0064__wp_f2_0066,wp_f2_0064,wp_f2_0066,2,corridor,16.0,4.0,1.0,0,16.0
e_wp_f2_0064__wp_f2_0089,wp_f2_0064,wp_f2_0089,2,corridor,8.0,4.0,1.0,0,8.0
e_wp_f2_0064__wp_f2_0088,wp_f2_0064,wp_f2_0088,2,corridor,11.32,4.0,1.0,0,11.32
e_wp_f2_0064__wp_f2_0065,wp_f2_0064,wp_f2_0065,2,corridor,8.0,4.0,1.0,0,8.0
e_wp_f2_0064__wp_f2_0090,wp_f2_0064,wp_f2_0090,2,corridor,11.32,4.0,1.0,0,11.32
e_wp_f2_0064__wp_f2_0115,wp_f2_0064,wp_f2_0115,2,corridor,16.0,4.0,1.0,0,16.0
e_wp_f2_0065__wp_f2_0066,wp_f2_0065,wp_f2_0066,2,corridor,8.0,4.0,1.0,0,8.0
e_wp_f2_0065__wp_f2_0089,wp_f2_0065,wp_f2_0089,2,corridor,11.31,4.0,1.0,0,11.31
e_wp_f2_0065__wp_f2_0067,wp_f2_0065,wp_f2_0067,2,corridor,16.01,4.0,1.0,0,16.01
e_wp_f2_0065__wp_f2_0091,wp_f2_0065,wp_f2_0091,2,corridor,11.32,4.0,1.0,0,11.32
e_wp_f2_0065__wp_f2_0090,wp_f2_0065,wp_f2_0090,2,corridor,8.0,4.0,1.0,0,8.0
e_wp_f2_0065__wp_f2_0116,wp_f2_0065,wp_f2_0116,2,corridor,16.0,4.0,1.0,0,16.0
e_wp_f2_0066__wp_f2_0067,wp_f2_0066,wp_f2_0067,2,corridor,8.0,4.0,1.0,0,8.0
e_wp_f2_0066__wp_f2_0068,wp_f2_0066,wp_f2_0068,2,corridor,16.0,4.0,1.0,0,16.0
e_wp_f2_0066__wp_f2_0091,wp_f2_0066,wp_f2_0091,2,corridor,8.0,4.0,1.0,0,8.0
e_wp_f2_0066__wp_f2_0090,wp_f2_0066,wp_f2_0090,2,corridor,11.31,4.0,1.0,0,11.31
e_wp_f2_0066__wp_f2_0117,wp_f2_0066,wp_f2_0117,2,corridor,15.99,4.0,1.0,0,15.99
e_wp_f2_0066__wp_f2_0092,wp_f2_0066,wp_f2_0092,2,corridor,11.31,4.0,1.0,0,11.31
e_wp_f2_0067__wp_f2_0068,wp_f2_0067,wp_f2_0068,2,corridor,8.0,4.0,1.0,0,8.0
e_wp_f2_0067__wp_f2_0069,wp_f2_0067,wp_f2_0069,2,corridor,16.0,4.0,1.0,0,16.0
e_wp_f2_0067__wp_f2_0091,wp_f2_0067,wp_f2_0091,2,corridor,11.32,4.0,1.0,0,11.32
e_wp_f2_0067__wp_f2_0118,wp_f2_0067,wp_f2_0118,2,corridor,15.99,4.0,1.0,0,15.99
e_wp_f2_0067__wp_f2_0092,wp_f2_0067,wp_f2_0092,2,corridor,7.99,4.0,1.0,0,7.99
e_wp_f2_0067__wp_f2_0093,wp_f2_0067,wp_f2_0093,2,corridor,11.31,4.0,1.0,0,11.31
e_wp_f2_0068__wp_f2_0069,wp_f2_0068,wp_f2_0069,2,corridor,8.0,4.0,1.0,0,8.0
e_wp_f2_0068__wp_f2_0092,wp_f2_0068,wp_f2_0092,2,corridor,11.31,4.0,1.0,0,11.31
e_wp_f2_0068__wp_f2_0119,wp_f2_0068,wp_f2_0119,2,corridor,16.0,4.0,1.0,0,16.0
e_wp_f2_0068__wp_f2_0093,wp_f2_0068,wp_f2_0093,2,corridor,8.0,4.0,1.0,0,8.0
e_wp_f2_0068__wp_f2_0094,wp_f2_0068,wp_f2_0094,2,corridor,11.32,4.0,1.0,0,11.32
e_wp_f2_0068__wp_f2_0070,wp_f2_0068,wp_f2_0070,2,corridor,16.0,4.0,1.0,0,16.0
e_wp_f2_0069__wp_f2_0120,wp_f2_0069,wp_f2_0120,2,corridor,16.0,4.0,1.0,0,16.0
e_wp_f2_0069__wp_f2_0093,wp_f2_0069,wp_f2_0093,2,corridor,11.32,4.0,1.0,0,11.32
e_wp_f2_0069__wp_f2_0094,wp_f2_0069,wp_f2_0094,2,corridor,8.0,4.0,1.0,0,8.0
e_wp_f2_0069__wp_f2_0071,wp_f2_0069,wp_f2_0071,2,corridor,16.0,4.0,1.0,0,16.0
e_wp_f2_0069__wp_f2_0070,wp_f2_0069,wp_f2_0070,2,corridor,8.0,4.0,1.0,0,8.0
e_wp_f2_0069__wp_f2_0095,wp_f2_0069,wp_f2_0095,2,corridor,11.31,4.0,1.0,0,11.31
e_wp_f2_0070__wp_f2_0094,wp_f2_0070,wp_f2_0094,2,corridor,11.31,4.0,1.0,0,11.31
e_wp_f2_0070__wp_f2_0071,wp_f2_0070,wp_f2_0071,2,corridor,8.0,4.0,1.0,0,8.0
e_wp_f2_0070__wp_f2_0072,wp_f2_0070,wp_f2_0072,2,corridor,16.0,4.0,1.0,0,16.0
e_wp_f2_0070__wp_f2_0095,wp_f2_0070,wp_f2_0095,2,corridor,8.0,4.0,1.0,0,8.0
e_wp_f2_0070__wp_f2_0096,wp_f2_0070,wp_f2_0096,2,corridor,11.32,4.0,1.0,0,11.32
e_wp_f2_0070__wp_f2_0121,wp_f2_0070,wp_f2_0121,2,corridor,16.0,4.0,1.0,0,16.0
e_wp_f2_0071__wp_f2_0073,wp_f2_0071,wp_f2_0073,2,corridor,16.0,4.0,1.0,0,16.0
e_wp_f2_0071__wp_f2_0072,wp_f2_0071,wp_f2_0072,2,corridor,8.0,4.0,1.0,0,8.0
e_wp_f2_0071__wp_f2_0095,wp_f2_0071,wp_f2_0095,2,corridor,11.32,4.0,1.0,0,11.32
e_wp_f2_0071__wp_f2_0096,wp_f2_0071,wp_f2_0096,2,corridor,8.0,4.0,1.0,0,8.0
e_wp_f2_0071__wp_f2_0122,wp_f2_0071,wp_f2_0122,2,corridor,16.0,4.0,1.0,0,16.0
e_wp_f2_0072__wp_f2_0073,wp_f2_0072,wp_f2_0073,2,corridor,8.0,4.0,1.0,0,8.0
e_wp_f2_0072__wp_f2_0096,wp_f2_0072,wp_f2_0096,2,corridor,11.31,4.0,1.0,0,11.31
e_foodcourt_entry__wp_f2_0072,wp_f2_0072,foodcourt_entry,2,corridor,14.88,4.0,0.8,0,18.6
e_wp_f2_0072__wp_f2_0074,wp_f2_0072,wp_f2_0074,2,corridor,16.0,4.0,1.0,0,16.0
e_foodcourt_entry__wp_f2_0073,wp_f2_0073,foodcourt_entry,2,corridor,14.39,4.0,0.8,0,17.99
e_esc_sw_l2__wp_f2_0073,wp_f2_0073,esc_sw_l2,2,corridor,16.67,4.0,1.0,0,16.67
e_wp_f2_0073__wp_f2_0075,wp_f2_0073,wp_f2_0075,2,corridor,16.0,4.0,1.0,0,16.0
e_wp_f2_0073__wp_f2_0074,wp_f2_0073,wp_f2_0074,2,corridor,8.0,4.0,1.0,0,8.0
e_wp_f2_0073__wp_f2_0099,wp_f2_0073,wp_f2_0099,2,corridor,11.31,4.0,1.0,0,11.31
e_esc_sw_l2__wp_f2_0074,wp_f2_0074,esc_sw_l2,2,corridor,10.59,4.0,1.0,0,10.59
e_wp_f2_0074__wp_f2_0075,wp_f2_0074,wp_f2_0075,2,corridor,8.0,4.0,1.0,0,8.0
e_wp_f2_0074__wp_f2_0099,wp_f2_0074,wp_f2_0099,2,corridor,7.99,4.0,1.0,0,7.99
e_wp_f2_0074__wp_f2_0125,wp_f2_0074,wp_f2_0125,2,corridor,15.99,4.0,1.0,0,15.99
e_wp_f2_0074__wp_f2_0100,wp_f2_0074,wp_f2_0100,2,corridor,11.31,4.0,1.0,0,11.31
e_wp_f2_0074__wp_f2_0076,wp_f2_0074,wp_f2_0076,2,corridor,16.01,4.0,1.0,0,16.01
e_esc_sw_l2__wp_f2_0075,wp_f2_0075,esc_sw_l2,2,corridor,8.61,4.0,1.0,0,8.61
e_wp_f2_0075__wp_f2_0099,wp_f2_0075,wp_f2_0099,2,corridor,11.32,4.0,1.0,0,11.32
e_wp_f2_0075__wp_f2_0126,wp_f2_0075,wp_f2_0126,2,corridor,16.0,4.0,1.0,0,16.0
e_wp_f2_0075__wp_f2_0100,wp_f2_0075,wp_f2_0100,2,corridor,8.0,4.0,1.0,0,8.0
e_wp_f2_0075__wp_f2_0101,wp_f2_0075,wp_f2_0101,2,corridor,11.32,4.0,1.0,0,11.32
e_wp_f2_0075__wp_f2_0076,wp_f2_0075,wp_f2_0076,2,corridor,8.0,4.0,1.0,0,8.0
e_wp_f2_0075__wp_f2_0077,wp_f2_0075,wp_f2_0077,2,corridor,16.0,4.0,1.0,0,16.0
e_esc_sw_l2__wp_f2_0076,wp_f2_0076,esc_sw_l2,2,corridor,12.82,4.0,1.0,0,12.82
e_wp_f2_0076__wp_f2_0100,wp_f2_0076,wp_f2_0100,2,corridor,11.32,4.0,1.0,0,11.32
e_wp_f2_0076__wp_f2_0127,wp_f2_0076,wp_f2_0127,2,corridor,16.0,4.0,1.0,0,16.0
e_wp_f2_0076__wp_f2_0101,wp_f2_0076,wp_f2_0101,2,corridor,8.0,4.0,1.0,0,8.0
e_wp_f2_0076__wp_f2_0102,wp_f2_0076,wp_f2_0102,2,corridor,11.31,4.0,1.0,0,11.31
e_wp_f2_0076__wp_f2_0078,wp_f2_0076,wp_f2_0078,2,corridor,16.0,4.0,1.0,0,16.0
e_wp_f2_0076__wp_f2_0077,wp_f2_0076,wp_f2_0077,2,corridor,8.0,4.0,1.0,0,8.0
e_wp_f2_0077__wp_f2_0101,wp_f2_0077,wp_f2_0101,2,corridor,11.31,4.0,1.0,0,11.31
e_wp_f2_0077__wp_f2_0128,wp_f2_0077,wp_f2_0128,2,corridor,16.0,4.0,1.0,0,16.0
e_wp_f2_0077__wp_f2_0102,wp_f2_0077,wp_f2_0102,2,corridor,8.0,4.0,1.0,0,8.0
e_wp_f2_0077__wp_f2_0078,wp_f2_0077,wp_f2_0078,2,corridor,8.0,4.0,1.0,0,8.0
e_wp_f2_0077__wp_f2_0103,wp_f2_0077,wp_f2_0103,2,corridor,11.32,4.0,1.0,0,11.32
e_wp_f2_0077__wp_f2_0079,wp_f2_0077,wp_f2_0079,2,corridor,16.0,4.0,1.0,0,16.0
e_wp_f2_0078__wp_f2_0102,wp_f2_0078,wp_f2_0102,2,corridor,11.32,4.0,1.0,0,11.32
e_wp_f2_0078__wp_f2_0129,wp_f2_0078,wp_f2_0129,2,corridor,16.0,4.0,1.0,0,16.0
e_wp_f2_0078__wp_f2_0103,wp_f2_0078,wp_f2_0103,2,corridor,8.0,4.0,1.0,0,8.0
e_wp_f2_0078__wp_f2_0080,wp_f2_0078,wp_f2_0080,2,corridor,16.0,4.0,1.0,0,16.0
e_wp_f2_0078__wp_f2_0079,wp_f2_0078,wp_f2_0079,2,corridor,8.0,4.0,1.0,0,8.0
e_wp_f2_0078__wp_f2_0104,wp_f2_0078,wp_f2_0104,2,corridor,11.31,4.0,1.0,0,11.31
e_wp_f2_0079__wp_f2_0103,wp_f2_0079,wp_f2_0103,2,corridor,11.31,4.0,1.0,0,11.31
e_wp_f2_0079__wp_f2_0081,wp_f2_0079,wp_f2_0081,2,corridor,16.0,4.0,1.0,0,16.0
e_wp_f2_0079__wp_f2_0080,wp_f2_0079,wp_f2_0080,2,corridor,8.0,4.0,1.0,0,8.0
e_wp_f2_0079__wp_f2_0104,wp_f2_0079,wp_f2_0104,2,corridor,8.0,4.0,1.0,0,8.0
e_wp_f2_0079__wp_f2_0105,wp_f2_0079,wp_f2_0105,2,corridor,11.32,4.0,1.0,0,11.32
e_wp_f2_0079__wp_f2_0130,wp_f2_0079,wp_f2_0130,2,corridor,16.0,4.0,1.0,0,16.0
e_wp_f2_0080__wp_f2_0081,wp_f2_0080,wp_f2_0081,2,corridor,8.0,4.0,1.0,0,8.0
e_wp_f2_0080__wp_f2_0104,wp_f2_0080,wp_f2_0104,2,corridor,11.32,4.0,1.0,0,11.32
e_wp_f2_0080__wp_f2_0105,wp_f2_0080,wp_f2_0105,2,corridor,8.0,4.0,1.0,0,8.0
e_wp_f2_0080__wp_f2_0106,wp_f2_0080,wp_f2_0106,2,corridor,11.31,4.0,1.0,0,11.31
e_wp_f2_0080__wp_f2_0131,wp_f2_0080,wp_f2_0131,2,corridor,15.99,4.0,1.0,0,15.99
e_wp_f2_0080__wp_f2_0082,wp_f2_0080,wp_f2_0082,2,corridor,16.0,4.0,1.0,0,16.0
e_wp_f2_0081__wp_f2_0105,wp_f2_0081,wp_f2_0105,2,corridor,11.31,4.0,1.0,0,11.31
e_wp_f2_0081__wp_f2_0106,wp_f2_0081,wp_f2_0106,2,corridor,7.99,4.0,1.0,0,7.99
e_wp_f2_0081__wp_f2_0132,wp_f2_0081,wp_f2_0132,2,corridor,15.99,4.0,1.0,0,15.99
e_wp_f2_0081__wp_f2_0083,wp_f2_0081,wp_f2_0083,2,corridor,16.0,4.0,1.0,0,16.0
e_wp_f2_0081__wp_f2_0082,wp_f2_0081,wp_f2_0082,2,corridor,8.0,4.0,1.0,0,8.0
e_wp_f2_0081__wp_f2_0107,wp_f2_0081,wp_f2_0107,2,corridor,11.31,4.0,1.0,0,11.31
e_wp_f2_0082__wp_f2_0106,wp_f2_0082,wp_f2_0106,2,corridor,11.32,4.0,1.0,0,11.32
e_wp_f2_0082__wp_f2_0083,wp_f2_0082,wp_f2_0083,2,corridor,8.0,4.0,1.0,0,8.0
e_wp_f2_0082__wp_f2_0107,wp_f2_0082,wp_f2_0107,2,corridor,8.0,4.0,1.0,0,8.0
e_wp_f2_0082__wp_f2_0084,wp_f2_0082,wp_f2_0084,2,corridor,16.0,4.0,1.0,0,16.0
e_wp_f2_0082__wp_f2_0108,wp_f2_0082,wp_f2_0108,2,corridor,11.31,4.0,1.0,0,11.31
e_wp_f2_0082__wp_f2_0133,wp_f2_0082,wp_f2_0133,2,corridor,16.0,4.0,1.0,0,16.0
e_wp_f2_0083__wp_f2_0107,wp_f2_0083,wp_f2_0107,2,corridor,11.31,4.0,1.0,0,11.31
e_wp_f2_0083__wp_f2_0085,wp_f2_0083,wp_f2_0085,2,corridor,16.01,4.0,1.0,0,16.01
e_wp_f2_0083__wp_f2_0084,wp_f2_0083,wp_f2_0084,2,corridor,8.0,4.0,1.0,0,8.0
e_wp_f2_0083__wp_f2_0109,wp_f2_0083,wp_f2_0109,2,corridor,11.32,4.0,1.0,0,11.32
e_wp_f2_0083__wp_f2_0108,wp_f2_0083,wp_f2_0108,2,corridor,8.0,4.0,1.0,0,8.0
e_wp_f2_0083__wp_f2_0134,wp_f2_0083,wp_f2_0134,2,corridor,16.0,4.0,1.0,0,16.0
e_wp_f2_0084__wp_f2_0086,wp_f2_0084,wp_f2_0086,2,corridor,16.0,4.0,1.0,0,16.0
e_wp_f2_0084__wp_f2_0085,wp_f2_0084,wp_f2_0085,2,corridor,8.0,4.0,1.0,0,8.0
e_wp_f2_0084__wp_f2_0109,wp_f2_0084,wp_f2_0109,2,corridor,8.0,4.0,1.0,0,8.0
e_wp_f2_0084__wp_f2_0108,wp_f2_0084,wp_f2_0108,2,corridor,11.32,4.0,1.0,0,11.32
e_wp_f2_0084__wp_f2_0110,wp_f2_0084,wp_f2_0110,2,corridor,11.32,4.0,1.0,0,11.32
e_wp_f2_0084__wp_f2_0135,wp_f2_0084,wp_f2_0135,2,corridor,16.0,4.0,1.0,0,16.0
e_wp_f2_0085__wp_f2_0086,wp_f2_0085,wp_f2_0086,2,corridor,8.0,4.0,1.0,0,8.0
e_wp_f2_0085__wp_f2_0109,wp_f2_0085,wp_f2_0109,2,corridor,11.32,4.0,1.0,0,11.32
e_wp_f2_0085__wp_f2_0110,wp_f2_0085,wp_f2_0110,2,corridor,8.0,4.0,1.0,0,8.0
e_wp_f2_0085__wp_f2_0111,wp_f2_0085,wp_f2_0111,2,corridor,11.31,4.0,1.0,0,11.31
e_wp_f2_0085__wp_f2_0136,wp_f2_0085,wp_f2_0136,2,corridor,16.0,4.0,1.0,0,16.0
e_wp_f2_0085__wp_f2_0087,wp_f2_0085,wp_f2_0087,2,corridor,16.0,4.0,1.0,0,16.0
e_wp_f2_0086__wp_f2_0110,wp_f2_0086,wp_f2_0110,2,corridor,11.31,4.0,1.0,0,11.31
e_wp_f2_0086__wp_f2_0111,wp_f2_0086,wp_f2_0111,2,corridor,8.0,4.0,1.0,0,8.0
e_wp_f2_0086__wp_f2_0137,wp_f2_0086,wp_f2_0137,2,corridor,16.0,4.0,1.0,0,16.0
e_wp_f2_0086__wp_f2_0112,wp_f2_0086,wp_f2_0112,2,corridor,11.32,4.0,1.0,0,11.32
e_wp_f2_0086__wp_f2_0087,wp_f2_0086,wp_f2_0087,2,corridor,8.0,4.0,1.0,0,8.0
e_wp_f2_0087__wp_f2_0111,wp_f2_0087,wp_f2_0111,2,corridor,11.32,4.0,1.0,0,11.32
e_wp_f2_0087__wp_f2_0112,wp_f2_0087,wp_f2_0112,2,corridor,8.0,4.0,1.0,0,8.0
e_wp_f2_0087__wp_f2_0138,wp_f2_0087,wp_f2_0138,2,corridor,15.99,4.0,1.0,0,15.99
e_wp_f2_0087__wp_f2_0113,wp_f2_0087,wp_f2_0113,2,corridor,11.31,4.0,1.0,0,11.31
e_wp_f2_0088__wp_f2_0089,wp_f2_0088,wp_f2_0089,2,corridor,8.0,4.0,1.0,0,8.0
e_wp_f2_0088__wp_f2_0090,wp_f2_0088,wp_f2_0090,2,corridor,16.01,4.0,1.0,0,16.01
e_wp_f2_0088__wp_f2_0115,wp_f2_0088,wp_f2_0115,2,corridor,11.32,4.0,1.0,0,11.32
e_wp_f2_0089__wp_f2_0091,wp_f2_0089,wp_f2_0091,2,corridor,16.0,4.0,1.0,0,16.0
e_wp_f2_0089__wp_f2_0090,wp_f2_0089,wp_f2_0090,2,corridor,8.0,4.0,1.0,0,8.0
e_wp_f2_0089__wp_f2_0116,wp_f2_0089,wp_f2_0116,2,corridor,11.32,4.0,1.0,0,11.32
e_wp_f2_0089__wp_f2_0115,wp_f2_0089,wp_f2_0115,2,corridor,8.0,4.0,1.0,0,8.0
e_wp_f2_0090__wp_f2_0091,wp_f2_0090,wp_f2_0091,2,corridor,8.0,4.0,1.0,0,8.0
e_wp_f2_0090__wp_f2_0116,wp_f2_0090,wp_f2_0116,2,corridor,8.0,4.0,1.0,0,8.0
e_wp_f2_0090__wp_f2_0117,wp_f2_0090,wp_f2_0117,2,corridor,11.31,4.0,1.0,0,11.31
e_wp_f2_0090__wp_f2_0115,wp_f2_0090,wp_f2_0115,2,corridor,11.32,4.0,1.0,0,11.32
e_wp_f2_0090__wp_f2_0146,wp_f2_0090,wp_f2_0146,2,corridor,15.99,4.0,1.0,0,15.99
e_wp_f2_0090__wp_f2_0092,wp_f2_0090,wp_f2_0092,2,corridor,16.0,4.0,1.0,0,16.0
e_wp_f2_0091__wp_f2_0116,wp_f2_0091,wp_f2_0116,2,corridor,11.31,4.0,1.0,0,11.31
e_wp_f2_0091__wp_f2_0117,wp_f2_0091,wp_f2_0117,2,corridor,7.99,4.0,1.0,0,7.99
e_wp_f2_0091__wp_f2_0147,wp_f2_0091,wp_f2_0147,2,corridor,15.99,4.0,1.0,0,15.99
e_wp_f2_0091__wp_f2_0118,wp_f2_0091,wp_f2_0118,2,corridor,11.31,4.0,1.0,0,11.31
e_wp_f2_0091__wp_f2_0092,wp_f2_0091,wp_f2_0092,2,corridor,8.0,4.0,1.0,0,8.0
e_wp_f2_0091__wp_f2_0093,wp_f2_0091,wp_f2_0093,2,corridor,16.0,4.0,1.0,0,16.0
e_wp_f2_0092__wp_f2_0117,wp_f2_0092,wp_f2_0117,2,corridor,11.32,4.0,1.0,0,11.32
e_wp_f2_0092__wp_f2_0148,wp_f2_0092,wp_f2_0148,2,corridor,16.0,4.0,1.0,0,16.0
e_wp_f2_0092__wp_f2_0118,wp_f2_0092,wp_f2_0118,2,corridor,8.0,4.0,1.0,0,8.0
e_wp_f2_0092__wp_f2_0119,wp_f2_0092,wp_f2_0119,2,corridor,11.31,4.0,1.0,0,11.31
e_wp_f2_0092__wp_f2_0093,wp_f2_0092,wp_f2_0093,2,corridor,8.0,4.0,1.0,0,8.0
e_wp_f2_0092__wp_f2_0094,wp_f2_0092,wp_f2_0094,2,corridor,16.0,4.0,1.0,0,16.0
e_wp_f2_0093__wp_f2_0118,wp_f2_0093,wp_f2_0118,2,corridor,11.31,4.0,1.0,0,11.31
e_wp_f2_0093__wp_f2_0149,wp_f2_0093,wp_f2_0149,2,corridor,16.0,4.0,1.0,0,16.0
e_wp_f2_0093__wp_f2_0119,wp_f2_0093,wp_f2_0119,2,corridor,8.0,4.0,1.0,0,8.0
e_wp_f2_0093__wp_f2_0120,wp_f2_0093,wp_f2_0120,2,corridor,11.32,4.0,1.0,0,11.32
e_wp_f2_0093__wp_f2_0094,wp_f2_0093,wp_f2_0094,2,corridor,8.0,4.0,1.0,0,8.0
e_wp_f2_0093__wp_f2_0095,wp_f2_0093,wp_f2_0095,2,corridor,16.0,4.0,1.0,0,16.0
e_wp_f2_0094__wp_f2_0119,wp_f2_0094,wp_f2_0119,2,corridor,11.32,4.0,1.0,0,11.32
e_wp_f2_0094__wp_f2_0150,wp_f2_0094,wp_f2_0150,2,corridor,16.0,4.0,1.0,0,16.0
e_wp_f2_0094__wp_f2_0120,wp_f2_0094,wp_f2_0120,2,corridor,8.0,4.0,1.0,0,8.0
e_wp_f2_0094__wp_f2_0095,wp_f2_0094,wp_f2_0095,2,corridor,8.0,4.0,1.0,0,8.0
e_wp_f2_0094__wp_f2_0096,wp_f2_0094,wp_f2_0096,2,corridor,16.0,4.0,1.0,0,16.0
e_wp_f2_0094__wp_f2_0121,wp_f2_0094,wp_f2_0121,2,corridor,11.31,4.0,1.0,0,11.31
e_wp_f2_0095__wp_f2_0120,wp_f2_0095,wp_f2_0120,2,corridor,11.31,4.0,1.0,0,11.31
e_wp_f2_0095__wp_f2_0096,wp_f2_0095,wp_f2_0096,2,corridor,8.0,4.0,1.0,0,8.0
e_wp_f2_0095__wp_f2_0121,wp_f2_0095,wp_f2_0121,2,corridor,8.0,4.0,1.0,0,8.0
e_wp_f2_0095__wp_f2_0122,wp_f2_0095,wp_f2_0122,2,corridor,11.32,4.0,1.0,0,11.32
e_wp_f2_0095__wp_f2_0151,wp_f2_0095,wp_f2_0151,2,corridor,16.0,4.0,1.0,0,16.0
e_foodcourt_entry__wp_f2_0096,wp_f2_0096,foodcourt_entry,2,corridor,14.25,4.0,0.8,0,17.81
e_wp_f2_0096__wp_f2_0152,wp_f2_0096,wp_f2_0152,2,corridor,16.0,4.0,1.0,0,16.0
e_wp_f2_0096__wp_f2_0121,wp_f2_0096,wp_f2_0121,2,corridor,11.32,4.0,1.0,0,11.32
e_wp_f2_0096__wp_f2_0122,wp_f2_0096,wp_f2_0122,2,corridor,8.0,4.0,1.0,0,8.0
e_foodcourt_entry__wp_f2_0099,wp_f2_0099,foodcourt_entry,2,corridor,12.64,4.0,0.8,0,15.8
e_wp_f2_0099__wp_f2_0155,wp_f2_0099,wp_f2_0155,2,corridor,16.0,4.0,1.0,0,16.0
e_wp_f2_0099__wp_f2_0126,wp_f2_0099,wp_f2_0126,2,corridor,11.32,4.0,1.0,0,11.32
e_wp_f2_0099__wp_f2_0125,wp_f2_0099,wp_f2_0125,2,corridor,8.0,4.0,1.0,0,8.0
e_wp_f2_0099__wp_f2_0100,wp_f2_0099,wp_f2_0100,2,corridor,8.0,4.0,1.0,0,8.0
e_wp_f2_0099__wp_f2_0101,wp_f2_0099,wp_f2_0101,2,corridor,16.01,4.0,1.0,0,16.01
e_esc_sw_l2__wp_f2_0100,wp_f2_0100,esc_sw_l2,2,corridor,16.53,4.0,1.0,0,16.53
e_wp_f2_0100__wp_f2_0156,wp_f2_0100,wp_f2_0156,2,corridor,16.0,4.0,1.0,0,16.0
e_wp_f2_0100__wp_f2_0126,wp_f2_0100,wp_f2_0126,2,corridor,8.0,4.0,1.0,0,8.0
e_wp_f2_0100__wp_f2_0125,wp_f2_0100,wp_f2_0125,2,corridor,11.31,4.0,1.0,0,11.31
e_wp_f2_0100__wp_f2_0127,wp_f2_0100,wp_f2_0127,2,corridor,11.32,4.0,1.0,0,11.32
e_wp_f2_0100__wp_f2_0101,wp_f2_0100,wp_f2_0101,2,corridor,8.0,4.0,1.0,0,8.0
e_wp_f2_0100__wp_f2_0102,wp_f2_0100,wp_f2_0102,2,corridor,16.0,4.0,1.0,0,16.0
e_wp_f2_0101__wp_f2_0126,wp_f2_0101,wp_f2_0126,2,corridor,11.32,4.0,1.0,0,11.32
e_wp_f2_0101__wp_f2_0127,wp_f2_0101,wp_f2_0127,2,corridor,8.0,4.0,1.0,0,8.0
e_wp_f2_0101__wp_f2_0157,wp_f2_0101,wp_f2_0157,2,corridor,16.0,4.0,1.0,0,16.0
e_wp_f2_0101__wp_f2_0128,wp_f2_0101,wp_f2_0128,2,corridor,11.31,4.0,1.0,0,11.31
e_wp_f2_0101__wp_f2_0102,wp_f2_0101,wp_f2_0102,2,corridor,8.0,4.0,1.0,0,8.0
e_wp_f2_0101__wp_f2_0103,wp_f2_0101,wp_f2_0103,2,corridor,16.0,4.0,1.0,0,16.0
e_wp_f2_0102__wp_f2_0127,wp_f2_0102,wp_f2_0127,2,corridor,11.31,4.0,1.0,0,11.31
e_wp_f2_0102__wp_f2_0158,wp_f2_0102,wp_f2_0158,2,corridor,16.0,4.0,1.0,0,16.0
e_wp_f2_0102__wp_f2_0128,wp_f2_0102,wp_f2_0128,2,corridor,8.0,4.0,1.0,0,8.0
e_wp_f2_0102__wp_f2_0129,wp_f2_0102,wp_f2_0129,2,corridor,11.32,4.0,1.0,0,11.32
e_wp_f2_0102__wp_f2_0103,wp_f2_0102,wp_f2_0103,2,corridor,8.0,4.0,1.0,0,8.0
e_wp_f2_0102__wp_f2_0104,wp_f2_0102,wp_f2_0104,2,corridor,16.0,4.0,1.0,0,16.0
e_wp_f2_0103__wp_f2_0128,wp_f2_0103,wp_f2_0128,2,corridor,11.32,4.0,1.0,0,11.32
e_wp_f2_0103__wp_f2_0129,wp_f2_0103,wp_f2_0129,2,corridor,8.0,4.0,1.0,0,8.0
e_wp_f2_0103__wp_f2_0159,wp_f2_0103,wp_f2_0159,2,corridor,16.0,4.0,1.0,0,16.0
e_wp_f2_0103__wp_f2_0104,wp_f2_0103,wp_f2_0104,2,corridor,8.0,4.0,1.0,0,8.0
e_wp_f2_0103__wp_f2_0105,wp_f2_0103,wp_f2_0105,2,corridor,16.0,4.0,1.0,0,16.0
e_wp_f2_0103__wp_f2_0130,wp_f2_0103,wp_f2_0130,2,corridor,11.31,4.0,1.0,0,11.31
e_wp_f2_0104__wp_f2_0129,wp_f2_0104,wp_f2_0129,2,corridor,11.31,4.0,1.0,0,11.31
e_wp_f2_0104__wp_f2_0105,wp_f2_0104,wp_f2_0105,2,corridor,8.0,4.0,1.0,0,8.0
e_wp_f2_0104__wp_f2_0106,wp_f2_0104,wp_f2_0106,2,corridor,16.0,4.0,1.0,0,16.0
e_wp_f2_0104__wp_f2_0160,wp_f2_0104,wp_f2_0160,2,corridor,15.99,4.0,1.0,0,15.99
e_wp_f2_0104__wp_f2_0130,wp_f2_0104,wp_f2_0130,2,corridor,8.0,4.0,1.0,0,8.0
e_wp_f2_0104__wp_f2_0131,wp_f2_0104,wp_f2_0131,2,corridor,11.31,4.0,1.0,0,11.31
e_wp_f2_0105__wp_f2_0106,wp_f2_0105,wp_f2_0106,2,corridor,8.0,4.0,1.0,0,8.0
e_wp_f2_0105__wp_f2_0132,wp_f2_0105,wp_f2_0132,2,corridor,11.31,4.0,1.0,0,11.31
e_wp_f2_0105__wp_f2_0161,wp_f2_0105,wp_f2_0161,2,corridor,15.99,4.0,1.0,0,15.99
e_wp_f2_0105__wp_f2_0130,wp_f2_0105,wp_f2_0130,2,corridor,11.32,4.0,1.0,0,11.32
e_wp_f2_0105__wp_f2_0131,wp_f2_0105,wp_f2_0131,2,corridor,7.99,4.0,1.0,0,7.99
e_wp_f2_0105__wp_f2_0107,wp_f2_0105,wp_f2_0107,2,corridor,16.0,4.0,1.0,0,16.0
e_wp_f2_0106__wp_f2_0162,wp_f2_0106,wp_f2_0162,2,corridor,16.0,4.0,1.0,0,16.0
e_wp_f2_0106__wp_f2_0132,wp_f2_0106,wp_f2_0132,2,corridor,8.0,4.0,1.0,0,8.0
e_wp_f2_0106__wp_f2_0131,wp_f2_0106,wp_f2_0131,2,corridor,11.31,4.0,1.0,0,11.31
e_wp_f2_0106__wp_f2_0107,wp_f2_0106,wp_f2_0107,2,corridor,8.0,4.0,1.0,0,8.0
e_wp_f2_0106__wp_f2_0108,wp_f2_0106,wp_f2_0108,2,corridor,16.0,4.0,1.0,0,16.0
e_wp_f2_0106__wp_f2_0133,wp_f2_0106,wp_f2_0133,2,corridor,11.32,4.0,1.0,0,11.32
e_wp_f2_0107__wp_f2_0132,wp_f2_0107,wp_f2_0132,2,corridor,11.32,4.0,1.0,0,11.32
e_wp_f2_0107__wp_f2_0163,wp_f2_0107,wp_f2_0163,2,corridor,16.0,4.0,1.0,0,16.0
e_wp_f2_0107__wp_f2_0109,wp_f2_0107,wp_f2_0109,2,corridor,16.0,4.0,1.0,0,16.0
e_wp_f2_0107__wp_f2_0108,wp_f2_0107,wp_f2_0108,2,corridor,8.0,4.0,1.0,0,8.0
e_wp_f2_0107__wp_f2_0134,wp_f2_0107,wp_f2_0134,2,corridor,11.31,4.0,1.0,0,11.31
e_wp_f2_0107__wp_f2_0133,wp_f2_0107,wp_f2_0133,2,corridor,8.0,4.0,1.0,0,8.0
e_wp_f2_0108__wp_f2_0109,wp_f2_0108,wp_f2_0109,2,corridor,8.0,4.0,1.0,0,8.0
e_wp_f2_0108__wp_f2_0110,wp_f2_0108,wp_f2_0110,2,corridor,16.01,4.0,1.0,0,16.01
e_wp_f2_0108__wp_f2_0135,wp_f2_0108,wp_f2_0135,2,corridor,11.32,4.0,1.0,0,11.32
e_wp_f2_0108__wp_f2_0134,wp_f2_0108,wp_f2_0134,2,corridor,8.0,4.0,1.0,0,8.0
e_wp_f2_0108__wp_f2_0133,wp_f2_0108,wp_f2_0133,2,corridor,11.31,4.0,1.0,0,11.31
e_wp_f2_0108__wp_f2_0164,wp_f2_0108,wp_f2_0164,2,corridor,16.0,4.0,1.0,0,16.0
e_wp_f2_0109__wp_f2_0110,wp_f2_0109,wp_f2_0110,2,corridor,8.0,4.0,1.0,0,8.0
e_wp_f2_0109__wp_f2_0111,wp_f2_0109,wp_f2_0111,2,corridor,16.0,4.0,1.0,0,16.0
e_wp_f2_0109__wp_f2_0136,wp_f2_0109,wp_f2_0136,2,corridor,11.32,4.0,1.0,0,11.32
e_wp_f2_0109__wp_f2_0135,wp_f2_0109,wp_f2_0135,2,corridor,8.0,4.0,1.0,0,8.0
e_wp_f2_0109__wp_f2_0134,wp_f2_0109,wp_f2_0134,2,corridor,11.32,4.0,1.0,0,11.32
e_wp_f2_0109__wp_f2_0165,wp_f2_0109,wp_f2_0165,2,corridor,16.0,4.0,1.0,0,16.0
e_wp_f2_0110__wp_f2_0111,wp_f2_0110,wp_f2_0111,2,corridor,8.0,4.0,1.0,0,8.0
e_wp_f2_0110__wp_f2_0136,wp_f2_0110,wp_f2_0136,2,corridor,8.0,4.0,1.0,0,8.0
e_wp_f2_0110__wp_f2_0135,wp_f2_0110,wp_f2_0135,2,corridor,11.32,4.0,1.0,0,11.32
e_wp_f2_0110__wp_f2_0166,wp_f2_0110,wp_f2_0166,2,corridor,16.0,4.0,1.0,0,16.0
e_wp_f2_0110__wp_f2_0137,wp_f2_0110,wp_f2_0137,2,corridor,11.31,4.0,1.0,0,11.31
e_wp_f2_0110__wp_f2_0112,wp_f2_0110,wp_f2_0112,2,corridor,16.0,4.0,1.0,0,16.0
e_wp_f2_0111__wp_f2_0136,wp_f2_0111,wp_f2_0136,2,corridor,11.31,4.0,1.0,0,11.31
e_wp_f2_0111__wp_f2_0167,wp_f2_0111,wp_f2_0167,2,corridor,15.99,4.0,1.0,0,15.99
e_wp_f2_0111__wp_f2_0137,wp_f2_0111,wp_f2_0137,2,corridor,8.0,4.0,1.0,0,8.0
e_wp_f2_0111__wp_f2_0112,wp_f2_0111,wp_f2_0112,2,corridor,8.0,4.0,1.0,0,8.0
e_wp_f2_0111__wp_f2_0138,wp_f2_0111,wp_f2_0138,2,corridor,11.31,4.0,1.0,0,11.31
e_wp_f2_0111__wp_f2_0113,wp_f2_0111,wp_f2_0113,2,corridor,16.0,4.0,1.0,0,16.0
e_wp_f2_0112__wp_f2_0137,wp_f2_0112,wp_f2_0137,2,corridor,11.32,4.0,1.0,0,11.32
e_wp_f2_0112__wp_f2_0168,wp_f2_0112,wp_f2_0168,2,corridor,15.99,4.0,1.0,0,15.99
e_wp_f2_0112__wp_f2_0139,wp_f2_0112,wp_f2_0139,2,corridor,11.31,4.0,1.0,0,11.31
e_wp_f2_0112__wp_f2_0114,wp_f2_0112,wp_f2_0114,2,corridor,16.0,4.0,1.0,0,16.0
e_wp_f2_0112__wp_f2_0138,wp_f2_0112,wp_f2_0138,2,corridor,7.99,4.0,1.0,0,7.99
e_wp_f2_0112__wp_f2_0113,wp_f2_0112,wp_f2_0113,2,corridor,8.0,4.0,1.0,0,8.0
e_wp_f2_0113__wp_f2_0139,wp_f2_0113,wp_f2_0139,2,corridor,8.0,4.0,1.0,0,8.0
e_wp_f2_0113__wp_f2_0114,wp_f2_0113,wp_f2_0114,2,corridor,8.0,4.0,1.0,0,8.0
e_wp_f2_0113__wp_f2_0140,wp_f2_0113,wp_f2_0140,2,corridor,11.32,4.0,1.0,0,11.32
e_wp_f2_0113__wp_f2_0138,wp_f2_0113,wp_f2_0138,2,corridor,11.31,4.0,1.0,0,11.31
e_wp_f2_0113__wp_f2_0169,wp_f2_0113,wp_f2_0169,2,corridor,16.0,4.0,1.0,0,16.0
e_wp_f2_0114__wp_f2_0139,wp_f2_0114,wp_f2_0139,2,corridor,11.32,4.0,1.0,0,11.32
e_wp_f2_0114__wp_f2_0140,wp_f2_0114,wp_f2_0140,2,corridor,8.0,4.0,1.0,0,8.0
e_wp_f2_0115__wp_f2_0116,wp_f2_0115,wp_f2_0116,2,corridor,8.0,4.0,1.0,0,8.0
e_wp_f2_0115__wp_f2_0117,wp_f2_0115,wp_f2_0117,2,corridor,16.0,4.0,1.0,0,16.0
e_wp_f2_0115__wp_f2_0146,wp_f2_0115,wp_f2_0146,2,corridor,11.31,4.0,1.0,0,11.31
e_wp_f2_0116__wp_f2_0117,wp_f2_0116,wp_f2_0117,2,corridor,8.0,4.0,1.0,0,8.0
e_wp_f2_0116__wp_f2_0182,wp_f2_0116,wp_f2_0182,2,corridor,15.99,4.0,1.0,0,15.99
e_wp_f2_0116__wp_f2_0147,wp_f2_0116,wp_f2_0147,2,corridor,11.31,4.0,1.0,0,11.31
e_wp_f2_0116__wp_f2_0146,wp_f2_0116,wp_f2_0146,2,corridor,7.99,4.0,1.0,0,7.99
e_wp_f2_0116__wp_f2_0118,wp_f2_0116,wp_f2_0118,2,corridor,16.0,4.0,1.0,0,16.0
e_wp_f2_0117__wp_f2_0183,wp_f2_0117,wp_f2_0183,2,corridor,16.0,4.0,1.0,0,16.0
e_wp_f2_0117__wp_f2_0147,wp_f2_0117,wp_f2_0147,2,corridor,8.0,4.0,1.0,0,8.0
e_wp_f2_0117__wp_f2_0146,wp_f2_0117,wp_f2_0146,2,corridor,11.31,4.0,1.0,0,11.31
e_wp_f2_0117__wp_f2_0148,wp_f2_0117,wp_f2_0148,2,corridor,11.32,4.0,1.0,0,11.32
e_wp_f2_0117__wp_f2_0118,wp_f2_0117,wp_f2_0118,2,corridor,8.0,4.0,1.0,0,8.0
e_wp_f2_0117__wp_f2_0119,wp_f2_0117,wp_f2_0119,2,corridor,16.0,4.0,1.0,0,16.0
e_wp_f2_0118__wp_f2_0147,wp_f2_0118,wp_f2_0147,2,corridor,11.32,4.0,1.0,0,11.32
e_wp_f2_0118__wp_f2_0184,wp_f2_0118,wp_f2_0184,2,corridor,16.0,4.0,1.0,0,16.0
e_wp_f2_0118__wp_f2_0148,wp_f2_0118,wp_f2_0148,2,corridor,8.0,4.0,1.0,0,8.0
e_wp_f2_0118__wp_f2_0149,wp_f2_0118,wp_f2_0149,2,corridor,11.31,4.0,1.0,0,11.31
e_wp_f2_0118__wp_f2_0119,wp_f2_0118,wp_f2_0119,2,corridor,8.0,4.0,1.0,0,8.0
e_wp_f2_0118__wp_f2_0120,wp_f2_0118,wp_f2_0120,2,corridor,16.0,4.0,1.0,0,16.0
e_wp_f2_0119__wp_f2_0148,wp_f2_0119,wp_f2_0148,2,corridor,11.31,4.0,1.0,0,11.31
e_wp_f2_0119__wp_f2_0149,wp_f2_0119,wp_f2_0149,2,corridor,8.0,4.0,1.0,0,8.0
e_wp_f2_0119__wp_f2_0150,wp_f2_0119,wp_f2_0150,2,corridor,11.32,4.0,1.0,0,11.32
e_wp_f2_0119__wp_f2_0120,wp_f2_0119,wp_f2_0120,2,corridor,8.0,4.0,1.0,0,8.0
e_wp_f2_0119__wp_f2_0121,wp_f2_0119,wp_f2_0121,2,corridor,16.0,4.0,1.0,0,16.0
e_wp_f2_0119__wp_f2_0185,wp_f2_0119,wp_f2_0185,2,corridor,16.0,4.0,1.0,0,16.0
e_wp_f2_0120__wp_f2_0149,wp_f2_0120,wp_f2_0149,2,corridor,11.32,4.0,1.0,0,11.32
e_wp_f2_0120__wp_f2_0150,wp_f2_0120,wp_f2_0150,2,corridor,8.0,4.0,1.0,0,8.0
e_wp_f2_0120__wp_f2_0121,wp_f2_0120,wp_f2_0121,2,corridor,8.0,4.0,1.0,0,8.0
e_wp_f2_0120__wp_f2_0122,wp_f2_0120,wp_f2_0122,2,corridor,16.0,4.0,1.0,0,16.0
e_wp_f2_0120__wp_f2_0151,wp_f2_0120,wp_f2_0151,2,corridor,11.31,4.0,1.0,0,11.31
e_wp_f2_0120__wp_f2_0186,wp_f2_0120,wp_f2_0186,2,corridor,16.0,4.0,1.0,0,16.0
e_wp_f2_0121__wp_f2_0150,wp_f2_0121,wp_f2_0150,2,corridor,11.31,4.0,1.0,0,11.31
e_wp_f2_0121__wp_f2_0152,wp_f2_0121,wp_f2_0152,2,corridor,11.32,4.0,1.0,0,11.32
e_wp_f2_0121__wp_f2_0122,wp_f2_0121,wp_f2_0122,2,corridor,8.0,4.0,1.0,0,8.0
e_wp_f2_0121__wp_f2_0151,wp_f2_0121,wp_f2_0151,2,corridor,8.0,4.0,1.0,0,8.0
e_wp_f2_0121__wp_f2_0187,wp_f2_0121,wp_f2_0187,2,corridor,16.0,4.0,1.0,0,16.0
e_foodcourt_entry__wp_f2_0122,wp_f2_0122,foodcourt_entry,2,corridor,13.05,4.0,0.8,0,16.31
e_wp_f2_0122__wp_f2_0152,wp_f2_0122,wp_f2_0152,2,corridor,8.0,4.0,1.0,0,8.0
e_wp_f2_0122__wp_f2_0153,wp_f2_0122,wp_f2_0153,2,corridor,11.31,4.0,1.0,0,11.31
e_wp_f2_0122__wp_f2_0151,wp_f2_0122,wp_f2_0151,2,corridor,11.32,4.0,1.0,0,11.32
e_wp_f2_0122__wp_f2_0188,wp_f2_0122,wp_f2_0188,2,corridor,15.99,4.0,1.0,0,15.99
e_foodcourt_entry__wp_f2_0125,wp_f2_0125,foodcourt_entry,2,corridor,11.27,4.0,0.8,0,14.09
e_wp_f2_0125__wp_f2_0155,wp_f2_0125,wp_f2_0155,2,corridor,8.0,4.0,1.0,0,8.0
e_wp_f2_0125__wp_f2_0154,wp_f2_0125,wp_f2_0154,2,corridor,11.32,4.0,1.0,0,11.32
e_wp_f2_0125__wp_f2_0156,wp_f2_0125,wp_f2_0156,2,corridor,11.31,4.0,1.0,0,11.31
e_wp_f2_0125__wp_f2_0126,wp_f2_0125,wp_f2_0126,2,corridor,8.0,4.0,1.0,0,8.0
e_wp_f2_0125__wp_f2_0127,wp_f2_0125,wp_f2_0127,2,corridor,16.0,4.0,1.0,0,16.0
e_wp_f2_0125__wp_f2_0191,wp_f2_0125,wp_f2_0191,2,corridor,16.0,4.0,1.0,0,16.0
e_wp_f2_0126__wp_f2_0155,wp_f2_0126,wp_f2_0155,2,corridor,11.31,4.0,1.0,0,11.31
e_wp_f2_0126__wp_f2_0156,wp_f2_0126,wp_f2_0156,2,corridor,8.0,4.0,1.0,0,8.0
e_wp_f2_0126__wp_f2_0127,wp_f2_0126,wp_f2_0127,2,corridor,8.0,4.0,1.0,0,8.0
e_wp_f2_0126__wp_f2_0157,wp_f2_0126,wp_f2_0157,2,corridor,11.32,4.0,1.0,0,11.32
e_wp_f2_0126__wp_f2_0128,wp_f2_0126,wp_f2_0128,2,corridor,16.0,4.0,1.0,0,16.0
e_wp_f2_0126__wp_f2_0192,wp_f2_0126,wp_f2_0192,2,corridor,16.0,4.0,1.0,0,16.0
e_wp_f2_0127__wp_f2_0156,wp_f2_0127,wp_f2_0156,2,corridor,11.32,4.0,1.0,0,11.32
e_wp_f2_0127__wp_f2_0157,wp_f2_0127,wp_f2_0157,2,corridor,8.0,4.0,1.0,0,8.0
e_wp_f2_0127__wp_f2_0158,wp_f2_0127,wp_f2_0158,2,corridor,11.31,4.0,1.0,0,11.31
e_wp_f2_0127__wp_f2_0128,wp_f2_0127,wp_f2_0128,2,corridor,8.0,4.0,1.0,0,8.0
e_wp_f2_0127__wp_f2_0129,wp_f2_0127,wp_f2_0129,2,corridor,16.0,4.0,1.0,0,16.0
e_wp_f2_0127__wp_f2_0193,wp_f2_0127,wp_f2_0193,2,corridor,16.0,4.0,1.0,0,16.0
e_wp_f2_0128__wp_f2_0157,wp_f2_0128,wp_f2_0157,2,corridor,11.31,4.0,1.0,0,11.31
e_wp_f2_0128__wp_f2_0158,wp_f2_0128,wp_f2_0158,2,corridor,8.0,4.0,1.0,0,8.0
e_wp_f2_0128__wp_f2_0129,wp_f2_0128,wp_f2_0129,2,corridor,8.0,4.0,1.0,0,8.0
e_wp_f2_0128__wp_f2_0159,wp_f2_0128,wp_f2_0159,2,corridor,11.32,4.0,1.0,0,11.32
e_wp_f2_0128__wp_f2_0130,wp_f2_0128,wp_f2_0130,2,corridor,16.0,4.0,1.0,0,16.0
e_wp_f2_0128__wp_f2_0194,wp_f2_0128,wp_f2_0194,2,corridor,16.0,4.0,1.0,0,16.0
e_wp_f2_0129__wp_f2_0158,wp_f2_0129,wp_f2_0158,2,corridor,11.32,4.0,1.0,0,11.32
e_wp_f2_0129__wp_f2_0159,wp_f2_0129,wp_f2_0159,2,corridor,8.0,4.0,1.0,0,8.0
e_wp_f2_0129__wp_f2_0160,wp_f2_0129,wp_f2_0160,2,corridor,11.31,4.0,1.0,0,11.31
e_wp_f2_0129__wp_f2_0130,wp_f2_0129,wp_f2_0130,2,corridor,8.0,4.0,1.0,0,8.0
e_wp_f2_0129__wp_f2_0131,wp_f2_0129,wp_f2_0131,2,corridor,16.0,4.0,1.0,0,16.0
e_wp_f2_0130__wp_f2_0159,wp_f2_0130,wp_f2_0159,2,corridor,11.31,4.0,1.0,0,11.31
e_wp_f2_0130__wp_f2_0160,wp_f2_0130,wp_f2_0160,2,corridor,7.99,4.0,1.0,0,7.99
e_wp_f2_0130__wp_f2_0132,wp_f2_0130,wp_f2_0132,2,corridor,16.0,4.0,1.0,0,16.0
e_wp_f2_0130__wp_f2_0161,wp_f2_0130,wp_f2_0161,2,corridor,11.31,4.0,1.0,0,11.31
e_wp_f2_0130__wp_f2_0131,wp_f2_0130,wp_f2_0131,2,corridor,8.0,4.0,1.0,0,8.0
e_wp_f2_0131__wp_f2_0160,wp_f2_0131,wp_f2_0160,2,corridor,11.32,4.0,1.0,0,11.32
e_wp_f2_0131__wp_f2_0162,wp_f2_0131,wp_f2_0162,2,corridor,11.31,4.0,1.0,0,11.31
e_wp_f2_0131__wp_f2_0132,wp_f2_0131,wp_f2_0132,2,corridor,8.0,4.0,1.0,0,8.0
e_wp_f2_0131__wp_f2_0161,wp_f2_0131,wp_f2_0161,2,corridor,8.0,4.0,1.0,0,8.0
e_wp_f2_0131__wp_f2_0133,wp_f2_0131,wp_f2_0133,2,corridor,16.0,4.0,1.0,0,16.0
e_wp_f2_0131__wp_f2_0197,wp_f2_0131,wp_f2_0197,2,corridor,16.0,4.0,1.0,0,16.0
e_wp_f2_0132__wp_f2_0162,wp_f2_0132,wp_f2_0162,2,corridor,8.0,4.0,1.0,0,8.0
e_wp_f2_0132__wp_f2_0161,wp_f2_0132,wp_f2_0161,2,corridor,11.31,4.0,1.0,0,11.31
e_wp_f2_0132__wp_f2_0163,wp_f2_0132,wp_f2_0163,2,corridor,11.32,4.0,1.0,0,11.32
e_wp_f2_0132__wp_f2_0134,wp_f2_0132,wp_f2_0134,2,corridor,16.0,4.0,1.0,0,16.0
e_wp_f2_0132__wp_f2_0133,wp_f2_0132,wp_f2_0133,2,corridor,8.0,4.0,1.0,0,8.0
e_wp_f2_0132__wp_f2_0198,wp_f2_0132,wp_f2_0198,2,corridor,16.0,4.0,1.0,0,16.0
e_wp_f2_0133__wp_f2_0162,wp_f2_0133,wp_f2_0162,2,corridor,11.32,4.0,1.0,0,11.32
e_wp_f2_0133__wp_f2_0163,wp_f2_0133,wp_f2_0163,2,corridor,8.0,4.0,1.0,0,8.0
e_wp_f2_0133__wp_f2_0135,wp_f2_0133,wp_f2_0135,2,corridor,16.0,4.0,1.0,0,16.0
e_wp_f2_0133__wp_f2_0134,wp_f2_0133,wp_f2_0134,2,corridor,8.0,4.0,1.0,0,8.0
e_wp_f2_0133__wp_f2_0164,wp_f2_0133,wp_f2_0164,2,corridor,11.31,4.0,1.0,0,11.31
e_wp_f2_0133__wp_f2_0199,wp_f2_0133,wp_f2_0199,2,corridor,16.0,4.0,1.0,0,16.0
e_wp_f2_0134__wp_f2_0163,wp_f2_0134,wp_f2_0163,2,corridor,11.31,4.0,1.0,0,11.31
e_wp_f2_0134__wp_f2_0136,wp_f2_0134,wp_f2_0136,2,corridor,16.01,4.0,1.0,0,16.01
e_wp_f2_0134__wp_f2_0135,wp_f2_0134,wp_f2_0135,2,corridor,8.0,4.0,1.0,0,8.0
e_wp_f2_0134__wp_f2_0164,wp_f2_0134,wp_f2_0164,2,corridor,8.0,4.0,1.0,0,8.0
e_wp_f2_0134__wp_f2_0165,wp_f2_0134,wp_f2_0165,2,corridor,11.32,4.0,1.0,0,11.32
e_wp_f2_0134__wp_f2_0200,wp_f2_0134,wp_f2_0200,2,corridor,16.0,4.0,1.0,0,16.0
e_wp_f2_0135__wp_f2_0136,wp_f2_0135,wp_f2_0136,2,corridor,8.0,4.0,1.0,0,8.0
e_wp_f2_0135__wp_f2_0164,wp_f2_0135,wp_f2_0164,2,corridor,11.32,4.0,1.0,0,11.32
e_wp_f2_0135__wp_f2_0166,wp_f2_0135,wp_f2_0166,2,corridor,11.32,4.0,1.0,0,11.32
e_wp_f2_0135__wp_f2_0165,wp_f2_0135,wp_f2_0165,2,corridor,8.0,4.0,1.0,0,8.0
e_wp_f2_0135__wp_f2_0137,wp_f2_0135,wp_f2_0137,2,corridor,16.0,4.0,1.0,0,16.0
e_wp_f2_0135__wp_f2_0201,wp_f2_0135,wp_f2_0201,2,corridor,16.0,4.0,1.0,0,16.0
e_wp_f2_0136__wp_f2_0167,wp_f2_0136,wp_f2_0167,2,corridor,11.31,4.0,1.0,0,11.31
e_wp_f2_0136__wp_f2_0166,wp_f2_0136,wp_f2_0166,2,corridor,8.0,4.0,1.0,0,8.0
e_wp_f2_0136__wp_f2_0165,wp_f2_0136,wp_f2_0165,2,corridor,11.32,4.0,1.0,0,11.32
e_wp_f2_0136__wp_f2_0137,wp_f2_0136,wp_f2_0137,2,corridor,8.0,4.0,1.0,0,8.0
e_wp_f2_0136__wp_f2_0202,wp_f2_0136,wp_f2_0202,2,corridor,15.99,4.0,1.0,0,15.99
e_wp_f2_0136__wp_f2_0138,wp_f2_0136,wp_f2_0138,2,corridor,16.0,4.0,1.0,0,16.0
e_wp_f2_0137__wp_f2_0167,wp_f2_0137,wp_f2_0167,2,corridor,7.99,4.0,1.0,0,7.99
e_wp_f2_0137__wp_f2_0166,wp_f2_0137,wp_f2_0166,2,corridor,11.31,4.0,1.0,0,11.31
e_wp_f2_0137__wp_f2_0203,wp_f2_0137,wp_f2_0203,2,corridor,15.99,4.0,1.0,0,15.99
e_wp_f2_0137__wp_f2_0168,wp_f2_0137,wp_f2_0168,2,corridor,11.31,4.0,1.0,0,11.31
e_wp_f2_0137__wp_f2_0139,wp_f2_0137,wp_f2_0139,2,corridor,16.0,4.0,1.0,0,16.0
e_wp_f2_0137__wp_f2_0138,wp_f2_0137,wp_f2_0138,2,corridor,8.0,4.0,1.0,0,8.0
e_wp_f2_0138__wp_f2_0167,wp_f2_0138,wp_f2_0167,2,corridor,11.32,4.0,1.0,0,11.32
e_wp_f2_0138__wp_f2_0168,wp_f2_0138,wp_f2_0168,2,corridor,8.0,4.0,1.0,0,8.0
e_wp_f2_0138__wp_f2_0139,wp_f2_0138,wp_f2_0139,2,corridor,8.0,4.0,1.0,0,8.0
e_wp_f2_0138__wp_f2_0140,wp_f2_0138,wp_f2_0140,2,corridor,16.0,4.0,1.0,0,16.0
e_wp_f2_0138__wp_f2_0169,wp_f2_0138,wp_f2_0169,2,corridor,11.31,4.0,1.0,0,11.31
e_wp_f2_0138__wp_f2_0204,wp_f2_0138,wp_f2_0204,2,corridor,16.0,4.0,1.0,0,16.0
e_wp_f2_0139__wp_f2_0168,wp_f2_0139,wp_f2_0168,2,corridor,11.31,4.0,1.0,0,11.31
e_wp_f2_0139__wp_f2_0140,wp_f2_0139,wp_f2_0140,2,corridor,8.0,4.0,1.0,0,8.0
e_wp_f2_0139__wp_f2_0169,wp_f2_0139,wp_f2_0169,2,corridor,8.0,4.0,1.0,0,8.0
e_wp_f2_0139__wp_f2_0170,wp_f2_0139,wp_f2_0170,2,corridor,11.32,4.0,1.0,0,11.32
e_wp_f2_0140__wp_f2_0169,wp_f2_0140,wp_f2_0169,2,corridor,11.32,4.0,1.0,0,11.32
e_wp_f2_0141__wp_f2_0171,wp_f2_0141,wp_f2_0171,2,corridor,11.32,4.0,1.0,0,11.32
e_wp_f2_0141__wp_f2_0172,wp_f2_0141,wp_f2_0172,2,corridor,7.99,4.0,1.0,0,7.99
e_wp_f2_0141__wp_f2_0208,wp_f2_0141,wp_f2_0208,2,corridor,15.99,4.0,1.0,0,15.99
e_wp_f2_0141__wp_f2_0173,wp_f2_0141,wp_f2_0173,2,corridor,11.31,4.0,1.0,0,11.31
e_wp_f2_0141__wp_f2_0142,wp_f2_0141,wp_f2_0142,2,corridor,8.0,4.0,1.0,0,8.0
e_wp_f2_0141__wp_f2_0143,wp_f2_0141,wp_f2_0143,2,corridor,16.0,4.0,1.0,0,16.0
e_wp_f2_0142__wp_f2_0209,wp_f2_0142,wp_f2_0209,2,corridor,16.0,4.0,1.0,0,16.0
e_wp_f2_0142__wp_f2_0172,wp_f2_0142,wp_f2_0172,2,corridor,11.31,4.0,1.0,0,11.31
e_wp_f2_0142__wp_f2_0173,wp_f2_0142,wp_f2_0173,2,corridor,8.0,4.0,1.0,0,8.0
e_wp_f2_0142__wp_f2_0144,wp_f2_0142,wp_f2_0144,2,corridor,16.01,4.0,1.0,0,16.01
e_wp_f2_0142__wp_f2_0174,wp_f2_0142,wp_f2_0174,2,corridor,11.32,4.0,1.0,0,11.32
e_wp_f2_0142__wp_f2_0143,wp_f2_0142,wp_f2_0143,2,corridor,8.0,4.0,1.0,0,8.0
e_wp_f2_0143__wp_f2_0173,wp_f2_0143,wp_f2_0173,2,corridor,11.31,4.0,1.0,0,11.31
e_wp_f2_0143__wp_f2_0175,wp_f2_0143,wp_f2_0175,2,corridor,11.32,4.0,1.0,0,11.32
e_wp_f2_0143__wp_f2_0144,wp_f2_0143,wp_f2_0144,2,corridor,8.0,4.0,1.0,0,8.0
e_wp_f2_0143__wp_f2_0174,wp_f2_0143,wp_f2_0174,2,corridor,8.0,4.0,1.0,0,8.0
e_wp_f2_0143__wp_f2_0210,wp_f2_0143,wp_f2_0210,2,corridor,16.0,4.0,1.0,0,16.0
e_wp_f2_0144__wp_f2_0176,wp_f2_0144,wp_f2_0176,2,corridor,11.31,4.0,1.0,0,11.31
e_wp_f2_0144__wp_f2_0175,wp_f2_0144,wp_f2_0175,2,corridor,8.0,4.0,1.0,0,8.0
e_wp_f2_0144__wp_f2_0174,wp_f2_0144,wp_f2_0174,2,corridor,11.32,4.0,1.0,0,11.32
e_wp_f2_0144__wp_f2_0211,wp_f2_0144,wp_f2_0211,2,corridor,16.0,4.0,1.0,0,16.0
e_esc_se_l2__wp_f2_0144,wp_f2_0144,esc_se_l2,2,corridor,11.73,4.0,1.0,0,11.73
e_wp_f2_0146__wp_f2_0182,wp_f2_0146,wp_f2_0182,2,corridor,8.0,4.0,1.0,0,8.0
e_wp_f2_0146__wp_f2_0183,wp_f2_0146,wp_f2_0183,2,corridor,11.31,4.0,1.0,0,11.31
e_wp_f2_0146__wp_f2_0147,wp_f2_0146,wp_f2_0147,2,corridor,8.0,4.0,1.0,0,8.0
e_wp_f2_0146__wp_f2_0148,wp_f2_0146,wp_f2_0148,2,corridor,16.0,4.0,1.0,0,16.0
e_wp_f2_0146__wp_f2_0223,wp_f2_0146,wp_f2_0223,2,corridor,16.0,4.0,1.0,0,16.0
e_wp_f2_0147__wp_f2_0182,wp_f2_0147,wp_f2_0182,2,corridor,11.31,4.0,1.0,0,11.31
e_wp_f2_0147__wp_f2_0183,wp_f2_0147,wp_f2_0183,2,corridor,8.0,4.0,1.0,0,8.0
e_wp_f2_0147__wp_f2_0184,wp_f2_0147,wp_f2_0184,2,corridor,11.32,4.0,1.0,0,11.32
e_wp_f2_0147__wp_f2_0148,wp_f2_0147,wp_f2_0148,2,corridor,8.0,4.0,1.0,0,8.0
e_wp_f2_0147__wp_f2_0149,wp_f2_0147,wp_f2_0149,2,corridor,16.0,4.0,1.0,0,16.0
e_wp_f2_0147__wp_f2_0224,wp_f2_0147,wp_f2_0224,2,corridor,16.0,4.0,1.0,0,16.0
e_wp_f2_0148__wp_f2_0183,wp_f2_0148,wp_f2_0183,2,corridor,11.32,4.0,1.0,0,11.32
e_wp_f2_0148__wp_f2_0184,wp_f2_0148,wp_f2_0184,2,corridor,8.0,4.0,1.0,0,8.0
e_wp_f2_0148__wp_f2_0149,wp_f2_0148,wp_f2_0149,2,corridor,8.0,4.0,1.0,0,8.0
e_wp_f2_0148__wp_f2_0150,wp_f2_0148,wp_f2_0150,2,corridor,16.0,4.0,1.0,0,16.0
e_wp_f2_0148__wp_f2_0225,wp_f2_0148,wp_f2_0225,2,corridor,16.0,4.0,1.0,0,16.0
e_wp_f2_0148__wp_f2_0185,wp_f2_0148,wp_f2_0185,2,corridor,11.31,4.0,1.0,0,11.31
e_wp_f2_0149__wp_f2_0184,wp_f2_0149,wp_f2_0184,2,corridor,11.31,4.0,1.0,0,11.31
e_wp_f2_0149__wp_f2_0150,wp_f2_0149,wp_f2_0150,2,corridor,8.0,4.0,1.0,0,8.0
e_wp_f2_0149__wp_f2_0151,wp_f2_0149,wp_f2_0151,2,corridor,16.0,4.0,1.0,0,16.0
e_wp_f2_0149__wp_f2_0226,wp_f2_0149,wp_f2_0226,2,corridor,16.0,4.0,1.0,0,16.0
e_wp_f2_0149__wp_f2_0185,wp_f2_0149,wp_f2_0185,2,corridor,8.0,4.0,1.0,0,8.0
e_wp_f2_0149__wp_f2_0186,wp_f2_0149,wp_f2_0186,2,corridor,11.32,4.0,1.0,0,11.32
e_wp_f2_0150__wp_f2_0152,wp_f2_0150,wp_f2_0152,2,corridor,16.0,4.0,1.0,0,16.0
e_wp_f2_0150__wp_f2_0151,wp_f2_0150,wp_f2_0151,2,corridor,8.0,4.0,1.0,0,8.0
e_wp_f2_0150__wp_f2_0227,wp_f2_0150,wp_f2_0227,2,corridor,16.0,4.0,1.0,0,16.0
e_wp_f2_0150__wp_f2_0185,wp_f2_0150,wp_f2_0185,2,corridor,11.32,4.0,1.0,0,11.32
e_wp_f2_0150__wp_f2_0186,wp_f2_0150,wp_f2_0186,2,corridor,8.0,4.0,1.0,0,8.0
e_wp_f2_0150__wp_f2_0187,wp_f2_0150,wp_f2_0187,2,corridor,11.31,4.0,1.0,0,11.31
e_wp_f2_0151__wp_f2_0152,wp_f2_0151,wp_f2_0152,2,corridor,8.0,4.0,1.0,0,8.0
e_wp_f2_0151__wp_f2_0153,wp_f2_0151,wp_f2_0153,2,corridor,16.0,4.0,1.0,0,16.0
e_wp_f2_0151__wp_f2_0186,wp_f2_0151,wp_f2_0186,2,corridor,11.31,4.0,1.0,0,11.31
e_wp_f2_0151__wp_f2_0228,wp_f2_0151,wp_f2_0228,2,corridor,15.99,4.0,1.0,0,15.99
e_wp_f2_0151__wp_f2_0187,wp_f2_0151,wp_f2_0187,2,corridor,8.0,4.0,1.0,0,8.0
e_wp_f2_0151__wp_f2_0188,wp_f2_0151,wp_f2_0188,2,corridor,11.31,4.0,1.0,0,11.31
e_foodcourt_entry__wp_f2_0152,wp_f2_0152,foodcourt_entry,2,corridor,16.29,4.0,0.8,0,20.36
e_wp_f2_0152__wp_f2_0153,wp_f2_0152,wp_f2_0153,2,corridor,8.0,4.0,1.0,0,8.0
e_wp_f2_0152__wp_f2_0154,wp_f2_0152,wp_f2_0154,2,corridor,16.0,4.0,1.0,0,16.0
e_wp_f2_0152__wp_f2_0229,wp_f2_0152,wp_f2_0229,2,corridor,15.99,4.0,1.0,0,15.99
e_wp_f2_0152__wp_f2_0187,wp_f2_0152,wp_f2_0187,2,corridor,11.32,4.0,1.0,0,11.32
e_wp_f2_0152__wp_f2_0188,wp_f2_0152,wp_f2_0188,2,corridor,7.99,4.0,1.0,0,7.99
e_wp_f2_0152__wp_f2_0189,wp_f2_0152,wp_f2_0189,2,corridor,11.31,4.0,1.0,0,11.31
e_foodcourt_entry__wp_f2_0153,wp_f2_0153,foodcourt_entry,2,corridor,11.09,4.0,0.8,0,13.86
e_wp_f2_0153__wp_f2_0155,wp_f2_0153,wp_f2_0155,2,corridor,16.01,4.0,1.0,0,16.01
e_wp_f2_0153__wp_f2_0154,wp_f2_0153,wp_f2_0154,2,corridor,8.0,4.0,1.0,0,8.0
e_wp_f2_0153__wp_f2_0188,wp_f2_0153,wp_f2_0188,2,corridor,11.31,4.0,1.0,0,11.31
e_wp_f2_0153__wp_f2_0190,wp_f2_0153,wp_f2_0190,2,corridor,11.32,4.0,1.0,0,11.32
e_wp_f2_0153__wp_f2_0230,wp_f2_0153,wp_f2_0230,2,corridor,16.0,4.0,1.0,0,16.0
e_wp_f2_0153__wp_f2_0189,wp_f2_0153,wp_f2_0189,2,corridor,8.0,4.0,1.0,0,8.0
e_foodcourt_entry__wp_f2_0154,wp_f2_0154,foodcourt_entry,2,corridor,10.42,4.0,0.8,0,13.02
e_wp_f2_0154__wp_f2_0155,wp_f2_0154,wp_f2_0155,2,corridor,8.0,4.0,1.0,0,8.0
e_wp_f2_0154__wp_f2_0156,wp_f2_0154,wp_f2_0156,2,corridor,16.0,4.0,1.0,0,16.0
e_wp_f2_0154__wp_f2_0190,wp_f2_0154,wp_f2_0190,2,corridor,8.0,4.0,1.0,0,8.0
e_wp_f2_0154__wp_f2_0231,wp_f2_0154,wp_f2_0231,2,corridor,16.0,4.0,1.0,0,16.0
e_wp_f2_0154__wp_f2_0189,wp_f2_0154,wp_f2_0189,2,corridor,11.32,4.0,1.0,0,11.32
e_wp_f2_0154__wp_f2_0191,wp_f2_0154,wp_f2_0191,2,corridor,11.32,4.0,1.0,0,11.32
e_foodcourt_entry__wp_f2_0155,wp_f2_0155,foodcourt_entry,2,corridor,14.91,4.0,0.8,0,18.64
e_wp_f2_0155__wp_f2_0156,wp_f2_0155,wp_f2_0156,2,corridor,8.0,4.0,1.0,0,8.0
e_wp_f2_0155__wp_f2_0157,wp_f2_0155,wp_f2_0157,2,corridor,16.0,4.0,1.0,0,16.0
e_wp_f2_0155__wp_f2_0190,wp_f2_0155,wp_f2_0190,2,corridor,11.32,4.0,1.0,0,11.32
e_wp_f2_0155__wp_f2_0232,wp_f2_0155,wp_f2_0232,2,corridor,16.0,4.0,1.0,0,16.0
e_wp_f2_0155__wp_f2_0191,wp_f2_0155,wp_f2_0191,2,corridor,8.0,4.0,1.0,0,8.0
e_wp_f2_0155__wp_f2_0192,wp_f2_0155,wp_f2_0192,2,corridor,11.31,4.0,1.0,0,11.31
e_wp_f2_0156__wp_f2_0157,wp_f2_0156,wp_f2_0157,2,corridor,8.0,4.0,1.0,0,8.0
e_wp_f2_0156__wp_f2_0158,wp_f2_0156,wp_f2_0158,2,corridor,16.0,4.0,1.0,0,16.0
e_wp_f2_0156__wp_f2_0191,wp_f2_0156,wp_f2_0191,2,corridor,11.31,4.0,1.0,0,11.31
e_wp_f2_0156__wp_f2_0233,wp_f2_0156,wp_f2_0233,2,corridor,16.0,4.0,1.0,0,16.0
e_wp_f2_0156__wp_f2_0192,wp_f2_0156,wp_f2_0192,2,corridor,8.0,4.0,1.0,0,8.0
e_wp_f2_0156__wp_f2_0193,wp_f2_0156,wp_f2_0193,2,corridor,11.32,4.0,1.0,0,11.32
e_wp_f2_0157__wp_f2_0158,wp_f2_0157,wp_f2_0158,2,corridor,8.0,4.0,1.0,0,8.0
e_wp_f2_0157__wp_f2_0159,wp_f2_0157,wp_f2_0159,2,corridor,16.0,4.0,1.0,0,16.0
e_wp_f2_0157__wp_f2_0192,wp_f2_0157,wp_f2_0192,2,corridor,11.32,4.0,1.0,0,11.32
e_wp_f2_0157__wp_f2_0234,wp_f2_0157,wp_f2_0234,2,corridor,16.0,4.0,1.0,0,16.0
e_wp_f2_0157__wp_f2_0193,wp_f2_0157,wp_f2_0193,2,corridor,8.0,4.0,1.0,0,8.0
e_wp_f2_0157__wp_f2_0194,wp_f2_0157,wp_f2_0194,2,corridor,11.31,4.0,1.0,0,11.31
e_wp_f2_0158__wp_f2_0159,wp_f2_0158,wp_f2_0159,2,corridor,8.0,4.0,1.0,0,8.0
e_wp_f2_0158__wp_f2_0160,wp_f2_0158,wp_f2_0160,2,corridor,16.0,4.0,1.0,0,16.0
e_wp_f2_0158__wp_f2_0193,wp_f2_0158,wp_f2_0193,2,corridor,11.31,4.0,1.0,0,11.31
e_foodcourt__wp_f2_0158,wp_f2_0158,foodcourt,2,corridor,15.16,4.0,1.0,0,15.16
e_wp_f2_0158__wp_f2_0235,wp_f2_0158,wp_f2_0235,2,corridor,15.99,4.0,1.0,0,15.99
e_wp_f2_0158__wp_f2_0194,wp_f2_0158,wp_f2_0194,2,corridor,8.0,4.0,1.0,0,8.0
e_wp_f2_0159__wp_f2_0160,wp_f2_0159,wp_f2_0160,2,corridor,8.0,4.0,1.0,0,8.0
e_wp_f2_0159__wp_f2_0161,wp_f2_0159,wp_f2_0161,2,corridor,16.0,4.0,1.0,0,16.0
e_foodcourt__wp_f2_0159,wp_f2_0159,foodcourt,2,corridor,11.61,4.0,1.0,0,11.61
e_wp_f2_0159__wp_f2_0194,wp_f2_0159,wp_f2_0194,2,corridor,11.32,4.0,1.0,0,11.32
e_wp_f2_0160__wp_f2_0162,wp_f2_0160,wp_f2_0162,2,corridor,16.0,4.0,1.0,0,16.0
e_wp_f2_0160__wp_f2_0161,wp_f2_0160,wp_f2_0161,2,corridor,8.0,4.0,1.0,0,8.0
e_foodcourt__wp_f2_0160,wp_f2_0160,foodcourt,2,corridor,12.95,4.0,1.0,0,12.95
e_wp_f2_0160__wp_f2_0197,wp_f2_0160,wp_f2_0197,2,corridor,11.32,4.0,1.0,0,11.32
e_wp_f2_0161__wp_f2_0162,wp_f2_0161,wp_f2_0162,2,corridor,8.0,4.0,1.0,0,8.0
e_wp_f2_0161__wp_f2_0163,wp_f2_0161,wp_f2_0163,2,corridor,16.0,4.0,1.0,0,16.0
e_wp_f2_0161__wp_f2_0238,wp_f2_0161,wp_f2_0238,2,corridor,16.0,4.0,1.0,0,16.0
e_wp_f2_0161__wp_f2_0197,wp_f2_0161,wp_f2_0197,2,corridor,8.0,4.0,1.0,0,8.0
e_wp_f2_0161__wp_f2_0198,wp_f2_0161,wp_f2_0198,2,corridor,11.31,4.0,1.0,0,11.31
e_wp_f2_0162__wp_f2_0163,wp_f2_0162,wp_f2_0163,2,corridor,8.0,4.0,1.0,0,8.0
e_wp_f2_0162__wp_f2_0164,wp_f2_0162,wp_f2_0164,2,corridor,16.0,4.0,1.0,0,16.0
e_wp_f2_0162__wp_f2_0239,wp_f2_0162,wp_f2_0239,2,corridor,16.0,4.0,1.0,0,16.0
e_wp_f2_0162__wp_f2_0197,wp_f2_0162,wp_f2_0197,2,corridor,11.31,4.0,1.0,0,11.31
e_wp_f2_0162__wp_f2_0198,wp_f2_0162,wp_f2_0198,2,corridor,8.0,4.0,1.0,0,8.0
e_wp_f2_0162__wp_f2_0199,wp_f2_0162,wp_f2_0199,2,corridor,11.32,4.0,1.0,0,11.32
e_wp_f2_0163__wp_f2_0164,wp_f2_0163,wp_f2_0164,2,corridor,8.0,4.0,1.0,0,8.0
e_wp_f2_0163__wp_f2_0165,wp_f2_0163,wp_f2_0165,2,corridor,16.0,4.0,1.0,0,16.0
e_wp_f2_0163__wp_f2_0198,wp_f2_0163,wp_f2_0198,2,corridor,11.32,4.0,1.0,0,11.32
e_wp_f2_0163__wp_f2_0199,wp_f2_0163,wp_f2_0199,2,corridor,8.0,4.0,1.0,0,8.0
e_wp_f2_0163__wp_f2_0200,wp_f2_0163,wp_f2_0200,2,corridor,11.32,4.0,1.0,0,11.32
e_wp_f2_0163__wp_f2_0240,wp_f2_0163,wp_f2_0240,2,corridor,16.0,4.0,1.0,0,16.0
e_wp_f2_0164__wp_f2_0166,wp_f2_0164,wp_f2_0166,2,corridor,16.01,4.0,1.0,0,16.01
e_wp_f2_0164__wp_f2_0165,wp_f2_0164,wp_f2_0165,2,corridor,8.0,4.0,1.0,0,8.0
e_wp_f2_0164__wp_f2_0241,wp_f2_0164,wp_f2_0241,2,corridor,16.0,4.0,1.0,0,16.0
e_wp_f2_0164__wp_f2_0199,wp_f2_0164,wp_f2_0199,2,corridor,11.31,4.0,1.0,0,11.31
e_wp_f2_0164__wp_f2_0200,wp_f2_0164,wp_f2_0200,2,corridor,8.0,4.0,1.0,0,8.0
e_wp_f2_0164__wp_f2_0201,wp_f2_0164,wp_f2_0201,2,corridor,11.32,4.0,1.0,0,11.32
e_wp_f2_0165__wp_f2_0167,wp_f2_0165,wp_f2_0167,2,corridor,16.0,4.0,1.0,0,16.0
e_wp_f2_0165__wp_f2_0166,wp_f2_0165,wp_f2_0166,2,corridor,8.0,4.0,1.0,0,8.0
e_wp_f2_0165__wp_f2_0200,wp_f2_0165,wp_f2_0200,2,corridor,11.31,4.0,1.0,0,11.31
e_wp_f2_0165__wp_f2_0201,wp_f2_0165,wp_f2_0201,2,corridor,8.0,4.0,1.0,0,8.0
e_wp_f2_0165__wp_f2_0242,wp_f2_0165,wp_f2_0242,2,corridor,15.99,4.0,1.0,0,15.99
e_wp_f2_0165__wp_f2_0202,wp_f2_0165,wp_f2_0202,2,corridor,11.31,4.0,1.0,0,11.31
e_wp_f2_0166__wp_f2_0167,wp_f2_0166,wp_f2_0167,2,corridor,8.0,4.0,1.0,0,8.0
e_wp_f2_0166__wp_f2_0201,wp_f2_0166,wp_f2_0201,2,corridor,11.32,4.0,1.0,0,11.32
e_wp_f2_0166__wp_f2_0243,wp_f2_0166,wp_f2_0243,2,corridor,15.99,4.0,1.0,0,15.99
e_wp_f2_0166__wp_f2_0202,wp_f2_0166,wp_f2_0202,2,corridor,7.99,4.0,1.0,0,7.99
e_wp_f2_0166__wp_f2_0203,wp_f2_0166,wp_f2_0203,2,corridor,11.31,4.0,1.0,0,11.31
e_wp_f2_0166__wp_f2_0168,wp_f2_0166,wp_f2_0168,2,corridor,16.0,4.0,1.0,0,16.0
e_wp_f2_0167__wp_f2_0244,wp_f2_0167,wp_f2_0244,2,corridor,16.0,4.0,1.0,0,16.0
e_wp_f2_0167__wp_f2_0202,wp_f2_0167,wp_f2_0202,2,corridor,11.31,4.0,1.0,0,11.31
e_wp_f2_0167__wp_f2_0203,wp_f2_0167,wp_f2_0203,2,corridor,8.0,4.0,1.0,0,8.0
e_wp_f2_0167__wp_f2_0168,wp_f2_0167,wp_f2_0168,2,corridor,8.0,4.0,1.0,0,8.0
e_wp_f2_0167__wp_f2_0169,wp_f2_0167,wp_f2_0169,2,corridor,16.0,4.0,1.0,0,16.0
e_wp_f2_0167__wp_f2_0204,wp_f2_0167,wp_f2_0204,2,corridor,11.32,4.0,1.0,0,11.32
e_wp_f2_0168__wp_f2_0203,wp_f2_0168,wp_f2_0203,2,corridor,11.32,4.0,1.0,0,11.32
e_wp_f2_0168__wp_f2_0169,wp_f2_0168,wp_f2_0169,2,corridor,8.0,4.0,1.0,0,8.0
e_wp_f2_0168__wp_f2_0170,wp_f2_0168,wp_f2_0170,2,corridor,16.0,4.0,1.0,0,16.0
e_wp_f2_0168__wp_f2_0205,wp_f2_0168,wp_f2_0205,2,corridor,11.31,4.0,1.0,0,11.31
e_wp_f2_0168__wp_f2_0204,wp_f2_0168,wp_f2_0204,2,corridor,8.0,4.0,1.0,0,8.0
e_wp_f2_0168__wp_f2_0245,wp_f2_0168,wp_f2_0245,2,corridor,16.0,4.0,1.0,0,16.0
e_wp_f2_0169__wp_f2_0170,wp_f2_0169,wp_f2_0170,2,corridor,8.0,4.0,1.0,0,8.0
e_wp_f2_0169__wp_f2_0204,wp_f2_0169,wp_f2_0204,2,corridor,11.31,4.0,1.0,0,11.31
e_wp_f2_0171__wp_f2_0207,wp_f2_0171,wp_f2_0207,2,corridor,7.99,4.0,1.0,0,7.99
e_wp_f2_0171__wp_f2_0172,wp_f2_0171,wp_f2_0172,2,corridor,8.0,4.0,1.0,0,8.0
e_wp_f2_0171__wp_f2_0208,wp_f2_0171,wp_f2_0208,2,corridor,11.31,4.0,1.0,0,11.31
e_wp_f2_0171__wp_f2_0173,wp_f2_0171,wp_f2_0173,2,corridor,16.01,4.0,1.0,0,16.01
e_wp_f2_0172__wp_f2_0250,wp_f2_0172,wp_f2_0250,2,corridor,16.0,4.0,1.0,0,16.0
e_wp_f2_0172__wp_f2_0207,wp_f2_0172,wp_f2_0207,2,corridor,11.32,4.0,1.0,0,11.32
e_wp_f2_0172__wp_f2_0209,wp_f2_0172,wp_f2_0209,2,corridor,11.32,4.0,1.0,0,11.32
e_wp_f2_0172__wp_f2_0208,wp_f2_0172,wp_f2_0208,2,corridor,8.0,4.0,1.0,0,8.0
e_wp_f2_0172__wp_f2_0173,wp_f2_0172,wp_f2_0173,2,corridor,8.0,4.0,1.0,0,8.0
e_wp_f2_0172__wp_f2_0174,wp_f2_0172,wp_f2_0174,2,corridor,16.0,4.0,1.0,0,16.0
e_wp_f2_0173__wp_f2_0209,wp_f2_0173,wp_f2_0209,2,corridor,8.0,4.0,1.0,0,8.0
e_wp_f2_0173__wp_f2_0251,wp_f2_0173,wp_f2_0251,2,corridor,16.0,4.0,1.0,0,16.0
e_wp_f2_0173__wp_f2_0208,wp_f2_0173,wp_f2_0208,2,corridor,11.32,4.0,1.0,0,11.32
e_wp_f2_0173__wp_f2_0175,wp_f2_0173,wp_f2_0175,2,corridor,16.0,4.0,1.0,0,16.0
e_wp_f2_0173__wp_f2_0174,wp_f2_0173,wp_f2_0174,2,corridor,8.0,4.0,1.0,0,8.0
e_wp_f2_0173__wp_f2_0210,wp_f2_0173,wp_f2_0210,2,corridor,11.31,4.0,1.0,0,11.31
e_wp_f2_0174__wp_f2_0209,wp_f2_0174,wp_f2_0209,2,corridor,11.31,4.0,1.0,0,11.31
e_wp_f2_0174__wp_f2_0176,wp_f2_0174,wp_f2_0176,2,corridor,16.0,4.0,1.0,0,16.0
e_wp_f2_0174__wp_f2_0175,wp_f2_0174,wp_f2_0175,2,corridor,8.0,4.0,1.0,0,8.0
e_wp_f2_0174__wp_f2_0211,wp_f2_0174,wp_f2_0211,2,corridor,11.32,4.0,1.0,0,11.32
e_wp_f2_0174__wp_f2_0210,wp_f2_0174,wp_f2_0210,2,corridor,8.0,4.0,1.0,0,8.0
e_wp_f2_0174__wp_f2_0252,wp_f2_0174,wp_f2_0252,2,corridor,16.0,4.0,1.0,0,16.0
e_wp_f2_0175__wp_f2_0176,wp_f2_0175,wp_f2_0176,2,corridor,8.0,4.0,1.0,0,8.0
e_wp_f2_0175__wp_f2_0212,wp_f2_0175,wp_f2_0212,2,corridor,11.31,4.0,1.0,0,11.31
e_wp_f2_0175__wp_f2_0211,wp_f2_0175,wp_f2_0211,2,corridor,8.0,4.0,1.0,0,8.0
e_wp_f2_0175__wp_f2_0210,wp_f2_0175,wp_f2_0210,2,corridor,11.32,4.0,1.0,0,11.32
e_esc_se_l2__wp_f2_0175,wp_f2_0175,esc_se_l2,2,corridor,14.27,4.0,1.0,0,14.27
e_wp_f2_0175__wp_f2_0253,wp_f2_0175,wp_f2_0253,2,corridor,16.0,4.0,1.0,0,16.0
e_wp_f2_0175__wp_f2_0177,wp_f2_0175,wp_f2_0177,2,corridor,16.0,4.0,1.0,0,16.0
e_wp_f2_0176__wp_f2_0212,wp_f2_0176,wp_f2_0212,2,corridor,8.0,4.0,1.0,0,8.0
e_wp_f2_0176__wp_f2_0211,wp_f2_0176,wp_f2_0211,2,corridor,11.31,4.0,1.0,0,11.31
e_esc_se_l2__wp_f2_0176,wp_f2_0176,esc_se_l2,2,corridor,8.95,4.0,1.0,0,8.95
e_wp_f2_0176__wp_f2_0254,wp_f2_0176,wp_f2_0254,2,corridor,16.0,4.0,1.0,0,16.0
e_wp_f2_0176__wp_f2_0213,wp_f2_0176,wp_f2_0213,2,corridor,11.32,4.0,1.0,0,11.32
e_wp_f2_0176__wp_f2_0178,wp_f2_0176,wp_f2_0178,2,corridor,16.0,4.0,1.0,0,16.0
e_wp_f2_0176__wp_f2_0177,wp_f2_0176,wp_f2_0177,2,corridor,8.0,4.0,1.0,0,8.0
e_wp_f2_0177__wp_f2_0212,wp_f2_0177,wp_f2_0212,2,corridor,11.32,4.0,1.0,0,11.32
e_esc_se_l2__wp_f2_0177,wp_f2_0177,esc_se_l2,2,corridor,9.19,4.0,1.0,0,9.19
e_wp_f2_0177__wp_f2_0213,wp_f2_0177,wp_f2_0213,2,corridor,8.0,4.0,1.0,0,8.0
e_wp_f2_0177__wp_f2_0178,wp_f2_0177,wp_f2_0178,2,corridor,8.0,4.0,1.0,0,8.0
e_wp_f2_0177__wp_f2_0214,wp_f2_0177,wp_f2_0214,2,corridor,11.31,4.0,1.0,0,11.31
e_wp_f2_0177__wp_f2_0255,wp_f2_0177,wp_f2_0255,2,corridor,16.0,4.0,1.0,0,16.0
e_esc_se_l2__wp_f2_0178,wp_f2_0178,esc_se_l2,2,corridor,14.72,4.0,1.0,0,14.72
e_wp_f2_0178__wp_f2_0213,wp_f2_0178,wp_f2_0213,2,corridor,11.31,4.0,1.0,0,11.31
e_farmers_l2__wp_f2_0178,wp_f2_0178,farmers_l2,2,corridor,10.45,4.0,1.0,0,10.45
e_wp_f2_0178__wp_f2_0214,wp_f2_0178,wp_f2_0214,2,corridor,8.0,4.0,1.0,0,8.0
e_wp_f2_0178__wp_f2_0215,wp_f2_0178,wp_f2_0215,2,corridor,11.31,4.0,1.0,0,11.31
e_wp_f2_0178__wp_f2_0256,wp_f2_0178,wp_f2_0256,2,corridor,15.99,4.0,1.0,0,15.99
e_farmers_l2__wp_f2_0181,wp_f2_0181,farmers_l2,2,corridor,14.51,4.0,1.0,0,14.51
e_wp_f2_0181__wp_f2_0216,wp_f2_0181,wp_f2_0216,2,corridor,11.32,4.0,1.0,0,11.32
e_wp_f2_0181__wp_f2_0217,wp_f2_0181,wp_f2_0217,2,corridor,8.0,4.0,1.0,0,8.0
e_wp_f2_0181__wp_f2_0259,wp_f2_0181,wp_f2_0259,2,corridor,16.0,4.0,1.0,0,16.0
e_wp_f2_0181__wp_f2_0218,wp_f2_0181,wp_f2_0218,2,corridor,11.31,4.0,1.0,0,11.31
e_wp_f2_0182__wp_f2_0183,wp_f2_0182,wp_f2_0183,2,corridor,8.0,4.0,1.0,0,8.0
e_wp_f2_0182__wp_f2_0184,wp_f2_0182,wp_f2_0184,2,corridor,16.0,4.0,1.0,0,16.0
e_wp_f2_0182__wp_f2_0224,wp_f2_0182,wp_f2_0224,2,corridor,11.31,4.0,1.0,0,11.31
e_wp_f2_0182__wp_f2_0223,wp_f2_0182,wp_f2_0223,2,corridor,8.0,4.0,1.0,0,8.0
e_wp_f2_0183__wp_f2_0184,wp_f2_0183,wp_f2_0184,2,corridor,8.0,4.0,1.0,0,8.0
e_wp_f2_0183__wp_f2_0266,wp_f2_0183,wp_f2_0266,2,corridor,16.0,4.0,1.0,0,16.0
e_wp_f2_0183__wp_f2_0224,wp_f2_0183,wp_f2_0224,2,corridor,8.0,4.0,1.0,0,8.0
e_wp_f2_0183__wp_f2_0223,wp_f2_0183,wp_f2_0223,2,corridor,11.31,4.0,1.0,0,11.31
e_wp_f2_0183__wp_f2_0225,wp_f2_0183,wp_f2_0225,2,corridor,11.32,4.0,1.0,0,11.32
e_wp_f2_0183__wp_f2_0185,wp_f2_0183,wp_f2_0185,2,corridor,16.0,4.0,1.0,0,16.0
e_wp_f2_0184__wp_f2_0224,wp_f2_0184,wp_f2_0224,2,corridor,11.32,4.0,1.0,0,11.32
e_wp_f2_0184__wp_f2_0267,wp_f2_0184,wp_f2_0267,2,corridor,16.0,4.0,1.0,0,16.0
e_wp_f2_0184__wp_f2_0225,wp_f2_0184,wp_f2_0225,2,corridor,8.0,4.0,1.0,0,8.0
e_wp_f2_0184__wp_f2_0226,wp_f2_0184,wp_f2_0226,2,corridor,11.31,4.0,1.0,0,11.31
e_wp_f2_0184__wp_f2_0185,wp_f2_0184,wp_f2_0185,2,corridor,8.0,4.0,1.0,0,8.0
e_wp_f2_0184__wp_f2_0186,wp_f2_0184,wp_f2_0186,2,corridor,16.0,4.0,1.0,0,16.0
e_wp_f2_0185__wp_f2_0225,wp_f2_0185,wp_f2_0225,2,corridor,11.31,4.0,1.0,0,11.31
e_wp_f2_0185__wp_f2_0268,wp_f2_0185,wp_f2_0268,2,corridor,16.0,4.0,1.0,0,16.0
e_wp_f2_0185__wp_f2_0226,wp_f2_0185,wp_f2_0226,2,corridor,8.0,4.0,1.0,0,8.0
e_wp_f2_0185__wp_f2_0227,wp_f2_0185,wp_f2_0227,2,corridor,11.32,4.0,1.0,0,11.32
e_wp_f2_0185__wp_f2_0186,wp_f2_0185,wp_f2_0186,2,corridor,8.0,4.0,1.0,0,8.0
e_wp_f2_0185__wp_f2_0187,wp_f2_0185,wp_f2_0187,2,corridor,16.0,4.0,1.0,0,16.0
e_wp_f2_0186__wp_f2_0226,wp_f2_0186,wp_f2_0226,2,corridor,11.32,4.0,1.0,0,11.32
e_wp_f2_0186__wp_f2_0227,wp_f2_0186,wp_f2_0227,2,corridor,8.0,4.0,1.0,0,8.0
e_wp_f2_0186__wp_f2_0269,wp_f2_0186,wp_f2_0269,2,corridor,15.99,4.0,1.0,0,15.99
e_wp_f2_0186__wp_f2_0228,wp_f2_0186,wp_f2_0228,2,corridor,11.31,4.0,1.0,0,11.31
e_wp_f2_0186__wp_f2_0187,wp_f2_0186,wp_f2_0187,2,corridor,8.0,4.0,1.0,0,8.0
e_wp_f2_0186__wp_f2_0188,wp_f2_0186,wp_f2_0188,2,corridor,16.0,4.0,1.0,0,16.0
e_wp_f2_0187__wp_f2_0227,wp_f2_0187,wp_f2_0227,2,corridor,11.31,4.0,1.0,0,11.31
e_wp_f2_0187__wp_f2_0270,wp_f2_0187,wp_f2_0270,2,corridor,15.99,4.0,1.0,0,15.99
e_wp_f2_0187__wp_f2_0228,wp_f2_0187,wp_f2_0228,2,corridor,7.99,4.0,1.0,0,7.99
e_wp_f2_0187__wp_f2_0229,wp_f2_0187,wp_f2_0229,2,corridor,11.31,4.0,1.0,0,11.31
e_wp_f2_0187__wp_f2_0188,wp_f2_0187,wp_f2_0188,2,corridor,8.0,4.0,1.0,0,8.0
e_wp_f2_0187__wp_f2_0189,wp_f2_0187,wp_f2_0189,2,corridor,16.0,4.0,1.0,0,16.0
e_wp_f2_0188__wp_f2_0228,wp_f2_0188,wp_f2_0228,2,corridor,11.32,4.0,1.0,0,11.32
e_wp_f2_0188__wp_f2_0271,wp_f2_0188,wp_f2_0271,2,corridor,16.0,4.0,1.0,0,16.0
e_wp_f2_0188__wp_f2_0229,wp_f2_0188,wp_f2_0229,2,corridor,8.0,4.0,1.0,0,8.0
e_wp_f2_0188__wp_f2_0190,wp_f2_0188,wp_f2_0190,2,corridor,16.0,4.0,1.0,0,16.0
e_wp_f2_0188__wp_f2_0230,wp_f2_0188,wp_f2_0230,2,corridor,11.32,4.0,1.0,0,11.32
e_wp_f2_0188__wp_f2_0189,wp_f2_0188,wp_f2_0189,2,corridor,8.0,4.0,1.0,0,8.0
e_wp_f2_0189__wp_f2_0229,wp_f2_0189,wp_f2_0229,2,corridor,11.31,4.0,1.0,0,11.31
e_wp_f2_0189__wp_f2_0190,wp_f2_0189,wp_f2_0190,2,corridor,8.0,4.0,1.0,0,8.0
e_wp_f2_0189__wp_f2_0230,wp_f2_0189,wp_f2_0230,2,corridor,8.0,4.0,1.0,0,8.0
e_wp_f2_0189__wp_f2_0231,wp_f2_0189,wp_f2_0231,2,corridor,11.32,4.0,1.0,0,11.32
e_wp_f2_0189__wp_f2_0272,wp_f2_0189,wp_f2_0272,2,corridor,16.0,4.0,1.0,0,16.0
e_wp_f2_0189__wp_f2_0191,wp_f2_0189,wp_f2_0191,2,corridor,16.01,4.0,1.0,0,16.01
e_wp_f2_0190__wp_f2_0273,wp_f2_0190,wp_f2_0273,2,corridor,16.0,4.0,1.0,0,16.0
e_wp_f2_0190__wp_f2_0230,wp_f2_0190,wp_f2_0230,2,corridor,11.31,4.0,1.0,0,11.31
e_wp_f2_0190__wp_f2_0231,wp_f2_0190,wp_f2_0231,2,corridor,8.0,4.0,1.0,0,8.0
e_wp_f2_0190__wp_f2_0232,wp_f2_0190,wp_f2_0232,2,corridor,11.32,4.0,1.0,0,11.32
e_wp_f2_0190__wp_f2_0191,wp_f2_0190,wp_f2_0191,2,corridor,8.0,4.0,1.0,0,8.0
e_wp_f2_0190__wp_f2_0192,wp_f2_0190,wp_f2_0192,2,corridor,16.0,4.0,1.0,0,16.0
e_wp_f2_0191__wp_f2_0231,wp_f2_0191,wp_f2_0231,2,corridor,11.32,4.0,1.0,0,11.32
e_wp_f2_0191__wp_f2_0274,wp_f2_0191,wp_f2_0274,2,corridor,16.0,4.0,1.0,0,16.0
e_wp_f2_0191__wp_f2_0232,wp_f2_0191,wp_f2_0232,2,corridor,8.0,4.0,1.0,0,8.0
e_wp_f2_0191__wp_f2_0233,wp_f2_0191,wp_f2_0233,2,corridor,11.31,4.0,1.0,0,11.31
e_wp_f2_0191__wp_f2_0192,wp_f2_0191,wp_f2_0192,2,corridor,8.0,4.0,1.0,0,8.0
e_wp_f2_0191__wp_f2_0193,wp_f2_0191,wp_f2_0193,2,corridor,16.0,4.0,1.0,0,16.0
e_wp_f2_0192__wp_f2_0232,wp_f2_0192,wp_f2_0232,2,corridor,11.31,4.0,1.0,0,11.31
e_wp_f2_0192__wp_f2_0233,wp_f2_0192,wp_f2_0233,2,corridor,8.0,4.0,1.0,0,8.0
e_wp_f2_0192__wp_f2_0275,wp_f2_0192,wp_f2_0275,2,corridor,16.0,4.0,1.0,0,16.0
e_wp_f2_0192__wp_f2_0234,wp_f2_0192,wp_f2_0234,2,corridor,11.32,4.0,1.0,0,11.32
e_wp_f2_0192__wp_f2_0193,wp_f2_0192,wp_f2_0193,2,corridor,8.0,4.0,1.0,0,8.0
e_wp_f2_0192__wp_f2_0194,wp_f2_0192,wp_f2_0194,2,corridor,16.0,4.0,1.0,0,16.0
e_wp_f2_0193__wp_f2_0233,wp_f2_0193,wp_f2_0233,2,corridor,11.32,4.0,1.0,0,11.32
e_wp_f2_0193__wp_f2_0276,wp_f2_0193,wp_f2_0276,2,corridor,15.99,4.0,1.0,0,15.99
e_wp_f2_0193__wp_f2_0234,wp_f2_0193,wp_f2_0234,2,corridor,8.0,4.0,1.0,0,8.0
e_wp_f2_0193__wp_f2_0235,wp_f2_0193,wp_f2_0235,2,corridor,11.31,4.0,1.0,0,11.31
e_wp_f2_0193__wp_f2_0194,wp_f2_0193,wp_f2_0194,2,corridor,8.0,4.0,1.0,0,8.0
e_wp_f2_0194__wp_f2_0234,wp_f2_0194,wp_f2_0234,2,corridor,11.31,4.0,1.0,0,11.31
e_foodcourt__wp_f2_0194,wp_f2_0194,foodcourt,2,corridor,10.53,4.0,1.0,0,10.53
e_wp_f2_0194__wp_f2_0235,wp_f2_0194,wp_f2_0235,2,corridor,7.99,4.0,1.0,0,7.99
e_foodcourt__wp_f2_0197,wp_f2_0197,foodcourt,2,corridor,14.47,4.0,1.0,0,14.47
e_wp_f2_0197__wp_f2_0279,wp_f2_0197,wp_f2_0279,2,corridor,16.0,4.0,1.0,0,16.0
e_wp_f2_0197__wp_f2_0239,wp_f2_0197,wp_f2_0239,2,corridor,11.31,4.0,1.0,0,11.31
e_wp_f2_0197__wp_f2_0238,wp_f2_0197,wp_f2_0238,2,corridor,8.0,4.0,1.0,0,8.0
e_wp_f2_0197__wp_f2_0198,wp_f2_0197,wp_f2_0198,2,corridor,8.0,4.0,1.0,0,8.0
e_wp_f2_0197__wp_f2_0199,wp_f2_0197,wp_f2_0199,2,corridor,16.0,4.0,1.0,0,16.0
e_wp_f2_0198__wp_f2_0280,wp_f2_0198,wp_f2_0280,2,corridor,16.0,4.0,1.0,0,16.0
e_wp_f2_0198__wp_f2_0239,wp_f2_0198,wp_f2_0239,2,corridor,8.0,4.0,1.0,0,8.0
e_wp_f2_0198__wp_f2_0238,wp_f2_0198,wp_f2_0238,2,corridor,11.31,4.0,1.0,0,11.31
e_wp_f2_0198__wp_f2_0199,wp_f2_0198,wp_f2_0199,2,corridor,8.0,4.0,1.0,0,8.0
e_wp_f2_0198__wp_f2_0200,wp_f2_0198,wp_f2_0200,2,corridor,16.01,4.0,1.0,0,16.01
e_wp_f2_0198__wp_f2_0240,wp_f2_0198,wp_f2_0240,2,corridor,11.32,4.0,1.0,0,11.32
e_wp_f2_0199__wp_f2_0239,wp_f2_0199,wp_f2_0239,2,corridor,11.32,4.0,1.0,0,11.32
e_wp_f2_0199__wp_f2_0281,wp_f2_0199,wp_f2_0281,2,corridor,16.0,4.0,1.0,0,16.0
e_wp_f2_0199__wp_f2_0241,wp_f2_0199,wp_f2_0241,2,corridor,11.32,4.0,1.0,0,11.32
e_wp_f2_0199__wp_f2_0200,wp_f2_0199,wp_f2_0200,2,corridor,8.0,4.0,1.0,0,8.0
e_wp_f2_0199__wp_f2_0240,wp_f2_0199,wp_f2_0240,2,corridor,8.0,4.0,1.0,0,8.0
e_wp_f2_0199__wp_f2_0201,wp_f2_0199,wp_f2_0201,2,corridor,16.0,4.0,1.0,0,16.0
e_wp_f2_0200__wp_f2_0282,wp_f2_0200,wp_f2_0282,2,corridor,15.99,4.0,1.0,0,15.99
e_wp_f2_0200__wp_f2_0241,wp_f2_0200,wp_f2_0241,2,corridor,8.0,4.0,1.0,0,8.0
e_wp_f2_0200__wp_f2_0240,wp_f2_0200,wp_f2_0240,2,corridor,11.32,4.0,1.0,0,11.32
e_wp_f2_0200__wp_f2_0201,wp_f2_0200,wp_f2_0201,2,corridor,8.0,4.0,1.0,0,8.0
e_wp_f2_0200__wp_f2_0242,wp_f2_0200,wp_f2_0242,2,corridor,11.31,4.0,1.0,0,11.31
e_wp_f2_0200__wp_f2_0202,wp_f2_0200,wp_f2_0202,2,corridor,16.0,4.0,1.0,0,16.0
e_wp_f2_0201__wp_f2_0283,wp_f2_0201,wp_f2_0283,2,corridor,15.99,4.0,1.0,0,15.99
e_wp_f2_0201__wp_f2_0241,wp_f2_0201,wp_f2_0241,2,corridor,11.31,4.0,1.0,0,11.31
e_wp_f2_0201__wp_f2_0242,wp_f2_0201,wp_f2_0242,2,corridor,7.99,4.0,1.0,0,7.99
e_wp_f2_0201__wp_f2_0243,wp_f2_0201,wp_f2_0243,2,corridor,11.31,4.0,1.0,0,11.31
e_wp_f2_0201__wp_f2_0202,wp_f2_0201,wp_f2_0202,2,corridor,8.0,4.0,1.0,0,8.0
e_wp_f2_0201__wp_f2_0203,wp_f2_0201,wp_f2_0203,2,corridor,16.0,4.0,1.0,0,16.0
e_wp_f2_0202__wp_f2_0242,wp_f2_0202,wp_f2_0242,2,corridor,11.32,4.0,1.0,0,11.32
e_wp_f2_0202__wp_f2_0284,wp_f2_0202,wp_f2_0284,2,corridor,16.0,4.0,1.0,0,16.0
e_wp_f2_0202__wp_f2_0243,wp_f2_0202,wp_f2_0243,2,corridor,8.0,4.0,1.0,0,8.0
e_wp_f2_0202__wp_f2_0244,wp_f2_0202,wp_f2_0244,2,corridor,11.31,4.0,1.0,0,11.31
e_wp_f2_0202__wp_f2_0203,wp_f2_0202,wp_f2_0203,2,corridor,8.0,4.0,1.0,0,8.0
e_wp_f2_0202__wp_f2_0204,wp_f2_0202,wp_f2_0204,2,corridor,16.0,4.0,1.0,0,16.0
e_wp_f2_0203__wp_f2_0243,wp_f2_0203,wp_f2_0243,2,corridor,11.31,4.0,1.0,0,11.31
e_wp_f2_0203__wp_f2_0244,wp_f2_0203,wp_f2_0244,2,corridor,8.0,4.0,1.0,0,8.0
e_wp_f2_0203__wp_f2_0285,wp_f2_0203,wp_f2_0285,2,corridor,16.0,4.0,1.0,0,16.0
e_wp_f2_0203__wp_f2_0205,wp_f2_0203,wp_f2_0205,2,corridor,16.0,4.0,1.0,0,16.0
e_wp_f2_0203__wp_f2_0204,wp_f2_0203,wp_f2_0204,2,corridor,8.0,4.0,1.0,0,8.0
e_wp_f2_0203__wp_f2_0245,wp_f2_0203,wp_f2_0245,2,corridor,11.32,4.0,1.0,0,11.32
e_wp_f2_0204__wp_f2_0244,wp_f2_0204,wp_f2_0244,2,corridor,11.32,4.0,1.0,0,11.32
e_wp_f2_0204__wp_f2_0286,wp_f2_0204,wp_f2_0286,2,corridor,16.0,4.0,1.0,0,16.0
e_wp_f2_0204__wp_f2_0205,wp_f2_0204,wp_f2_0205,2,corridor,8.0,4.0,1.0,0,8.0
e_wp_f2_0204__wp_f2_0206,wp_f2_0204,wp_f2_0206,2,corridor,16.0,4.0,1.0,0,16.0
e_wp_f2_0204__wp_f2_0245,wp_f2_0204,wp_f2_0245,2,corridor,8.0,4.0,1.0,0,8.0
e_wp_f2_0204__wp_f2_0246,wp_f2_0204,wp_f2_0246,2,corridor,11.31,4.0,1.0,0,11.31
e_wp_f2_0205__wp_f2_0206,wp_f2_0205,wp_f2_0206,2,corridor,8.0,4.0,1.0,0,8.0
e_wp_f2_0205__wp_f2_0245,wp_f2_0205,wp_f2_0245,2,corridor,11.31,4.0,1.0,0,11.31
e_wp_f2_0205__wp_f2_0247,wp_f2_0205,wp_f2_0247,2,corridor,11.32,4.0,1.0,0,11.32
e_wp_f2_0205__wp_f2_0246,wp_f2_0205,wp_f2_0246,2,corridor,8.0,4.0,1.0,0,8.0
e_wp_f2_0205__wp_f2_0287,wp_f2_0205,wp_f2_0287,2,corridor,16.0,4.0,1.0,0,16.0
e_wp_f2_0206__wp_f2_0247,wp_f2_0206,wp_f2_0247,2,corridor,8.0,4.0,1.0,0,8.0
e_wp_f2_0206__wp_f2_0246,wp_f2_0206,wp_f2_0246,2,corridor,11.32,4.0,1.0,0,11.32
e_wp_f2_0206__wp_f2_0248,wp_f2_0206,wp_f2_0248,2,corridor,11.31,4.0,1.0,0,11.31
e_wp_f2_0206__wp_f2_0288,wp_f2_0206,wp_f2_0288,2,corridor,16.0,4.0,1.0,0,16.0
e_wp_f2_0207__wp_f2_0250,wp_f2_0207,wp_f2_0250,2,corridor,11.32,4.0,1.0,0,11.32
e_wp_f2_0207__wp_f2_0209,wp_f2_0207,wp_f2_0209,2,corridor,16.01,4.0,1.0,0,16.01
e_wp_f2_0207__wp_f2_0208,wp_f2_0207,wp_f2_0208,2,corridor,8.0,4.0,1.0,0,8.0
e_wp_f2_0208__wp_f2_0250,wp_f2_0208,wp_f2_0250,2,corridor,8.0,4.0,1.0,0,8.0
e_wp_f2_0208__wp_f2_0209,wp_f2_0208,wp_f2_0209,2,corridor,8.0,4.0,1.0,0,8.0
e_wp_f2_0208__wp_f2_0251,wp_f2_0208,wp_f2_0251,2,corridor,11.32,4.0,1.0,0,11.32
e_wp_f2_0208__wp_f2_0210,wp_f2_0208,wp_f2_0210,2,corridor,16.0,4.0,1.0,0,16.0
e_wp_f2_0209__wp_f2_0250,wp_f2_0209,wp_f2_0250,2,corridor,11.32,4.0,1.0,0,11.32
e_wp_f2_0209__wp_f2_0251,wp_f2_0209,wp_f2_0251,2,corridor,8.0,4.0,1.0,0,8.0
e_wp_f2_0209__wp_f2_0211,wp_f2_0209,wp_f2_0211,2,corridor,16.0,4.0,1.0,0,16.0
e_wp_f2_0209__wp_f2_0210,wp_f2_0209,wp_f2_0210,2,corridor,8.0,4.0,1.0,0,8.0
e_wp_f2_0209__wp_f2_0252,wp_f2_0209,wp_f2_0252,2,corridor,11.31,4.0,1.0,0,11.31
e_wp_f2_0210__wp_f2_0251,wp_f2_0210,wp_f2_0251,2,corridor,11.31,4.0,1.0,0,11.31
e_wp_f2_0210__wp_f2_0212,wp_f2_0210,wp_f2_0212,2,corridor,16.0,4.0,1.0,0,16.0
e_wp_f2_0210__wp_f2_0211,wp_f2_0210,wp_f2_0211,2,corridor,8.0,4.0,1.0,0,8.0
e_wp_f2_0210__wp_f2_0290,wp_f2_0210,wp_f2_0290,2,corridor,16.0,4.0,1.0,0,16.0
e_wp_f2_0210__wp_f2_0252,wp_f2_0210,wp_f2_0252,2,corridor,8.0,4.0,1.0,0,8.0
e_wp_f2_0210__wp_f2_0253,wp_f2_0210,wp_f2_0253,2,corridor,11.32,4.0,1.0,0,11.32
e_wp_f2_0211__wp_f2_0212,wp_f2_0211,wp_f2_0212,2,corridor,8.0,4.0,1.0,0,8.0
e_wp_f2_0211__wp_f2_0252,wp_f2_0211,wp_f2_0252,2,corridor,11.32,4.0,1.0,0,11.32
e_wp_f2_0211__wp_f2_0291,wp_f2_0211,wp_f2_0291,2,corridor,16.0,4.0,1.0,0,16.0
e_wp_f2_0211__wp_f2_0253,wp_f2_0211,wp_f2_0253,2,corridor,8.0,4.0,1.0,0,8.0
e_wp_f2_0211__wp_f2_0254,wp_f2_0211,wp_f2_0254,2,corridor,11.31,4.0,1.0,0,11.31
e_wp_f2_0211__wp_f2_0213,wp_f2_0211,wp_f2_0213,2,corridor,16.0,4.0,1.0,0,16.0
e_esc_se_l2__wp_f2_0212,wp_f2_0212,esc_se_l2,2,corridor,16.56,4.0,1.0,0,16.56
e_wp_f2_0212__wp_f2_0253,wp_f2_0212,wp_f2_0253,2,corridor,11.31,4.0,1.0,0,11.31
e_wp_f2_0212__wp_f2_0254,wp_f2_0212,wp_f2_0254,2,corridor,8.0,4.0,1.0,0,8.0
e_wp_f2_0212__wp_f2_0213,wp_f2_0212,wp_f2_0213,2,corridor,8.0,4.0,1.0,0,8.0
e_wp_f2_0212__wp_f2_0214,wp_f2_0212,wp_f2_0214,2,corridor,16.0,4.0,1.0,0,16.0
e_wp_f2_0212__wp_f2_0255,wp_f2_0212,wp_f2_0255,2,corridor,11.32,4.0,1.0,0,11.32
e_esc_se_l2__wp_f2_0213,wp_f2_0213,esc_se_l2,2,corridor,16.7,4.0,1.0,0,16.7
e_wp_f2_0213__wp_f2_0254,wp_f2_0213,wp_f2_0254,2,corridor,11.32,4.0,1.0,0,11.32
e_wp_f2_0213__wp_f2_0214,wp_f2_0213,wp_f2_0214,2,corridor,8.0,4.0,1.0,0,8.0
e_wp_f2_0213__wp_f2_0215,wp_f2_0213,wp_f2_0215,2,corridor,16.0,4.0,1.0,0,16.0
e_wp_f2_0213__wp_f2_0255,wp_f2_0213,wp_f2_0255,2,corridor,8.0,4.0,1.0,0,8.0
e_wp_f2_0213__wp_f2_0256,wp_f2_0213,wp_f2_0256,2,corridor,11.31,4.0,1.0,0,11.31
e_farmers_l2__wp_f2_0214,wp_f2_0214,farmers_l2,2,corridor,15.08,4.0,1.0,0,15.08
e_wp_f2_0214__wp_f2_0216,wp_f2_0214,wp_f2_0216,2,corridor,16.0,4.0,1.0,0,16.0
e_wp_f2_0214__wp_f2_0215,wp_f2_0214,wp_f2_0215,2,corridor,8.0,4.0,1.0,0,8.0
e_wp_f2_0214__wp_f2_0255,wp_f2_0214,wp_f2_0255,2,corridor,11.31,4.0,1.0,0,11.31
e_wp_f2_0214__wp_f2_0256,wp_f2_0214,wp_f2_0256,2,corridor,7.99,4.0,1.0,0,7.99
e_wp_f2_0214__wp_f2_0257,wp_f2_0214,wp_f2_0257,2,corridor,11.31,4.0,1.0,0,11.31
e_wp_f2_0214__wp_f2_0293,wp_f2_0214,wp_f2_0293,2,corridor,15.99,4.0,1.0,0,15.99
e_farmers_l2__wp_f2_0215,wp_f2_0215,farmers_l2,2,corridor,11.52,4.0,1.0,0,11.52
e_wp_f2_0215__wp_f2_0216,wp_f2_0215,wp_f2_0216,2,corridor,8.0,4.0,1.0,0,8.0
e_wp_f2_0215__wp_f2_0217,wp_f2_0215,wp_f2_0217,2,corridor,16.0,4.0,1.0,0,16.0
e_wp_f2_0215__wp_f2_0256,wp_f2_0215,wp_f2_0256,2,corridor,11.32,4.0,1.0,0,11.32
e_wp_f2_0215__wp_f2_0257,wp_f2_0215,wp_f2_0257,2,corridor,8.0,4.0,1.0,0,8.0
e_wp_f2_0215__wp_f2_0294,wp_f2_0215,wp_f2_0294,2,corridor,16.0,4.0,1.0,0,16.0
e_wp_f2_0215__wp_f2_0258,wp_f2_0215,wp_f2_0258,2,corridor,11.31,4.0,1.0,0,11.31
e_farmers_l2__wp_f2_0216,wp_f2_0216,farmers_l2,2,corridor,12.9,4.0,1.0,0,12.9
e_wp_f2_0216__wp_f2_0217,wp_f2_0216,wp_f2_0217,2,corridor,8.0,4.0,1.0,0,8.0
e_wp_f2_0216__wp_f2_0257,wp_f2_0216,wp_f2_0257,2,corridor,11.31,4.0,1.0,0,11.31
e_wp_f2_0216__wp_f2_0295,wp_f2_0216,wp_f2_0295,2,corridor,16.0,4.0,1.0,0,16.0
e_wp_f2_0216__wp_f2_0258,wp_f2_0216,wp_f2_0258,2,corridor,8.0,4.0,1.0,0,8.0
e_wp_f2_0216__wp_f2_0259,wp_f2_0216,wp_f2_0259,2,corridor,11.32,4.0,1.0,0,11.32
e_wp_f2_0216__wp_f2_0218,wp_f2_0216,wp_f2_0218,2,corridor,16.0,4.0,1.0,0,16.0
e_wp_f2_0217__wp_f2_0258,wp_f2_0217,wp_f2_0258,2,corridor,11.32,4.0,1.0,0,11.32
e_wp_f2_0217__wp_f2_0259,wp_f2_0217,wp_f2_0259,2,corridor,8.0,4.0,1.0,0,8.0
e_wp_f2_0217__wp_f2_0219,wp_f2_0217,wp_f2_0219,2,corridor,16.0,4.0,1.0,0,16.0
e_wp_f2_0217__wp_f2_0218,wp_f2_0217,wp_f2_0218,2,corridor,8.0,4.0,1.0,0,8.0
e_wp_f2_0217__wp_f2_0260,wp_f2_0217,wp_f2_0260,2,corridor,11.31,4.0,1.0,0,11.31
e_wp_f2_0218__wp_f2_0259,wp_f2_0218,wp_f2_0259,2,corridor,11.31,4.0,1.0,0,11.31
e_wp_f2_0218__wp_f2_0220,wp_f2_0218,wp_f2_0220,2,corridor,16.01,4.0,1.0,0,16.01
e_wp_f2_0218__wp_f2_0219,wp_f2_0218,wp_f2_0219,2,corridor,8.0,4.0,1.0,0,8.0
e_wp_f2_0218__wp_f2_0260,wp_f2_0218,wp_f2_0260,2,corridor,8.0,4.0,1.0,0,8.0
e_wp_f2_0218__wp_f2_0261,wp_f2_0218,wp_f2_0261,2,corridor,11.32,4.0,1.0,0,11.32
e_wp_f2_0218__wp_f2_0297,wp_f2_0218,wp_f2_0297,2,corridor,16.0,4.0,1.0,0,16.0
e_wp_f2_0219__wp_f2_0220,wp_f2_0219,wp_f2_0220,2,corridor,8.0,4.0,1.0,0,8.0
e_wp_f2_0219__wp_f2_0260,wp_f2_0219,wp_f2_0260,2,corridor,11.32,4.0,1.0,0,11.32
e_wp_f2_0219__wp_f2_0262,wp_f2_0219,wp_f2_0262,2,corridor,11.32,4.0,1.0,0,11.32
e_wp_f2_0219__wp_f2_0261,wp_f2_0219,wp_f2_0261,2,corridor,8.0,4.0,1.0,0,8.0
e_wp_f2_0219__wp_f2_0298,wp_f2_0219,wp_f2_0298,2,corridor,16.0,4.0,1.0,0,16.0
e_wp_f2_0219__wp_f2_0221,wp_f2_0219,wp_f2_0221,2,corridor,16.0,4.0,1.0,0,16.0
e_wp_f2_0220__wp_f2_0263,wp_f2_0220,wp_f2_0263,2,corridor,11.31,4.0,1.0,0,11.31
e_wp_f2_0220__wp_f2_0262,wp_f2_0220,wp_f2_0262,2,corridor,8.0,4.0,1.0,0,8.0
e_wp_f2_0220__wp_f2_0261,wp_f2_0220,wp_f2_0261,2,corridor,11.32,4.0,1.0,0,11.32
e_wp_f2_0220__wp_f2_0299,wp_f2_0220,wp_f2_0299,2,corridor,15.99,4.0,1.0,0,15.99
e_wp_f2_0220__wp_f2_0221,wp_f2_0220,wp_f2_0221,2,corridor,8.0,4.0,1.0,0,8.0
e_wp_f2_0220__wp_f2_0222,wp_f2_0220,wp_f2_0222,2,corridor,16.0,4.0,1.0,0,16.0
e_wp_f2_0221__wp_f2_0263,wp_f2_0221,wp_f2_0263,2,corridor,7.99,4.0,1.0,0,7.99
e_wp_f2_0221__wp_f2_0262,wp_f2_0221,wp_f2_0262,2,corridor,11.31,4.0,1.0,0,11.31
e_wp_f2_0221__wp_f2_0300,wp_f2_0221,wp_f2_0300,2,corridor,15.99,4.0,1.0,0,15.99
e_wp_f2_0221__wp_f2_0222,wp_f2_0221,wp_f2_0222,2,corridor,8.0,4.0,1.0,0,8.0
e_wp_f2_0221__wp_f2_0264,wp_f2_0221,wp_f2_0264,2,corridor,11.31,4.0,1.0,0,11.31
e_wp_f2_0222__wp_f2_0263,wp_f2_0222,wp_f2_0263,2,corridor,11.32,4.0,1.0,0,11.32
e_wp_f2_0222__wp_f2_0301,wp_f2_0222,wp_f2_0301,2,corridor,16.0,4.0,1.0,0,16.0
e_wp_f2_0222__wp_f2_0264,wp_f2_0222,wp_f2_0264,2,corridor,8.0,4.0,1.0,0,8.0
e_wp_f2_0222__wp_f2_0265,wp_f2_0222,wp_f2_0265,2,corridor,11.31,4.0,1.0,0,11.31
e_wp_f2_0223__wp_f2_0266,wp_f2_0223,wp_f2_0266,2,corridor,11.31,4.0,1.0,0,11.31
e_wp_f2_0223__wp_f2_0224,wp_f2_0223,wp_f2_0224,2,corridor,8.0,4.0,1.0,0,8.0
e_wp_f2_0223__wp_f2_0225,wp_f2_0223,wp_f2_0225,2,corridor,16.0,4.0,1.0,0,16.0
e_wp_f2_0224__wp_f2_0266,wp_f2_0224,wp_f2_0266,2,corridor,8.0,4.0,1.0,0,8.0
e_wp_f2_0224__wp_f2_0304,wp_f2_0224,wp_f2_0304,2,corridor,16.0,4.0,1.0,0,16.0
e_wp_f2_0224__wp_f2_0267,wp_f2_0224,wp_f2_0267,2,corridor,11.32,4.0,1.0,0,11.32
e_wp_f2_0224__wp_f2_0225,wp_f2_0224,wp_f2_0225,2,corridor,8.0,4.0,1.0,0,8.0
e_wp_f2_0224__wp_f2_0226,wp_f2_0224,wp_f2_0226,2,corridor,16.0,4.0,1.0,0,16.0
e_wp_f2_0225__wp_f2_0305,wp_f2_0225,wp_f2_0305,2,corridor,16.0,4.0,1.0,0,16.0
e_wp_f2_0225__wp_f2_0266,wp_f2_0225,wp_f2_0266,2,corridor,11.32,4.0,1.0,0,11.32
e_wp_f2_0225__wp_f2_0267,wp_f2_0225,wp_f2_0267,2,corridor,8.0,4.0,1.0,0,8.0
e_wp_f2_0225__wp_f2_0268,wp_f2_0225,wp_f2_0268,2,corridor,11.31,4.0,1.0,0,11.31
e_wp_f2_0225__wp_f2_0226,wp_f2_0225,wp_f2_0226,2,corridor,8.0,4.0,1.0,0,8.0
e_wp_f2_0225__wp_f2_0227,wp_f2_0225,wp_f2_0227,2,corridor,16.0,4.0,1.0,0,16.0
e_wp_f2_0226__wp_f2_0306,wp_f2_0226,wp_f2_0306,2,corridor,15.99,4.0,1.0,0,15.99
e_wp_f2_0226__wp_f2_0267,wp_f2_0226,wp_f2_0267,2,corridor,11.31,4.0,1.0,0,11.31
e_wp_f2_0226__wp_f2_0268,wp_f2_0226,wp_f2_0268,2,corridor,8.0,4.0,1.0,0,8.0
e_wp_f2_0226__wp_f2_0227,wp_f2_0226,wp_f2_0227,2,corridor,8.0,4.0,1.0,0,8.0
e_wp_f2_0226__wp_f2_0269,wp_f2_0226,wp_f2_0269,2,corridor,11.31,4.0,1.0,0,11.31
e_wp_f2_0226__wp_f2_0228,wp_f2_0226,wp_f2_0228,2,corridor,16.0,4.0,1.0,0,16.0
e_wp_f2_0227__wp_f2_0268,wp_f2_0227,wp_f2_0268,2,corridor,11.32,4.0,1.0,0,11.32
e_wp_f2_0227__wp_f2_0269,wp_f2_0227,wp_f2_0269,2,corridor,7.99,4.0,1.0,0,7.99
e_wp_f2_0227__wp_f2_0270,wp_f2_0227,wp_f2_0270,2,corridor,11.31,4.0,1.0,0,11.31
e_wp_f2_0227__wp_f2_0228,wp_f2_0227,wp_f2_0228,2,corridor,8.0,4.0,1.0,0,8.0
e_wp_f2_0227__wp_f2_0229,wp_f2_0227,wp_f2_0229,2,corridor,16.0,4.0,1.0,0,16.0
e_wp_f2_0227__wp_f2_0307,wp_f2_0227,wp_f2_0307,2,corridor,15.99,4.0,1.0,0,15.99
e_wp_f2_0228__wp_f2_0269,wp_f2_0228,wp_f2_0269,2,corridor,11.31,4.0,1.0,0,11.31
e_wp_f2_0228__wp_f2_0270,wp_f2_0228,wp_f2_0270,2,corridor,8.0,4.0,1.0,0,8.0
e_wp_f2_0228__wp_f2_0271,wp_f2_0228,wp_f2_0271,2,corridor,11.32,4.0,1.0,0,11.32
e_wp_f2_0228__wp_f2_0229,wp_f2_0228,wp_f2_0229,2,corridor,8.0,4.0,1.0,0,8.0
e_wp_f2_0228__wp_f2_0308,wp_f2_0228,wp_f2_0308,2,corridor,16.0,4.0,1.0,0,16.0
e_wp_f2_0228__wp_f2_0230,wp_f2_0228,wp_f2_0230,2,corridor,16.01,4.0,1.0,0,16.01
e_wp_f2_0229__wp_f2_0270,wp_f2_0229,wp_f2_0270,2,corridor,11.32,4.0,1.0,0,11.32
e_wp_f2_0229__wp_f2_0271,wp_f2_0229,wp_f2_0271,2,corridor,8.0,4.0,1.0,0,8.0
e_wp_f2_0229__wp_f2_0309,wp_f2_0229,wp_f2_0309,2,corridor,16.0,4.0,1.0,0,16.0
e_wp_f2_0229__wp_f2_0230,wp_f2_0229,wp_f2_0230,2,corridor,8.0,4.0,1.0,0,8.0
e_wp_f2_0229__wp_f2_0231,wp_f2_0229,wp_f2_0231,2,corridor,16.0,4.0,1.0,0,16.0
e_wp_f2_0229__wp_f2_0272,wp_f2_0229,wp_f2_0272,2,corridor,11.32,4.0,1.0,0,11.32
e_wp_f2_0230__wp_f2_0271,wp_f2_0230,wp_f2_0271,2,corridor,11.32,4.0,1.0,0,11.32
e_wp_f2_0230__wp_f2_0310,wp_f2_0230,wp_f2_0310,2,corridor,16.0,4.0,1.0,0,16.0
e_wp_f2_0230__wp_f2_0273,wp_f2_0230,wp_f2_0273,2,corridor,11.31,4.0,1.0,0,11.31
e_wp_f2_0230__wp_f2_0231,wp_f2_0230,wp_f2_0231,2,corridor,8.0,4.0,1.0,0,8.0
e_wp_f2_0230__wp_f2_0272,wp_f2_0230,wp_f2_0272,2,corridor,8.0,4.0,1.0,0,8.0
e_wp_f2_0230__wp_f2_0232,wp_f2_0230,wp_f2_0232,2,corridor,16.0,4.0,1.0,0,16.0
e_wp_f2_0231__wp_f2_0273,wp_f2_0231,wp_f2_0273,2,corridor,8.0,4.0,1.0,0,8.0
e_wp_f2_0231__wp_f2_0311,wp_f2_0231,wp_f2_0311,2,corridor,16.0,4.0,1.0,0,16.0
e_wp_f2_0231__wp_f2_0272,wp_f2_0231,wp_f2_0272,2,corridor,11.31,4.0,1.0,0,11.31
e_wp_f2_0231__wp_f2_0274,wp_f2_0231,wp_f2_0274,2,corridor,11.32,4.0,1.0,0,11.32
e_wp_f2_0231__wp_f2_0232,wp_f2_0231,wp_f2_0232,2,corridor,8.0,4.0,1.0,0,8.0
e_wp_f2_0231__wp_f2_0233,wp_f2_0231,wp_f2_0233,2,corridor,16.0,4.0,1.0,0,16.0
e_wp_f2_0232__wp_f2_0273,wp_f2_0232,wp_f2_0273,2,corridor,11.32,4.0,1.0,0,11.32
e_wp_f2_0232__wp_f2_0312,wp_f2_0232,wp_f2_0312,2,corridor,16.0,4.0,1.0,0,16.0
e_wp_f2_0232__wp_f2_0274,wp_f2_0232,wp_f2_0274,2,corridor,8.0,4.0,1.0,0,8.0
e_wp_f2_0232__wp_f2_0233,wp_f2_0232,wp_f2_0233,2,corridor,8.0,4.0,1.0,0,8.0
e_wp_f2_0232__wp_f2_0275,wp_f2_0232,wp_f2_0275,2,corridor,11.31,4.0,1.0,0,11.31
e_wp_f2_0232__wp_f2_0234,wp_f2_0232,wp_f2_0234,2,corridor,16.0,4.0,1.0,0,16.0
e_wp_f2_0233__wp_f2_0274,wp_f2_0233,wp_f2_0274,2,corridor,11.31,4.0,1.0,0,11.31
e_wp_f2_0233__wp_f2_0275,wp_f2_0233,wp_f2_0275,2,corridor,8.0,4.0,1.0,0,8.0
e_wp_f2_0233__wp_f2_0276,wp_f2_0233,wp_f2_0276,2,corridor,11.31,4.0,1.0,0,11.31
e_wp_f2_0233__wp_f2_0234,wp_f2_0233,wp_f2_0234,2,corridor,8.0,4.0,1.0,0,8.0
e_wp_f2_0233__wp_f2_0313,wp_f2_0233,wp_f2_0313,2,corridor,15.99,4.0,1.0,0,15.99
e_wp_f2_0233__wp_f2_0235,wp_f2_0233,wp_f2_0235,2,corridor,16.0,4.0,1.0,0,16.0
e_wp_f2_0234__wp_f2_0275,wp_f2_0234,wp_f2_0275,2,corridor,11.32,4.0,1.0,0,11.32
e_wp_f2_0234__wp_f2_0276,wp_f2_0234,wp_f2_0276,2,corridor,7.99,4.0,1.0,0,7.99
e_wp_f2_0234__wp_f2_0314,wp_f2_0234,wp_f2_0314,2,corridor,15.99,4.0,1.0,0,15.99
e_wp_f2_0234__wp_f2_0235,wp_f2_0234,wp_f2_0235,2,corridor,8.0,4.0,1.0,0,8.0
e_wp_f2_0235__wp_f2_0276,wp_f2_0235,wp_f2_0276,2,corridor,11.31,4.0,1.0,0,11.31
e_foodcourt__wp_f2_0235,wp_f2_0235,foodcourt,2,corridor,10.94,4.0,1.0,0,10.94
e_wp_f2_0235__wp_f2_0277,wp_f2_0235,wp_f2_0277,2,corridor,11.32,4.0,1.0,0,11.32
e_foodcourt__wp_f2_0238,wp_f2_0238,foodcourt,2,corridor,14.77,4.0,1.0,0,14.77
e_wp_f2_0238__wp_f2_0278,wp_f2_0238,wp_f2_0278,2,corridor,11.32,4.0,1.0,0,11.32
e_wp_f2_0238__wp_f2_0318,wp_f2_0238,wp_f2_0318,2,corridor,16.0,4.0,1.0,0,16.0
e_wp_f2_0238__wp_f2_0279,wp_f2_0238,wp_f2_0279,2,corridor,8.0,4.0,1.0,0,8.0
e_wp_f2_0238__wp_f2_0280,wp_f2_0238,wp_f2_0280,2,corridor,11.31,4.0,1.0,0,11.31
e_wp_f2_0238__wp_f2_0239,wp_f2_0238,wp_f2_0239,2,corridor,8.0,4.0,1.0,0,8.0
e_wp_f2_0238__wp_f2_0240,wp_f2_0238,wp_f2_0240,2,corridor,16.0,4.0,1.0,0,16.0
e_wp_f2_0239__wp_f2_0279,wp_f2_0239,wp_f2_0279,2,corridor,11.31,4.0,1.0,0,11.31
e_wp_f2_0239__wp_f2_0280,wp_f2_0239,wp_f2_0280,2,corridor,8.0,4.0,1.0,0,8.0
e_wp_f2_0239__wp_f2_0319,wp_f2_0239,wp_f2_0319,2,corridor,16.0,4.0,1.0,0,16.0
e_wp_f2_0239__wp_f2_0281,wp_f2_0239,wp_f2_0281,2,corridor,11.32,4.0,1.0,0,11.32
e_wp_f2_0239__wp_f2_0241,wp_f2_0239,wp_f2_0241,2,corridor,16.01,4.0,1.0,0,16.01
e_wp_f2_0239__wp_f2_0240,wp_f2_0239,wp_f2_0240,2,corridor,8.0,4.0,1.0,0,8.0
e_wp_f2_0240__wp_f2_0280,wp_f2_0240,wp_f2_0280,2,corridor,11.32,4.0,1.0,0,11.32
e_wp_f2_0240__wp_f2_0320,wp_f2_0240,wp_f2_0320,2,corridor,15.99,4.0,1.0,0,15.99
e_wp_f2_0240__wp_f2_0281,wp_f2_0240,wp_f2_0281,2,corridor,8.0,4.0,1.0,0,8.0
e_wp_f2_0240__wp_f2_0282,wp_f2_0240,wp_f2_0282,2,corridor,11.31,4.0,1.0,0,11.31
e_wp_f2_0240__wp_f2_0241,wp_f2_0240,wp_f2_0241,2,corridor,8.0,4.0,1.0,0,8.0
e_wp_f2_0240__wp_f2_0242,wp_f2_0240,wp_f2_0242,2,corridor,16.0,4.0,1.0,0,16.0
e_wp_f2_0241__wp_f2_0281,wp_f2_0241,wp_f2_0281,2,corridor,11.32,4.0,1.0,0,11.32
e_wp_f2_0241__wp_f2_0283,wp_f2_0241,wp_f2_0283,2,corridor,11.31,4.0,1.0,0,11.31
e_wp_f2_0241__wp_f2_0321,wp_f2_0241,wp_f2_0321,2,corridor,15.99,4.0,1.0,0,15.99
e_wp_f2_0241__wp_f2_0282,wp_f2_0241,wp_f2_0282,2,corridor,7.99,4.0,1.0,0,7.99
e_wp_f2_0241__wp_f2_0242,wp_f2_0241,wp_f2_0242,2,corridor,8.0,4.0,1.0,0,8.0
e_wp_f2_0241__wp_f2_0243,wp_f2_0241,wp_f2_0243,2,corridor,16.0,4.0,1.0,0,16.0
e_wp_f2_0242__wp_f2_0283,wp_f2_0242,wp_f2_0283,2,corridor,8.0,4.0,1.0,0,8.0
e_wp_f2_0242__wp_f2_0282,wp_f2_0242,wp_f2_0282,2,corridor,11.31,4.0,1.0,0,11.31
e_wp_f2_0242__wp_f2_0322,wp_f2_0242,wp_f2_0322,2,corridor,16.0,4.0,1.0,0,16.0
e_wp_f2_0242__wp_f2_0284,wp_f2_0242,wp_f2_0284,2,corridor,11.32,4.0,1.0,0,11.32
e_wp_f2_0242__wp_f2_0243,wp_f2_0242,wp_f2_0243,2,corridor,8.0,4.0,1.0,0,8.0
e_wp_f2_0242__wp_f2_0244,wp_f2_0242,wp_f2_0244,2,corridor,16.0,4.0,1.0,0,16.0
e_wp_f2_0243__wp_f2_0283,wp_f2_0243,wp_f2_0283,2,corridor,11.32,4.0,1.0,0,11.32
e_wp_f2_0243__wp_f2_0323,wp_f2_0243,wp_f2_0323,2,corridor,16.0,4.0,1.0,0,16.0
e_wp_f2_0243__wp_f2_0284,wp_f2_0243,wp_f2_0284,2,corridor,8.0,4.0,1.0,0,8.0
e_wp_f2_0243__wp_f2_0244,wp_f2_0243,wp_f2_0244,2,corridor,8.0,4.0,1.0,0,8.0
e_wp_f2_0243__wp_f2_0285,wp_f2_0243,wp_f2_0285,2,corridor,11.31,4.0,1.0,0,11.31
e_wp_f2_0243__wp_f2_0245,wp_f2_0243,wp_f2_0245,2,corridor,16.0,4.0,1.0,0,16.0
e_wp_f2_0244__wp_f2_0284,wp_f2_0244,wp_f2_0284,2,corridor,11.31,4.0,1.0,0,11.31
e_wp_f2_0244__wp_f2_0324,wp_f2_0244,wp_f2_0324,2,corridor,16.0,4.0,1.0,0,16.0
e_wp_f2_0244__wp_f2_0285,wp_f2_0244,wp_f2_0285,2,corridor,8.0,4.0,1.0,0,8.0
e_wp_f2_0244__wp_f2_0286,wp_f2_0244,wp_f2_0286,2,corridor,11.32,4.0,1.0,0,11.32
e_wp_f2_0244__wp_f2_0245,wp_f2_0244,wp_f2_0245,2,corridor,8.0,4.0,1.0,0,8.0
e_wp_f2_0244__wp_f2_0246,wp_f2_0244,wp_f2_0246,2,corridor,16.0,4.0,1.0,0,16.0
e_wp_f2_0245__wp_f2_0285,wp_f2_0245,wp_f2_0285,2,corridor,11.32,4.0,1.0,0,11.32
e_wp_f2_0245__wp_f2_0286,wp_f2_0245,wp_f2_0286,2,corridor,8.0,4.0,1.0,0,8.0
e_wp_f2_0245__wp_f2_0325,wp_f2_0245,wp_f2_0325,2,corridor,16.0,4.0,1.0,0,16.0
e_wp_f2_0245__wp_f2_0247,wp_f2_0245,wp_f2_0247,2,corridor,16.0,4.0,1.0,0,16.0
e_wp_f2_0245__wp_f2_0246,wp_f2_0245,wp_f2_0246,2,corridor,8.0,4.0,1.0,0,8.0
e_wp_f2_0245__wp_f2_0287,wp_f2_0245,wp_f2_0287,2,corridor,11.31,4.0,1.0,0,11.31
e_wp_f2_0246__wp_f2_0286,wp_f2_0246,wp_f2_0286,2,corridor,11.31,4.0,1.0,0,11.31
e_wp_f2_0246__wp_f2_0247,wp_f2_0246,wp_f2_0247,2,corridor,8.0,4.0,1.0,0,8.0
e_wp_f2_0246__wp_f2_0248,wp_f2_0246,wp_f2_0248,2,corridor,16.0,4.0,1.0,0,16.0
e_wp_f2_0246__wp_f2_0287,wp_f2_0246,wp_f2_0287,2,corridor,8.0,4.0,1.0,0,8.0
e_wp_f2_0246__wp_f2_0326,wp_f2_0246,wp_f2_0326,2,corridor,16.0,4.0,1.0,0,16.0
e_wp_f2_0246__wp_f2_0288,wp_f2_0246,wp_f2_0288,2,corridor,11.32,4.0,1.0,0,11.32
e_wp_f2_0247__wp_f2_0249,wp_f2_0247,wp_f2_0249,2,corridor,16.0,4.0,1.0,0,16.0
e_wp_f2_0247__wp_f2_0248,wp_f2_0247,wp_f2_0248,2,corridor,8.0,4.0,1.0,0,8.0
e_wp_f2_0247__wp_f2_0287,wp_f2_0247,wp_f2_0287,2,corridor,11.32,4.0,1.0,0,11.32
e_wp_f2_0247__wp_f2_0289,wp_f2_0247,wp_f2_0289,2,corridor,11.31,4.0,1.0,0,11.31
e_wp_f2_0247__wp_f2_0327,wp_f2_0247,wp_f2_0327,2,corridor,15.99,4.0,1.0,0,15.99
e_wp_f2_0247__wp_f2_0288,wp_f2_0247,wp_f2_0288,2,corridor,8.0,4.0,1.0,0,8.0
e_wp_f2_0248__wp_f2_0249,wp_f2_0248,wp_f2_0249,2,corridor,8.0,4.0,1.0,0,8.0
e_wp_f2_0248__wp_f2_0289,wp_f2_0248,wp_f2_0289,2,corridor,7.99,4.0,1.0,0,7.99
e_wp_f2_0248__wp_f2_0328,wp_f2_0248,wp_f2_0328,2,corridor,15.99,4.0,1.0,0,15.99
e_wp_f2_0248__wp_f2_0288,wp_f2_0248,wp_f2_0288,2,corridor,11.31,4.0,1.0,0,11.31
e_wp_f2_0249__wp_f2_0289,wp_f2_0249,wp_f2_0289,2,corridor,11.32,4.0,1.0,0,11.32
e_wp_f2_0250__wp_f2_0251,wp_f2_0250,wp_f2_0251,2,corridor,8.0,4.0,1.0,0,8.0
e_wp_f2_0250__wp_f2_0252,wp_f2_0250,wp_f2_0252,2,corridor,16.0,4.0,1.0,0,16.0
e_wp_f2_0251__wp_f2_0252,wp_f2_0251,wp_f2_0252,2,corridor,8.0,4.0,1.0,0,8.0
e_wp_f2_0251__wp_f2_0253,wp_f2_0251,wp_f2_0253,2,corridor,16.0,4.0,1.0,0,16.0
e_wp_f2_0252__wp_f2_0290,wp_f2_0252,wp_f2_0290,2,corridor,8.0,4.0,1.0,0,8.0
e_wp_f2_0252__wp_f2_0329,wp_f2_0252,wp_f2_0329,2,corridor,16.0,4.0,1.0,0,16.0
e_wp_f2_0252__wp_f2_0291,wp_f2_0252,wp_f2_0291,2,corridor,11.32,4.0,1.0,0,11.32
e_wp_f2_0252__wp_f2_0253,wp_f2_0252,wp_f2_0253,2,corridor,8.0,4.0,1.0,0,8.0
e_wp_f2_0253__wp_f2_0290,wp_f2_0253,wp_f2_0290,2,corridor,11.32,4.0,1.0,0,11.32
e_wp_f2_0253__wp_f2_0330,wp_f2_0253,wp_f2_0330,2,corridor,16.0,4.0,1.0,0,16.0
e_wp_f2_0253__wp_f2_0291,wp_f2_0253,wp_f2_0291,2,corridor,8.0,4.0,1.0,0,8.0
e_wp_f2_0254__wp_f2_0255,wp_f2_0254,wp_f2_0255,2,corridor,8.0,4.0,1.0,0,8.0
e_wp_f2_0254__wp_f2_0256,wp_f2_0254,wp_f2_0256,2,corridor,16.0,4.0,1.0,0,16.0
e_wp_f2_0255__wp_f2_0256,wp_f2_0255,wp_f2_0256,2,corridor,8.0,4.0,1.0,0,8.0
e_wp_f2_0255__wp_f2_0257,wp_f2_0255,wp_f2_0257,2,corridor,16.0,4.0,1.0,0,16.0
e_wp_f2_0256__wp_f2_0257,wp_f2_0256,wp_f2_0257,2,corridor,8.0,4.0,1.0,0,8.0
e_wp_f2_0256__wp_f2_0293,wp_f2_0256,wp_f2_0293,2,corridor,8.0,4.0,1.0,0,8.0
e_wp_f2_0256__wp_f2_0294,wp_f2_0256,wp_f2_0294,2,corridor,11.32,4.0,1.0,0,11.32
e_wp_f2_0256__wp_f2_0258,wp_f2_0256,wp_f2_0258,2,corridor,16.0,4.0,1.0,0,16.0
e_wp_f2_0256__wp_f2_0333,wp_f2_0256,wp_f2_0333,2,corridor,16.0,4.0,1.0,0,16.0
e_wp_f2_0257__wp_f2_0295,wp_f2_0257,wp_f2_0295,2,corridor,11.31,4.0,1.0,0,11.31
e_wp_f2_0257__wp_f2_0293,wp_f2_0257,wp_f2_0293,2,corridor,11.32,4.0,1.0,0,11.32
e_wp_f2_0257__wp_f2_0294,wp_f2_0257,wp_f2_0294,2,corridor,8.0,4.0,1.0,0,8.0
e_wp_f2_0257__wp_f2_0258,wp_f2_0257,wp_f2_0258,2,corridor,8.0,4.0,1.0,0,8.0
e_wp_f2_0257__wp_f2_0259,wp_f2_0257,wp_f2_0259,2,corridor,16.0,4.0,1.0,0,16.0
e_wp_f2_0257__wp_f2_0334,wp_f2_0257,wp_f2_0334,2,corridor,16.0,4.0,1.0,0,16.0
e_wp_f2_0258__wp_f2_0295,wp_f2_0258,wp_f2_0295,2,corridor,8.0,4.0,1.0,0,8.0
e_wp_f2_0258__wp_f2_0294,wp_f2_0258,wp_f2_0294,2,corridor,11.31,4.0,1.0,0,11.31
e_wp_f2_0258__wp_f2_0259,wp_f2_0258,wp_f2_0259,2,corridor,8.0,4.0,1.0,0,8.0
e_wp_f2_0258__wp_f2_0335,wp_f2_0258,wp_f2_0335,2,corridor,16.0,4.0,1.0,0,16.0
e_wp_f2_0258__wp_f2_0260,wp_f2_0258,wp_f2_0260,2,corridor,16.0,4.0,1.0,0,16.0
e_wp_f2_0259__wp_f2_0295,wp_f2_0259,wp_f2_0295,2,corridor,11.32,4.0,1.0,0,11.32
e_wp_f2_0259__wp_f2_0260,wp_f2_0259,wp_f2_0260,2,corridor,8.0,4.0,1.0,0,8.0
e_wp_f2_0259__wp_f2_0261,wp_f2_0259,wp_f2_0261,2,corridor,16.0,4.0,1.0,0,16.0
e_wp_f2_0259__wp_f2_0297,wp_f2_0259,wp_f2_0297,2,corridor,11.31,4.0,1.0,0,11.31
e_wp_f2_0260__wp_f2_0296,wp_f2_0260,wp_f2_0296,2,corridor,11.31,4.0,1.0,0,11.31
e_wp_f2_0260__wp_f2_0337,wp_f2_0260,wp_f2_0337,2,corridor,16.0,4.0,1.0,0,16.0
e_wp_f2_0260__wp_f2_0262,wp_f2_0260,wp_f2_0262,2,corridor,16.01,4.0,1.0,0,16.01
e_wp_f2_0260__wp_f2_0261,wp_f2_0260,wp_f2_0261,2,corridor,8.0,4.0,1.0,0,8.0
e_wp_f2_0260__wp_f2_0297,wp_f2_0260,wp_f2_0297,2,corridor,8.0,4.0,1.0,0,8.0
e_wp_f2_0260__wp_f2_0298,wp_f2_0260,wp_f2_0298,2,corridor,11.32,4.0,1.0,0,11.32
e_wp_f2_0261__wp_f2_0263,wp_f2_0261,wp_f2_0263,2,corridor,16.0,4.0,1.0,0,16.0
e_wp_f2_0261__wp_f2_0262,wp_f2_0261,wp_f2_0262,2,corridor,8.0,4.0,1.0,0,8.0
e_wp_f2_0261__wp_f2_0297,wp_f2_0261,wp_f2_0297,2,corridor,11.32,4.0,1.0,0,11.32
e_wp_f2_0261__wp_f2_0298,wp_f2_0261,wp_f2_0298,2,corridor,8.0,4.0,1.0,0,8.0
e_wp_f2_0261__wp_f2_0299,wp_f2_0261,wp_f2_0299,2,corridor,11.31,4.0,1.0,0,11.31
e_wp_f2_0261__wp_f2_0338,wp_f2_0261,wp_f2_0338,2,corridor,15.99,4.0,1.0,0,15.99
e_wp_f2_0262__wp_f2_0263,wp_f2_0262,wp_f2_0263,2,corridor,8.0,4.0,1.0,0,8.0
e_wp_f2_0262__wp_f2_0298,wp_f2_0262,wp_f2_0298,2,corridor,11.32,4.0,1.0,0,11.32
e_wp_f2_0262__wp_f2_0299,wp_f2_0262,wp_f2_0299,2,corridor,7.99,4.0,1.0,0,7.99
e_wp_f2_0262__wp_f2_0300,wp_f2_0262,wp_f2_0300,2,corridor,11.31,4.0,1.0,0,11.31
e_wp_f2_0262__wp_f2_0264,wp_f2_0262,wp_f2_0264,2,corridor,16.0,4.0,1.0,0,16.0
e_wp_f2_0263__wp_f2_0299,wp_f2_0263,wp_f2_0299,2,corridor,11.31,4.0,1.0,0,11.31
e_wp_f2_0263__wp_f2_0300,wp_f2_0263,wp_f2_0300,2,corridor,8.0,4.0,1.0,0,8.0
e_wp_f2_0263__wp_f2_0339,wp_f2_0263,wp_f2_0339,2,corridor,16.0,4.0,1.0,0,16.0
e_wp_f2_0263__wp_f2_0301,wp_f2_0263,wp_f2_0301,2,corridor,11.32,4.0,1.0,0,11.32
e_wp_f2_0263__wp_f2_0264,wp_f2_0263,wp_f2_0264,2,corridor,8.0,4.0,1.0,0,8.0
e_wp_f2_0263__wp_f2_0265,wp_f2_0263,wp_f2_0265,2,corridor,16.0,4.0,1.0,0,16.0
e_wp_f2_0264__wp_f2_0300,wp_f2_0264,wp_f2_0300,2,corridor,11.32,4.0,1.0,0,11.32
e_wp_f2_0264__wp_f2_0340,wp_f2_0264,wp_f2_0340,2,corridor,16.0,4.0,1.0,0,16.0
e_wp_f2_0264__wp_f2_0301,wp_f2_0264,wp_f2_0301,2,corridor,8.0,4.0,1.0,0,8.0
e_wp_f2_0264__wp_f2_0302,wp_f2_0264,wp_f2_0302,2,corridor,11.31,4.0,1.0,0,11.31
e_wp_f2_0264__wp_f2_0265,wp_f2_0264,wp_f2_0265,2,corridor,8.0,4.0,1.0,0,8.0
e_wp_f2_0265__wp_f2_0301,wp_f2_0265,wp_f2_0301,2,corridor,11.31,4.0,1.0,0,11.31
e_wp_f2_0265__wp_f2_0302,wp_f2_0265,wp_f2_0302,2,corridor,8.0,4.0,1.0,0,8.0
e_wp_f2_0265__wp_f2_0303,wp_f2_0265,wp_f2_0303,2,corridor,11.32,4.0,1.0,0,11.32
e_wp_f2_0265__wp_f2_0341,wp_f2_0265,wp_f2_0341,2,corridor,16.0,4.0,1.0,0,16.0
e_wp_f2_0266__wp_f2_0305,wp_f2_0266,wp_f2_0305,2,corridor,11.32,4.0,1.0,0,11.32
e_wp_f2_0266__wp_f2_0304,wp_f2_0266,wp_f2_0304,2,corridor,8.0,4.0,1.0,0,8.0
e_wp_f2_0266__wp_f2_0267,wp_f2_0266,wp_f2_0267,2,corridor,8.0,4.0,1.0,0,8.0
e_wp_f2_0266__wp_f2_0268,wp_f2_0266,wp_f2_0268,2,corridor,16.0,4.0,1.0,0,16.0
e_wp_f2_0267__wp_f2_0305,wp_f2_0267,wp_f2_0305,2,corridor,8.0,4.0,1.0,0,8.0
e_wp_f2_0267__wp_f2_0304,wp_f2_0267,wp_f2_0304,2,corridor,11.32,4.0,1.0,0,11.32
e_wp_f2_0267__wp_f2_0306,wp_f2_0267,wp_f2_0306,2,corridor,11.31,4.0,1.0,0,11.31
e_wp_f2_0267__wp_f2_0268,wp_f2_0267,wp_f2_0268,2,corridor,8.0,4.0,1.0,0,8.0
e_wp_f2_0267__wp_f2_0269,wp_f2_0267,wp_f2_0269,2,corridor,16.0,4.0,1.0,0,16.0
e_wp_f2_0267__wp_f2_0344,wp_f2_0267,wp_f2_0344,2,corridor,16.0,4.0,1.0,0,16.0
e_wp_f2_0268__wp_f2_0305,wp_f2_0268,wp_f2_0305,2,corridor,11.31,4.0,1.0,0,11.31
e_wp_f2_0268__wp_f2_0306,wp_f2_0268,wp_f2_0306,2,corridor,7.99,4.0,1.0,0,7.99
e_wp_f2_0268__wp_f2_0269,wp_f2_0268,wp_f2_0269,2,corridor,8.0,4.0,1.0,0,8.0
e_wp_f2_0268__wp_f2_0270,wp_f2_0268,wp_f2_0270,2,corridor,16.0,4.0,1.0,0,16.0
e_wp_f2_0268__wp_f2_0307,wp_f2_0268,wp_f2_0307,2,corridor,11.31,4.0,1.0,0,11.31
e_wp_f2_0268__wp_f2_0345,wp_f2_0268,wp_f2_0345,2,corridor,15.99,4.0,1.0,0,15.99
e_wp_f2_0269__wp_f2_0306,wp_f2_0269,wp_f2_0306,2,corridor,11.32,4.0,1.0,0,11.32
e_wp_f2_0269__wp_f2_0270,wp_f2_0269,wp_f2_0270,2,corridor,8.0,4.0,1.0,0,8.0
e_wp_f2_0269__wp_f2_0271,wp_f2_0269,wp_f2_0271,2,corridor,16.0,4.0,1.0,0,16.0
e_wp_f2_0269__wp_f2_0308,wp_f2_0269,wp_f2_0308,2,corridor,11.31,4.0,1.0,0,11.31
e_wp_f2_0269__wp_f2_0307,wp_f2_0269,wp_f2_0307,2,corridor,8.0,4.0,1.0,0,8.0
e_wp_f2_0269__wp_f2_0346,wp_f2_0269,wp_f2_0346,2,corridor,16.0,4.0,1.0,0,16.0
e_wp_f2_0270__wp_f2_0271,wp_f2_0270,wp_f2_0271,2,corridor,8.0,4.0,1.0,0,8.0
e_wp_f2_0270__wp_f2_0308,wp_f2_0270,wp_f2_0308,2,corridor,8.0,4.0,1.0,0,8.0
e_wp_f2_0270__wp_f2_0307,wp_f2_0270,wp_f2_0307,2,corridor,11.31,4.0,1.0,0,11.31
e_wp_f2_0270__wp_f2_0309,wp_f2_0270,wp_f2_0309,2,corridor,11.32,4.0,1.0,0,11.32
e_wp_f2_0270__wp_f2_0347,wp_f2_0270,wp_f2_0347,2,corridor,16.0,4.0,1.0,0,16.0
e_wp_f2_0270__wp_f2_0272,wp_f2_0270,wp_f2_0272,2,corridor,16.01,4.0,1.0,0,16.01
e_wp_f2_0271__wp_f2_0308,wp_f2_0271,wp_f2_0308,2,corridor,11.32,4.0,1.0,0,11.32
e_wp_f2_0271__wp_f2_0309,wp_f2_0271,wp_f2_0309,2,corridor,8.0,4.0,1.0,0,8.0
e_wp_f2_0271__wp_f2_0348,wp_f2_0271,wp_f2_0348,2,corridor,16.0,4.0,1.0,0,16.0
e_wp_f2_0271__wp_f2_0310,wp_f2_0271,wp_f2_0310,2,corridor,11.32,4.0,1.0,0,11.32
e_wp_f2_0271__wp_f2_0273,wp_f2_0271,wp_f2_0273,2,corridor,16.0,4.0,1.0,0,16.0
e_wp_f2_0271__wp_f2_0272,wp_f2_0271,wp_f2_0272,2,corridor,8.0,4.0,1.0,0,8.0
e_wp_f2_0272__wp_f2_0309,wp_f2_0272,wp_f2_0309,2,corridor,11.32,4.0,1.0,0,11.32
e_wp_f2_0272__wp_f2_0310,wp_f2_0272,wp_f2_0310,2,corridor,8.0,4.0,1.0,0,8.0
e_wp_f2_0272__wp_f2_0273,wp_f2_0272,wp_f2_0273,2,corridor,8.0,4.0,1.0,0,8.0
e_wp_f2_0272__wp_f2_0311,wp_f2_0272,wp_f2_0311,2,corridor,11.31,4.0,1.0,0,11.31
e_wp_f2_0272__wp_f2_0274,wp_f2_0272,wp_f2_0274,2,corridor,16.0,4.0,1.0,0,16.0
e_wp_f2_0272__wp_f2_0349,wp_f2_0272,wp_f2_0349,2,corridor,16.0,4.0,1.0,0,16.0
e_wp_f2_0273__wp_f2_0310,wp_f2_0273,wp_f2_0310,2,corridor,11.31,4.0,1.0,0,11.31
e_wp_f2_0273__wp_f2_0311,wp_f2_0273,wp_f2_0311,2,corridor,8.0,4.0,1.0,0,8.0
e_wp_f2_0273__wp_f2_0312,wp_f2_0273,wp_f2_0312,2,corridor,11.32,4.0,1.0,0,11.32
e_wp_f2_0273__wp_f2_0274,wp_f2_0273,wp_f2_0274,2,corridor,8.0,4.0,1.0,0,8.0
e_wp_f2_0273__wp_f2_0275,wp_f2_0273,wp_f2_0275,2,corridor,16.0,4.0,1.0,0,16.0
e_wp_f2_0274__wp_f2_0311,wp_f2_0274,wp_f2_0311,2,corridor,11.32,4.0,1.0,0,11.32
e_wp_f2_0274__wp_f2_0312,wp_f2_0274,wp_f2_0312,2,corridor,8.0,4.0,1.0,0,8.0
e_wp_f2_0274__wp_f2_0275,wp_f2_0274,wp_f2_0275,2,corridor,8.0,4.0,1.0,0,8.0
e_wp_f2_0274__wp_f2_0276,wp_f2_0274,wp_f2_0276,2,corridor,16.0,4.0,1.0,0,16.0
e_wp_f2_0274__wp_f2_0351,wp_f2_0274,wp_f2_0351,2,corridor,15.99,4.0,1.0,0,15.99
e_wp_f2_0274__wp_f2_0313,wp_f2_0274,wp_f2_0313,2,corridor,11.31,4.0,1.0,0,11.31
e_wp_f2_0275__wp_f2_0312,wp_f2_0275,wp_f2_0312,2,corridor,11.31,4.0,1.0,0,11.31
e_wp_f2_0275__wp_f2_0276,wp_f2_0275,wp_f2_0276,2,corridor,8.0,4.0,1.0,0,8.0
e_wp_f2_0275__wp_f2_0314,wp_f2_0275,wp_f2_0314,2,corridor,11.31,4.0,1.0,0,11.31
e_wp_f2_0275__wp_f2_0313,wp_f2_0275,wp_f2_0313,2,corridor,7.99,4.0,1.0,0,7.99
e_wp_f2_0275__wp_f2_0352,wp_f2_0275,wp_f2_0352,2,corridor,15.99,4.0,1.0,0,15.99
e_wp_f2_0276__wp_f2_0314,wp_f2_0276,wp_f2_0314,2,corridor,8.0,4.0,1.0,0,8.0
e_wp_f2_0276__wp_f2_0313,wp_f2_0276,wp_f2_0313,2,corridor,11.32,4.0,1.0,0,11.32
e_wp_f2_0276__wp_f2_0353,wp_f2_0276,wp_f2_0353,2,corridor,16.0,4.0,1.0,0,16.0
e_wp_f2_0276__wp_f2_0315,wp_f2_0276,wp_f2_0315,2,corridor,11.31,4.0,1.0,0,11.31
e_foodcourt__wp_f2_0277,wp_f2_0277,foodcourt,2,corridor,12.7,4.0,1.0,0,12.7
e_wp_f2_0277__wp_f2_0316,wp_f2_0277,wp_f2_0316,2,corridor,8.0,4.0,1.0,0,8.0
e_wp_f2_0277__wp_f2_0278,wp_f2_0277,wp_f2_0278,2,corridor,8.0,4.0,1.0,0,8.0
e_wp_f2_0277__wp_f2_0317,wp_f2_0277,wp_f2_0317,2,corridor,11.31,4.0,1.0,0,11.31
e_wp_f2_0277__wp_f2_0279,wp_f2_0277,wp_f2_0279,2,corridor,16.0,4.0,1.0,0,16.0
e_wp_f2_0277__wp_f2_0355,wp_f2_0277,wp_f2_0355,2,corridor,16.0,4.0,1.0,0,16.0
e_foodcourt__wp_f2_0278,wp_f2_0278,foodcourt,2,corridor,13.94,4.0,1.0,0,13.94
e_wp_f2_0278__wp_f2_0316,wp_f2_0278,wp_f2_0316,2,corridor,11.31,4.0,1.0,0,11.31
e_wp_f2_0278__wp_f2_0317,wp_f2_0278,wp_f2_0317,2,corridor,8.0,4.0,1.0,0,8.0
e_wp_f2_0278__wp_f2_0318,wp_f2_0278,wp_f2_0318,2,corridor,11.32,4.0,1.0,0,11.32
e_wp_f2_0278__wp_f2_0279,wp_f2_0278,wp_f2_0279,2,corridor,8.0,4.0,1.0,0,8.0
e_wp_f2_0278__wp_f2_0280,wp_f2_0278,wp_f2_0280,2,corridor,16.0,4.0,1.0,0,16.0
e_wp_f2_0278__wp_f2_0356,wp_f2_0278,wp_f2_0356,2,corridor,16.0,4.0,1.0,0,16.0
e_wp_f2_0279__wp_f2_0317,wp_f2_0279,wp_f2_0317,2,corridor,11.32,4.0,1.0,0,11.32
e_wp_f2_0279__wp_f2_0318,wp_f2_0279,wp_f2_0318,2,corridor,8.0,4.0,1.0,0,8.0
e_wp_f2_0279__wp_f2_0280,wp_f2_0279,wp_f2_0280,2,corridor,8.0,4.0,1.0,0,8.0
e_wp_f2_0279__wp_f2_0319,wp_f2_0279,wp_f2_0319,2,corridor,11.31,4.0,1.0,0,11.31
e_wp_f2_0279__wp_f2_0281,wp_f2_0279,wp_f2_0281,2,corridor,16.0,4.0,1.0,0,16.0
e_wp_f2_0279__wp_f2_0357,wp_f2_0279,wp_f2_0357,2,corridor,16.0,4.0,1.0,0,16.0
e_wp_f2_0280__wp_f2_0318,wp_f2_0280,wp_f2_0318,2,corridor,11.31,4.0,1.0,0,11.31
e_wp_f2_0280__wp_f2_0319,wp_f2_0280,wp_f2_0319,2,corridor,8.0,4.0,1.0,0,8.0
e_wp_f2_0280__wp_f2_0320,wp_f2_0280,wp_f2_0320,2,corridor,11.31,4.0,1.0,0,11.31
e_wp_f2_0280__wp_f2_0281,wp_f2_0280,wp_f2_0281,2,corridor,8.0,4.0,1.0,0,8.0
e_wp_f2_0280__wp_f2_0282,wp_f2_0280,wp_f2_0282,2,corridor,16.01,4.0,1.0,0,16.01
e_wp_f2_0280__wp_f2_0358,wp_f2_0280,wp_f2_0358,2,corridor,15.99,4.0,1.0,0,15.99
e_wp_f2_0281__wp_f2_0319,wp_f2_0281,wp_f2_0319,2,corridor,11.32,4.0,1.0,0,11.32
e_wp_f2_0281__wp_f2_0320,wp_f2_0281,wp_f2_0320,2,corridor,7.99,4.0,1.0,0,7.99
e_wp_f2_0281__wp_f2_0283,wp_f2_0281,wp_f2_0283,2,corridor,16.0,4.0,1.0,0,16.0
e_wp_f2_0281__wp_f2_0321,wp_f2_0281,wp_f2_0321,2,corridor,11.31,4.0,1.0,0,11.31
e_wp_f2_0281__wp_f2_0282,wp_f2_0281,wp_f2_0282,2,corridor,8.0,4.0,1.0,0,8.0
e_wp_f2_0281__wp_f2_0359,wp_f2_0281,wp_f2_0359,2,corridor,15.99,4.0,1.0,0,15.99
e_wp_f2_0282__wp_f2_0320,wp_f2_0282,wp_f2_0320,2,corridor,11.32,4.0,1.0,0,11.32
e_wp_f2_0282__wp_f2_0283,wp_f2_0282,wp_f2_0283,2,corridor,8.0,4.0,1.0,0,8.0
e_wp_f2_0282__wp_f2_0321,wp_f2_0282,wp_f2_0321,2,corridor,8.0,4.0,1.0,0,8.0
e_wp_f2_0282__wp_f2_0322,wp_f2_0282,wp_f2_0322,2,corridor,11.31,4.0,1.0,0,11.31
e_wp_f2_0282__wp_f2_0284,wp_f2_0282,wp_f2_0284,2,corridor,16.0,4.0,1.0,0,16.0
e_wp_f2_0282__wp_f2_0360,wp_f2_0282,wp_f2_0360,2,corridor,16.0,4.0,1.0,0,16.0
e_wp_f2_0283__wp_f2_0321,wp_f2_0283,wp_f2_0321,2,corridor,11.31,4.0,1.0,0,11.31
e_wp_f2_0283__wp_f2_0322,wp_f2_0283,wp_f2_0322,2,corridor,8.0,4.0,1.0,0,8.0
e_wp_f2_0283__wp_f2_0323,wp_f2_0283,wp_f2_0323,2,corridor,11.32,4.0,1.0,0,11.32
e_wp_f2_0283__wp_f2_0284,wp_f2_0283,wp_f2_0284,2,corridor,8.0,4.0,1.0,0,8.0
e_wp_f2_0283__wp_f2_0285,wp_f2_0283,wp_f2_0285,2,corridor,16.0,4.0,1.0,0,16.0
e_wp_f2_0283__wp_f2_0361,wp_f2_0283,wp_f2_0361,2,corridor,16.0,4.0,1.0,0,16.0
e_wp_f2_0284__wp_f2_0322,wp_f2_0284,wp_f2_0322,2,corridor,11.32,4.0,1.0,0,11.32
e_wp_f2_0284__wp_f2_0323,wp_f2_0284,wp_f2_0323,2,corridor,8.0,4.0,1.0,0,8.0
e_wp_f2_0284__wp_f2_0324,wp_f2_0284,wp_f2_0324,2,corridor,11.31,4.0,1.0,0,11.31
e_wp_f2_0284__wp_f2_0285,wp_f2_0284,wp_f2_0285,2,corridor,8.0,4.0,1.0,0,8.0
e_wp_f2_0284__wp_f2_0286,wp_f2_0284,wp_f2_0286,2,corridor,16.0,4.0,1.0,0,16.0
e_wp_f2_0284__wp_f2_0362,wp_f2_0284,wp_f2_0362,2,corridor,16.0,4.0,1.0,0,16.0
e_wp_f2_0285__wp_f2_0323,wp_f2_0285,wp_f2_0323,2,corridor,11.31,4.0,1.0,0,11.31
e_wp_f2_0285__wp_f2_0324,wp_f2_0285,wp_f2_0324,2,corridor,8.0,4.0,1.0,0,8.0
e_wp_f2_0285__wp_f2_0286,wp_f2_0285,wp_f2_0286,2,corridor,8.0,4.0,1.0,0,8.0
e_wp_f2_0285__wp_f2_0325,wp_f2_0285,wp_f2_0325,2,corridor,11.32,4.0,1.0,0,11.32
e_wp_f2_0285__wp_f2_0363,wp_f2_0285,wp_f2_0363,2,corridor,16.0,4.0,1.0,0,16.0
e_wp_f2_0285__wp_f2_0287,wp_f2_0285,wp_f2_0287,2,corridor,16.0,4.0,1.0,0,16.0
e_wp_f2_0286__wp_f2_0324,wp_f2_0286,wp_f2_0324,2,corridor,11.32,4.0,1.0,0,11.32
e_wp_f2_0286__wp_f2_0325,wp_f2_0286,wp_f2_0325,2,corridor,8.0,4.0,1.0,0,8.0
e_wp_f2_0286__wp_f2_0364,wp_f2_0286,wp_f2_0364,2,corridor,16.0,4.0,1.0,0,16.0
e_wp_f2_0286__wp_f2_0287,wp_f2_0286,wp_f2_0287,2,corridor,8.0,4.0,1.0,0,8.0
e_wp_f2_0286__wp_f2_0326,wp_f2_0286,wp_f2_0326,2,corridor,11.31,4.0,1.0,0,11.31
e_wp_f2_0286__wp_f2_0288,wp_f2_0286,wp_f2_0288,2,corridor,16.0,4.0,1.0,0,16.0
e_wp_f2_0287__wp_f2_0325,wp_f2_0287,wp_f2_0325,2,corridor,11.31,4.0,1.0,0,11.31
e_wp_f2_0287__wp_f2_0365,wp_f2_0287,wp_f2_0365,2,corridor,15.99,4.0,1.0,0,15.99
e_wp_f2_0287__wp_f2_0289,wp_f2_0287,wp_f2_0289,2,corridor,16.0,4.0,1.0,0,16.0
e_wp_f2_0287__wp_f2_0327,wp_f2_0287,wp_f2_0327,2,corridor,11.31,4.0,1.0,0,11.31
e_wp_f2_0287__wp_f2_0326,wp_f2_0287,wp_f2_0326,2,corridor,8.0,4.0,1.0,0,8.0
e_wp_f2_0287__wp_f2_0288,wp_f2_0287,wp_f2_0288,2,corridor,8.0,4.0,1.0,0,8.0
e_wp_f2_0288__wp_f2_0289,wp_f2_0288,wp_f2_0289,2,corridor,8.0,4.0,1.0,0,8.0
e_wp_f2_0288__wp_f2_0327,wp_f2_0288,wp_f2_0327,2,corridor,7.99,4.0,1.0,0,7.99
e_wp_f2_0288__wp_f2_0326,wp_f2_0288,wp_f2_0326,2,corridor,11.32,4.0,1.0,0,11.32
e_wp_f2_0288__wp_f2_0328,wp_f2_0288,wp_f2_0328,2,corridor,11.31,4.0,1.0,0,11.31
e_wp_f2_0288__wp_f2_0366,wp_f2_0288,wp_f2_0366,2,corridor,15.99,4.0,1.0,0,15.99
e_wp_f2_0289__wp_f2_0327,wp_f2_0289,wp_f2_0327,2,corridor,11.31,4.0,1.0,0,11.31
e_wp_f2_0289__wp_f2_0328,wp_f2_0289,wp_f2_0328,2,corridor,8.0,4.0,1.0,0,8.0
e_wp_f2_0289__wp_f2_0367,wp_f2_0289,wp_f2_0367,2,corridor,16.0,4.0,1.0,0,16.0
e_wp_f2_0290__wp_f2_0372,wp_f2_0290,wp_f2_0372,2,corridor,16.0,4.0,1.0,0,16.0
e_wp_f2_0290__wp_f2_0329,wp_f2_0290,wp_f2_0329,2,corridor,8.0,4.0,1.0,0,8.0
e_wp_f2_0290__wp_f2_0330,wp_f2_0290,wp_f2_0330,2,corridor,11.32,4.0,1.0,0,11.32
e_wp_f2_0290__wp_f2_0291,wp_f2_0290,wp_f2_0291,2,corridor,8.0,4.0,1.0,0,8.0
e_wp_f2_0290__wp_f2_0292,wp_f2_0290,wp_f2_0292,2,corridor,16.0,4.0,1.0,0,16.0
e_wp_f2_0291__wp_f2_0329,wp_f2_0291,wp_f2_0329,2,corridor,11.32,4.0,1.0,0,11.32
e_wp_f2_0291__wp_f2_0373,wp_f2_0291,wp_f2_0373,2,corridor,15.99,4.0,1.0,0,15.99
e_wp_f2_0291__wp_f2_0330,wp_f2_0291,wp_f2_0330,2,corridor,8.0,4.0,1.0,0,8.0
e_wp_f2_0291__wp_f2_0331,wp_f2_0291,wp_f2_0331,2,corridor,11.31,4.0,1.0,0,11.31
e_wp_f2_0291__wp_f2_0292,wp_f2_0291,wp_f2_0292,2,corridor,8.0,4.0,1.0,0,8.0
e_wp_f2_0292__wp_f2_0330,wp_f2_0292,wp_f2_0330,2,corridor,11.31,4.0,1.0,0,11.31
e_wp_f2_0292__wp_f2_0331,wp_f2_0292,wp_f2_0331,2,corridor,7.99,4.0,1.0,0,7.99
e_wp_f2_0292__wp_f2_0374,wp_f2_0292,wp_f2_0374,2,corridor,15.99,4.0,1.0,0,15.99
e_wp_f2_0292__wp_f2_0332,wp_f2_0292,wp_f2_0332,2,corridor,11.31,4.0,1.0,0,11.31
e_wp_f2_0293__wp_f2_0295,wp_f2_0293,wp_f2_0295,2,corridor,16.0,4.0,1.0,0,16.0
e_wp_f2_0293__wp_f2_0294,wp_f2_0293,wp_f2_0294,2,corridor,8.0,4.0,1.0,0,8.0
e_wp_f2_0293__wp_f2_0332,wp_f2_0293,wp_f2_0332,2,corridor,11.31,4.0,1.0,0,11.31
e_wp_f2_0293__wp_f2_0334,wp_f2_0293,wp_f2_0334,2,corridor,11.32,4.0,1.0,0,11.32
e_wp_f2_0293__wp_f2_0333,wp_f2_0293,wp_f2_0333,2,corridor,8.0,4.0,1.0,0,8.0
e_wp_f2_0293__wp_f2_0376,wp_f2_0293,wp_f2_0376,2,corridor,16.0,4.0,1.0,0,16.0
e_wp_f2_0294__wp_f2_0295,wp_f2_0294,wp_f2_0295,2,corridor,8.0,4.0,1.0,0,8.0
e_wp_f2_0294__wp_f2_0334,wp_f2_0294,wp_f2_0334,2,corridor,8.0,4.0,1.0,0,8.0
e_wp_f2_0294__wp_f2_0333,wp_f2_0294,wp_f2_0333,2,corridor,11.32,4.0,1.0,0,11.32
e_wp_f2_0294__wp_f2_0377,wp_f2_0294,wp_f2_0377,2,corridor,16.0,4.0,1.0,0,16.0
e_wp_f2_0294__wp_f2_0335,wp_f2_0294,wp_f2_0335,2,corridor,11.31,4.0,1.0,0,11.31
e_wp_f2_0295__wp_f2_0334,wp_f2_0295,wp_f2_0334,2,corridor,11.31,4.0,1.0,0,11.31
e_wp_f2_0295__wp_f2_0335,wp_f2_0295,wp_f2_0335,2,corridor,8.0,4.0,1.0,0,8.0
e_wp_f2_0295__wp_f2_0378,wp_f2_0295,wp_f2_0378,2,corridor,16.0,4.0,1.0,0,16.0
e_wp_f2_0296__wp_f2_0337,wp_f2_0296,wp_f2_0337,2,corridor,11.31,4.0,1.0,0,11.31
e_wp_f2_0296__wp_f2_0336,wp_f2_0296,wp_f2_0336,2,corridor,8.0,4.0,1.0,0,8.0
e_wp_f2_0296__wp_f2_0379,wp_f2_0296,wp_f2_0379,2,corridor,16.0,4.0,1.0,0,16.0
e_wp_f2_0296__wp_f2_0297,wp_f2_0296,wp_f2_0297,2,corridor,8.0,4.0,1.0,0,8.0
e_wp_f2_0296__wp_f2_0298,wp_f2_0296,wp_f2_0298,2,corridor,16.0,4.0,1.0,0,16.0
e_wp_f2_0297__wp_f2_0380,wp_f2_0297,wp_f2_0380,2,corridor,15.99,4.0,1.0,0,15.99
e_wp_f2_0297__wp_f2_0337,wp_f2_0297,wp_f2_0337,2,corridor,8.0,4.0,1.0,0,8.0
e_wp_f2_0297__wp_f2_0336,wp_f2_0297,wp_f2_0336,2,corridor,11.31,4.0,1.0,0,11.31
e_wp_f2_0297__wp_f2_0298,wp_f2_0297,wp_f2_0298,2,corridor,8.0,4.0,1.0,0,8.0
e_wp_f2_0297__wp_f2_0299,wp_f2_0297,wp_f2_0299,2,corridor,16.01,4.0,1.0,0,16.01
e_wp_f2_0297__wp_f2_0338,wp_f2_0297,wp_f2_0338,2,corridor,11.31,4.0,1.0,0,11.31
e_wp_f2_0298__wp_f2_0337,wp_f2_0298,wp_f2_0337,2,corridor,11.32,4.0,1.0,0,11.32
e_wp_f2_0298__wp_f2_0299,wp_f2_0298,wp_f2_0299,2,corridor,8.0,4.0,1.0,0,8.0
e_wp_f2_0298__wp_f2_0381,wp_f2_0298,wp_f2_0381,2,corridor,15.99,4.0,1.0,0,15.99
e_wp_f2_0298__wp_f2_0338,wp_f2_0298,wp_f2_0338,2,corridor,7.99,4.0,1.0,0,7.99
e_wp_f2_0298__wp_f2_0300,wp_f2_0298,wp_f2_0300,2,corridor,16.0,4.0,1.0,0,16.0
e_wp_f2_0299__wp_f2_0338,wp_f2_0299,wp_f2_0338,2,corridor,11.32,4.0,1.0,0,11.32
e_wp_f2_0299__wp_f2_0300,wp_f2_0299,wp_f2_0300,2,corridor,8.0,4.0,1.0,0,8.0
e_wp_f2_0299__wp_f2_0301,wp_f2_0299,wp_f2_0301,2,corridor,16.0,4.0,1.0,0,16.0
e_wp_f2_0300__wp_f2_0383,wp_f2_0300,wp_f2_0383,2,corridor,16.0,4.0,1.0,0,16.0
e_wp_f2_0300__wp_f2_0339,wp_f2_0300,wp_f2_0339,2,corridor,8.0,4.0,1.0,0,8.0
e_wp_f2_0300__wp_f2_0340,wp_f2_0300,wp_f2_0340,2,corridor,11.32,4.0,1.0,0,11.32
e_wp_f2_0300__wp_f2_0301,wp_f2_0300,wp_f2_0301,2,corridor,8.0,4.0,1.0,0,8.0
e_wp_f2_0300__wp_f2_0302,wp_f2_0300,wp_f2_0302,2,corridor,16.0,4.0,1.0,0,16.0
e_wp_f2_0301__wp_f2_0339,wp_f2_0301,wp_f2_0339,2,corridor,11.32,4.0,1.0,0,11.32
e_wp_f2_0301__wp_f2_0340,wp_f2_0301,wp_f2_0340,2,corridor,8.0,4.0,1.0,0,8.0
e_wp_f2_0301__wp_f2_0302,wp_f2_0301,wp_f2_0302,2,corridor,8.0,4.0,1.0,0,8.0
e_wp_f2_0301__wp_f2_0303,wp_f2_0301,wp_f2_0303,2,corridor,16.0,4.0,1.0,0,16.0
e_wp_f2_0301__wp_f2_0341,wp_f2_0301,wp_f2_0341,2,corridor,11.31,4.0,1.0,0,11.31
e_wp_f2_0302__wp_f2_0342,wp_f2_0302,wp_f2_0342,2,corridor,11.32,4.0,1.0,0,11.32
e_wp_f2_0302__wp_f2_0340,wp_f2_0302,wp_f2_0340,2,corridor,11.31,4.0,1.0,0,11.31
e_wp_f2_0302__wp_f2_0303,wp_f2_0302,wp_f2_0303,2,corridor,8.0,4.0,1.0,0,8.0
e_wp_f2_0302__wp_f2_0341,wp_f2_0302,wp_f2_0341,2,corridor,8.0,4.0,1.0,0,8.0
e_wp_f2_0302__wp_f2_0384,wp_f2_0302,wp_f2_0384,2,corridor,16.0,4.0,1.0,0,16.0
e_wp_f2_0303__wp_f2_0342,wp_f2_0303,wp_f2_0342,2,corridor,8.0,4.0,1.0,0,8.0
e_wp_f2_0303__wp_f2_0341,wp_f2_0303,wp_f2_0341,2,corridor,11.32,4.0,1.0,0,11.32
e_wp_f2_0303__wp_f2_0343,wp_f2_0303,wp_f2_0343,2,corridor,11.31,4.0,1.0,0,11.31
e_wp_f2_0303__wp_f2_0385,wp_f2_0303,wp_f2_0385,2,corridor,16.0,4.0,1.0,0,16.0
e_wp_f2_0304__wp_f2_0305,wp_f2_0304,wp_f2_0305,2,corridor,8.0,4.0,1.0,0,8.0
e_wp_f2_0304__wp_f2_0306,wp_f2_0304,wp_f2_0306,2,corridor,16.0,4.0,1.0,0,16.0
e_wp_f2_0304__wp_f2_0344,wp_f2_0304,wp_f2_0344,2,corridor,11.32,4.0,1.0,0,11.32
e_wp_f2_0305__wp_f2_0306,wp_f2_0305,wp_f2_0306,2,corridor,8.0,4.0,1.0,0,8.0
e_wp_f2_0305__wp_f2_0307,wp_f2_0305,wp_f2_0307,2,corridor,16.0,4.0,1.0,0,16.0
e_wp_f2_0305__wp_f2_0345,wp_f2_0305,wp_f2_0345,2,corridor,11.31,4.0,1.0,0,11.31
e_wp_f2_0305__wp_f2_0344,wp_f2_0305,wp_f2_0344,2,corridor,8.0,4.0,1.0,0,8.0
e_wp_f2_0305__wp_f2_0388,wp_f2_0305,wp_f2_0388,2,corridor,15.99,4.0,1.0,0,15.99
e_wp_f2_0306__wp_f2_0308,wp_f2_0306,wp_f2_0308,2,corridor,16.0,4.0,1.0,0,16.0
e_wp_f2_0306__wp_f2_0307,wp_f2_0306,wp_f2_0307,2,corridor,8.0,4.0,1.0,0,8.0
e_wp_f2_0306__wp_f2_0345,wp_f2_0306,wp_f2_0345,2,corridor,8.0,4.0,1.0,0,8.0
e_wp_f2_0306__wp_f2_0344,wp_f2_0306,wp_f2_0344,2,corridor,11.32,4.0,1.0,0,11.32
e_wp_f2_0306__wp_f2_0346,wp_f2_0306,wp_f2_0346,2,corridor,11.32,4.0,1.0,0,11.32
e_wp_f2_0306__wp_f2_0389,wp_f2_0306,wp_f2_0389,2,corridor,16.0,4.0,1.0,0,16.0
e_wp_f2_0307__wp_f2_0308,wp_f2_0307,wp_f2_0308,2,corridor,8.0,4.0,1.0,0,8.0
e_wp_f2_0307__wp_f2_0345,wp_f2_0307,wp_f2_0345,2,corridor,11.32,4.0,1.0,0,11.32
e_wp_f2_0307__wp_f2_0309,wp_f2_0307,wp_f2_0309,2,corridor,16.0,4.0,1.0,0,16.0
e_wp_f2_0307__wp_f2_0347,wp_f2_0307,wp_f2_0347,2,corridor,11.32,4.0,1.0,0,11.32
e_wp_f2_0307__wp_f2_0346,wp_f2_0307,wp_f2_0346,2,corridor,8.0,4.0,1.0,0,8.0
e_wp_f2_0307__wp_f2_0390,wp_f2_0307,wp_f2_0390,2,corridor,16.0,4.0,1.0,0,16.0
e_wp_f2_0308__wp_f2_0309,wp_f2_0308,wp_f2_0309,2,corridor,8.0,4.0,1.0,0,8.0
e_wp_f2_0308__wp_f2_0347,wp_f2_0308,wp_f2_0347,2,corridor,8.0,4.0,1.0,0,8.0
e_wp_f2_0308__wp_f2_0346,wp_f2_0308,wp_f2_0346,2,corridor,11.31,4.0,1.0,0,11.31
e_wp_f2_0308__wp_f2_0348,wp_f2_0308,wp_f2_0348,2,corridor,11.32,4.0,1.0,0,11.32
e_wp_f2_0308__wp_f2_0391,wp_f2_0308,wp_f2_0391,2,corridor,16.0,4.0,1.0,0,16.0
e_wp_f2_0308__wp_f2_0310,wp_f2_0308,wp_f2_0310,2,corridor,16.01,4.0,1.0,0,16.01
e_wp_f2_0309__wp_f2_0347,wp_f2_0309,wp_f2_0347,2,corridor,11.31,4.0,1.0,0,11.31
e_wp_f2_0309__wp_f2_0348,wp_f2_0309,wp_f2_0348,2,corridor,8.0,4.0,1.0,0,8.0
e_wp_f2_0309__wp_f2_0392,wp_f2_0309,wp_f2_0392,2,corridor,16.0,4.0,1.0,0,16.0
e_wp_f2_0309__wp_f2_0310,wp_f2_0309,wp_f2_0310,2,corridor,8.0,4.0,1.0,0,8.0
e_wp_f2_0309__wp_f2_0311,wp_f2_0309,wp_f2_0311,2,corridor,16.0,4.0,1.0,0,16.0
e_wp_f2_0309__wp_f2_0349,wp_f2_0309,wp_f2_0349,2,corridor,11.32,4.0,1.0,0,11.32
e_wp_f2_0310__wp_f2_0348,wp_f2_0310,wp_f2_0348,2,corridor,11.32,4.0,1.0,0,11.32
e_wp_f2_0310__wp_f2_0311,wp_f2_0310,wp_f2_0311,2,corridor,8.0,4.0,1.0,0,8.0
e_wp_f2_0310__wp_f2_0312,wp_f2_0310,wp_f2_0312,2,corridor,16.0,4.0,1.0,0,16.0
e_new_world__wp_f2_0310,wp_f2_0310,new_world,2,corridor,14.75,4.0,1.0,0,14.75
e_wp_f2_0310__wp_f2_0349,wp_f2_0310,wp_f2_0349,2,corridor,8.0,4.0,1.0,0,8.0
e_wp_f2_0311__wp_f2_0312,wp_f2_0311,wp_f2_0312,2,corridor,8.0,4.0,1.0,0,8.0
e_new_world__wp_f2_0311,wp_f2_0311,new_world,2,corridor,13.69,4.0,1.0,0,13.69
e_wp_f2_0311__wp_f2_0349,wp_f2_0311,wp_f2_0349,2,corridor,11.31,4.0,1.0,0,11.31
e_wp_f2_0311__wp_f2_0351,wp_f2_0311,wp_f2_0351,2,corridor,11.31,4.0,1.0,0,11.31
e_wp_f2_0311__wp_f2_0313,wp_f2_0311,wp_f2_0313,2,corridor,16.0,4.0,1.0,0,16.0
e_new_world__wp_f2_0312,wp_f2_0312,new_world,2,corridor,16.89,4.0,1.0,0,16.89
e_wp_f2_0312__wp_f2_0395,wp_f2_0312,wp_f2_0395,2,corridor,15.99,4.0,1.0,0,15.99
e_wp_f2_0312__wp_f2_0351,wp_f2_0312,wp_f2_0351,2,corridor,7.99,4.0,1.0,0,7.99
e_wp_f2_0312__wp_f2_0314,wp_f2_0312,wp_f2_0314,2,corridor,16.0,4.0,1.0,0,16.0
e_wp_f2_0312__wp_f2_0313,wp_f2_0312,wp_f2_0313,2,corridor,8.0,4.0,1.0,0,8.0
e_wp_f2_0312__wp_f2_0352,wp_f2_0312,wp_f2_0352,2,corridor,11.31,4.0,1.0,0,11.31
e_wp_f2_0313__wp_f2_0351,wp_f2_0313,wp_f2_0351,2,corridor,11.31,4.0,1.0,0,11.31
e_wp_f2_0313__wp_f2_0314,wp_f2_0313,wp_f2_0314,2,corridor,8.01,4.0,1.0,0,8.01
e_wp_f2_0313__wp_f2_0396,wp_f2_0313,wp_f2_0396,2,corridor,16.0,4.0,1.0,0,16.0
e_wp_f2_0313__wp_f2_0353,wp_f2_0313,wp_f2_0353,2,corridor,11.32,4.0,1.0,0,11.32
e_wp_f2_0313__wp_f2_0352,wp_f2_0313,wp_f2_0352,2,corridor,8.0,4.0,1.0,0,8.0
e_wp_f2_0313__wp_f2_0315,wp_f2_0313,wp_f2_0315,2,corridor,16.0,4.0,1.0,0,16.0
e_wp_f2_0314__wp_f2_0353,wp_f2_0314,wp_f2_0353,2,corridor,8.0,4.0,1.0,0,8.0
e_wp_f2_0314__wp_f2_0397,wp_f2_0314,wp_f2_0397,2,corridor,16.0,4.0,1.0,0,16.0
e_wp_f2_0314__wp_f2_0352,wp_f2_0314,wp_f2_0352,2,corridor,11.32,4.0,1.0,0,11.32
e_wp_f2_0314__wp_f2_0354,wp_f2_0314,wp_f2_0354,2,corridor,11.31,4.0,1.0,0,11.31
e_wp_f2_0314__wp_f2_0315,wp_f2_0314,wp_f2_0315,2,corridor,8.0,4.0,1.0,0,8.0
e_wp_f2_0314__wp_f2_0316,wp_f2_0314,wp_f2_0316,2,corridor,16.0,4.0,1.0,0,16.0
e_wp_f2_0315__wp_f2_0353,wp_f2_0315,wp_f2_0353,2,corridor,11.31,4.0,1.0,0,11.31
e_wp_f2_0315__wp_f2_0398,wp_f2_0315,wp_f2_0398,2,corridor,16.0,4.0,1.0,0,16.0
e_wp_f2_0315__wp_f2_0354,wp_f2_0315,wp_f2_0354,2,corridor,8.0,4.0,1.0,0,8.0
e_wp_f2_0315__wp_f2_0316,wp_f2_0315,wp_f2_0316,2,corridor,8.01,4.0,1.0,0,8.01
e_wp_f2_0315__wp_f2_0317,wp_f2_0315,wp_f2_0317,2,corridor,16.0,4.0,1.0,0,16.0
e_wp_f2_0315__wp_f2_0355,wp_f2_0315,wp_f2_0355,2,corridor,11.32,4.0,1.0,0,11.32
e_wp_f2_0316__wp_f2_0354,wp_f2_0316,wp_f2_0354,2,corridor,11.32,4.0,1.0,0,11.32
e_wp_f2_0316__wp_f2_0317,wp_f2_0316,wp_f2_0317,2,corridor,8.0,4.0,1.0,0,8.0
e_wp_f2_0316__wp_f2_0318,wp_f2_0316,wp_f2_0318,2,corridor,16.0,4.0,1.0,0,16.0
e_wp_f2_0316__wp_f2_0355,wp_f2_0316,wp_f2_0355,2,corridor,8.0,4.0,1.0,0,8.0
e_wp_f2_0316__wp_f2_0399,wp_f2_0316,wp_f2_0399,2,corridor,16.0,4.0,1.0,0,16.0
e_wp_f2_0316__wp_f2_0356,wp_f2_0316,wp_f2_0356,2,corridor,11.31,4.0,1.0,0,11.31
e_wp_f2_0317__wp_f2_0318,wp_f2_0317,wp_f2_0318,2,corridor,8.01,4.0,1.0,0,8.01
e_wp_f2_0317__wp_f2_0319,wp_f2_0317,wp_f2_0319,2,corridor,16.0,4.0,1.0,0,16.0
e_wp_f2_0317__wp_f2_0355,wp_f2_0317,wp_f2_0355,2,corridor,11.31,4.0,1.0,0,11.31
e_wp_f2_0317__wp_f2_0357,wp_f2_0317,wp_f2_0357,2,corridor,11.32,4.0,1.0,0,11.32
e_wp_f2_0317__wp_f2_0400,wp_f2_0317,wp_f2_0400,2,corridor,16.0,4.0,1.0,0,16.0
e_wp_f2_0317__wp_f2_0356,wp_f2_0317,wp_f2_0356,2,corridor,8.0,4.0,1.0,0,8.0
e_wp_f2_0318__wp_f2_0319,wp_f2_0318,wp_f2_0319,2,corridor,8.0,4.0,1.0,0,8.0
e_wp_f2_0318__wp_f2_0320,wp_f2_0318,wp_f2_0320,2,corridor,16.0,4.0,1.0,0,16.0
e_wp_f2_0318__wp_f2_0357,wp_f2_0318,wp_f2_0357,2,corridor,8.0,4.0,1.0,0,8.0
e_wp_f2_0318__wp_f2_0356,wp_f2_0318,wp_f2_0356,2,corridor,11.32,4.0,1.0,0,11.32
e_wp_f2_0318__wp_f2_0358,wp_f2_0318,wp_f2_0358,2,corridor,11.31,4.0,1.0,0,11.31
e_wp_f2_0319__wp_f2_0320,wp_f2_0319,wp_f2_0320,2,corridor,8.0,4.0,1.0,0,8.0
e_wp_f2_0319__wp_f2_0321,wp_f2_0319,wp_f2_0321,2,corridor,16.01,4.0,1.0,0,16.01
e_wp_f2_0319__wp_f2_0357,wp_f2_0319,wp_f2_0357,2,corridor,11.31,4.0,1.0,0,11.31
e_wp_f2_0319__wp_f2_0359,wp_f2_0319,wp_f2_0359,2,corridor,11.31,4.0,1.0,0,11.31
e_wp_f2_0319__wp_f2_0358,wp_f2_0319,wp_f2_0358,2,corridor,7.99,4.0,1.0,0,7.99
e_wp_f2_0320__wp_f2_0321,wp_f2_0320,wp_f2_0321,2,corridor,8.01,4.0,1.0,0,8.01
e_wp_f2_0320__wp_f2_0322,wp_f2_0320,wp_f2_0322,2,corridor,16.0,4.0,1.0,0,16.0
e_wp_f2_0320__wp_f2_0359,wp_f2_0320,wp_f2_0359,2,corridor,8.0,4.0,1.0,0,8.0
e_wp_f2_0320__wp_f2_0358,wp_f2_0320,wp_f2_0358,2,corridor,11.31,4.0,1.0,0,11.31
e_wp_f2_0320__wp_f2_0401,wp_f2_0320,wp_f2_0401,2,corridor,16.0,4.0,1.0,0,16.0
e_wp_f2_0320__wp_f2_0360,wp_f2_0320,wp_f2_0360,2,corridor,11.32,4.0,1.0,0,11.32
e_wp_f2_0321__wp_f2_0322,wp_f2_0321,wp_f2_0322,2,corridor,8.0,4.0,1.0,0,8.0
e_wp_f2_0321__wp_f2_0323,wp_f2_0321,wp_f2_0323,2,corridor,16.0,4.0,1.0,0,16.0
e_wp_f2_0321__wp_f2_0359,wp_f2_0321,wp_f2_0359,2,corridor,11.32,4.0,1.0,0,11.32
e_wp_f2_0321__wp_f2_0402,wp_f2_0321,wp_f2_0402,2,corridor,16.0,4.0,1.0,0,16.0
e_wp_f2_0321__wp_f2_0360,wp_f2_0321,wp_f2_0360,2,corridor,8.0,4.0,1.0,0,8.0
e_wp_f2_0321__wp_f2_0361,wp_f2_0321,wp_f2_0361,2,corridor,11.31,4.0,1.0,0,11.31
e_wp_f2_0322__wp_f2_0323,wp_f2_0322,wp_f2_0323,2,corridor,8.01,4.0,1.0,0,8.01
e_wp_f2_0322__wp_f2_0324,wp_f2_0322,wp_f2_0324,2,corridor,16.0,4.0,1.0,0,16.0
e_wp_f2_0322__wp_f2_0360,wp_f2_0322,wp_f2_0360,2,corridor,11.31,4.0,1.0,0,11.31
e_wp_f2_0322__wp_f2_0403,wp_f2_0322,wp_f2_0403,2,corridor,16.0,4.0,1.0,0,16.0
e_wp_f2_0322__wp_f2_0361,wp_f2_0322,wp_f2_0361,2,corridor,8.0,4.0,1.0,0,8.0
e_wp_f2_0322__wp_f2_0362,wp_f2_0322,wp_f2_0362,2,corridor,11.32,4.0,1.0,0,11.32
e_wp_f2_0323__wp_f2_0324,wp_f2_0323,wp_f2_0324,2,corridor,8.0,4.0,1.0,0,8.0
e_wp_f2_0323__wp_f2_0325,wp_f2_0323,wp_f2_0325,2,corridor,16.0,4.0,1.0,0,16.0
e_wp_f2_0323__wp_f2_0404,wp_f2_0323,wp_f2_0404,2,corridor,16.0,4.0,1.0,0,16.0
e_wp_f2_0323__wp_f2_0361,wp_f2_0323,wp_f2_0361,2,corridor,11.32,4.0,1.0,0,11.32
e_wp_f2_0323__wp_f2_0363,wp_f2_0323,wp_f2_0363,2,corridor,11.31,4.0,1.0,0,11.31
e_wp_f2_0323__wp_f2_0362,wp_f2_0323,wp_f2_0362,2,corridor,8.0,4.0,1.0,0,8.0
e_wp_f2_0324__wp_f2_0325,wp_f2_0324,wp_f2_0325,2,corridor,8.01,4.0,1.0,0,8.01
e_wp_f2_0324__wp_f2_0364,wp_f2_0324,wp_f2_0364,2,corridor,11.32,4.0,1.0,0,11.32
e_wp_f2_0324__wp_f2_0363,wp_f2_0324,wp_f2_0363,2,corridor,8.0,4.0,1.0,0,8.0
e_wp_f2_0324__wp_f2_0362,wp_f2_0324,wp_f2_0362,2,corridor,11.31,4.0,1.0,0,11.31
e_wp_f2_0324__wp_f2_0405,wp_f2_0324,wp_f2_0405,2,corridor,16.0,4.0,1.0,0,16.0
e_wp_f2_0324__wp_f2_0326,wp_f2_0324,wp_f2_0326,2,corridor,16.0,4.0,1.0,0,16.0
e_wp_f2_0325__wp_f2_0364,wp_f2_0325,wp_f2_0364,2,corridor,8.0,4.0,1.0,0,8.0
e_wp_f2_0325__wp_f2_0363,wp_f2_0325,wp_f2_0363,2,corridor,11.32,4.0,1.0,0,11.32
e_wp_f2_0325__wp_f2_0406,wp_f2_0325,wp_f2_0406,2,corridor,15.99,4.0,1.0,0,15.99
e_wp_f2_0325__wp_f2_0365,wp_f2_0325,wp_f2_0365,2,corridor,11.31,4.0,1.0,0,11.31
e_wp_f2_0325__wp_f2_0327,wp_f2_0325,wp_f2_0327,2,corridor,16.0,4.0,1.0,0,16.0
e_wp_f2_0325__wp_f2_0326,wp_f2_0325,wp_f2_0326,2,corridor,8.0,4.0,1.0,0,8.0
e_wp_f2_0326__wp_f2_0364,wp_f2_0326,wp_f2_0364,2,corridor,11.31,4.0,1.0,0,11.31
e_wp_f2_0326__wp_f2_0365,wp_f2_0326,wp_f2_0365,2,corridor,7.99,4.0,1.0,0,7.99
e_wp_f2_0326__wp_f2_0327,wp_f2_0326,wp_f2_0327,2,corridor,8.0,4.0,1.0,0,8.0
e_wp_f2_0326__wp_f2_0328,wp_f2_0326,wp_f2_0328,2,corridor,16.0,4.0,1.0,0,16.0
e_wp_f2_0326__wp_f2_0366,wp_f2_0326,wp_f2_0366,2,corridor,11.31,4.0,1.0,0,11.31
e_wp_f2_0326__wp_f2_0407,wp_f2_0326,wp_f2_0407,2,corridor,15.99,4.0,1.0,0,15.99
e_wp_f2_0327__wp_f2_0365,wp_f2_0327,wp_f2_0365,2,corridor,11.32,4.0,1.0,0,11.32
e_wp_f2_0327__wp_f2_0328,wp_f2_0327,wp_f2_0328,2,corridor,8.0,4.0,1.0,0,8.0
e_wp_f2_0327__wp_f2_0367,wp_f2_0327,wp_f2_0367,2,corridor,11.31,4.0,1.0,0,11.31
e_wp_f2_0327__wp_f2_0366,wp_f2_0327,wp_f2_0366,2,corridor,8.0,4.0,1.0,0,8.0
e_wp_f2_0327__wp_f2_0408,wp_f2_0327,wp_f2_0408,2,corridor,16.0,4.0,1.0,0,16.0
e_wp_f2_0328__wp_f2_0367,wp_f2_0328,wp_f2_0367,2,corridor,8.0,4.0,1.0,0,8.0
e_wp_f2_0328__wp_f2_0366,wp_f2_0328,wp_f2_0366,2,corridor,11.31,4.0,1.0,0,11.31
e_wp_f2_0328__wp_f2_0368,wp_f2_0328,wp_f2_0368,2,corridor,11.32,4.0,1.0,0,11.32
e_wp_f2_0328__wp_f2_0409,wp_f2_0328,wp_f2_0409,2,corridor,16.0,4.0,1.0,0,16.0
e_wp_f2_0329__wp_f2_0414,wp_f2_0329,wp_f2_0414,2,corridor,15.99,4.0,1.0,0,15.99
e_wp_f2_0329__wp_f2_0372,wp_f2_0329,wp_f2_0372,2,corridor,8.0,4.0,1.0,0,8.0
e_wp_f2_0329__wp_f2_0373,wp_f2_0329,wp_f2_0373,2,corridor,11.31,4.0,1.0,0,11.31
e_wp_f2_0329__wp_f2_0330,wp_f2_0329,wp_f2_0330,2,corridor,8.01,4.0,1.0,0,8.01
e_wp_f2_0329__wp_f2_0331,wp_f2_0329,wp_f2_0331,2,corridor,16.0,4.0,1.0,0,16.0
e_wp_f2_0330__wp_f2_0372,wp_f2_0330,wp_f2_0372,2,corridor,11.32,4.0,1.0,0,11.32
e_wp_f2_0330__wp_f2_0415,wp_f2_0330,wp_f2_0415,2,corridor,15.99,4.0,1.0,0,15.99
e_wp_f2_0330__wp_f2_0373,wp_f2_0330,wp_f2_0373,2,corridor,7.99,4.0,1.0,0,7.99
e_wp_f2_0330__wp_f2_0331,wp_f2_0330,wp_f2_0331,2,corridor,8.0,4.0,1.0,0,8.0
e_wp_f2_0330__wp_f2_0374,wp_f2_0330,wp_f2_0374,2,corridor,11.31,4.0,1.0,0,11.31
e_wp_f2_0330__wp_f2_0332,wp_f2_0330,wp_f2_0332,2,corridor,16.0,4.0,1.0,0,16.0
e_wp_f2_0331__wp_f2_0373,wp_f2_0331,wp_f2_0373,2,corridor,11.31,4.0,1.0,0,11.31
e_wp_f2_0331__wp_f2_0416,wp_f2_0331,wp_f2_0416,2,corridor,16.0,4.0,1.0,0,16.0
e_wp_f2_0331__wp_f2_0374,wp_f2_0331,wp_f2_0374,2,corridor,8.0,4.0,1.0,0,8.0
e_wp_f2_0331__wp_f2_0332,wp_f2_0331,wp_f2_0332,2,corridor,8.01,4.0,1.0,0,8.01
e_wp_f2_0331__wp_f2_0333,wp_f2_0331,wp_f2_0333,2,corridor,16.0,4.0,1.0,0,16.0
e_wp_f2_0331__wp_f2_0375,wp_f2_0331,wp_f2_0375,2,corridor,11.32,4.0,1.0,0,11.32
e_wp_f2_0332__wp_f2_0374,wp_f2_0332,wp_f2_0374,2,corridor,11.32,4.0,1.0,0,11.32
e_wp_f2_0332__wp_f2_0417,wp_f2_0332,wp_f2_0417,2,corridor,16.0,4.0,1.0,0,16.0
e_wp_f2_0332__wp_f2_0334,wp_f2_0332,wp_f2_0334,2,corridor,16.0,4.0,1.0,0,16.0
e_wp_f2_0332__wp_f2_0333,wp_f2_0332,wp_f2_0333,2,corridor,8.0,4.0,1.0,0,8.0
e_wp_f2_0332__wp_f2_0376,wp_f2_0332,wp_f2_0376,2,corridor,11.31,4.0,1.0,0,11.31
e_wp_f2_0332__wp_f2_0375,wp_f2_0332,wp_f2_0375,2,corridor,8.0,4.0,1.0,0,8.0
e_wp_f2_0333__wp_f2_0334,wp_f2_0333,wp_f2_0334,2,corridor,8.01,4.0,1.0,0,8.01
e_wp_f2_0333__wp_f2_0376,wp_f2_0333,wp_f2_0376,2,corridor,8.0,4.0,1.0,0,8.0
e_wp_f2_0333__wp_f2_0377,wp_f2_0333,wp_f2_0377,2,corridor,11.32,4.0,1.0,0,11.32
e_wp_f2_0333__wp_f2_0375,wp_f2_0333,wp_f2_0375,2,corridor,11.31,4.0,1.0,0,11.31
e_wp_f2_0333__wp_f2_0418,wp_f2_0333,wp_f2_0418,2,corridor,16.0,4.0,1.0,0,16.0
e_wp_f2_0333__wp_f2_0335,wp_f2_0333,wp_f2_0335,2,corridor,16.0,4.0,1.0,0,16.0
e_wp_f2_0334__wp_f2_0376,wp_f2_0334,wp_f2_0376,2,corridor,11.32,4.0,1.0,0,11.32
e_wp_f2_0334__wp_f2_0377,wp_f2_0334,wp_f2_0377,2,corridor,8.0,4.0,1.0,0,8.0
e_wp_f2_0334__wp_f2_0419,wp_f2_0334,wp_f2_0419,2,corridor,16.0,4.0,1.0,0,16.0
e_wp_f2_0334__wp_f2_0335,wp_f2_0334,wp_f2_0335,2,corridor,8.0,4.0,1.0,0,8.0
e_wp_f2_0334__wp_f2_0378,wp_f2_0334,wp_f2_0378,2,corridor,11.31,4.0,1.0,0,11.31
e_wp_f2_0334__wp_f2_0336,wp_f2_0334,wp_f2_0336,2,corridor,16.0,4.0,1.0,0,16.0
e_wp_f2_0335__wp_f2_0377,wp_f2_0335,wp_f2_0377,2,corridor,11.31,4.0,1.0,0,11.31
e_wp_f2_0335__wp_f2_0420,wp_f2_0335,wp_f2_0420,2,corridor,16.0,4.0,1.0,0,16.0
e_wp_f2_0335__wp_f2_0378,wp_f2_0335,wp_f2_0378,2,corridor,8.0,4.0,1.0,0,8.0
e_wp_f2_0335__wp_f2_0337,wp_f2_0335,wp_f2_0337,2,corridor,16.0,4.0,1.0,0,16.0
e_wp_f2_0335__wp_f2_0336,wp_f2_0335,wp_f2_0336,2,corridor,8.01,4.0,1.0,0,8.01
e_wp_f2_0335__wp_f2_0379,wp_f2_0335,wp_f2_0379,2,corridor,11.32,4.0,1.0,0,11.32
e_wp_f2_0336__wp_f2_0378,wp_f2_0336,wp_f2_0378,2,corridor,11.32,4.0,1.0,0,11.32
e_wp_f2_0336__wp_f2_0421,wp_f2_0336,wp_f2_0421,2,corridor,15.99,4.0,1.0,0,15.99
e_wp_f2_0336__wp_f2_0380,wp_f2_0336,wp_f2_0380,2,corridor,11.31,4.0,1.0,0,11.31
e_wp_f2_0336__wp_f2_0337,wp_f2_0336,wp_f2_0337,2,corridor,8.0,4.0,1.0,0,8.0
e_wp_f2_0336__wp_f2_0379,wp_f2_0336,wp_f2_0379,2,corridor,8.0,4.0,1.0,0,8.0
e_wp_f2_0336__wp_f2_0338,wp_f2_0336,wp_f2_0338,2,corridor,16.0,4.0,1.0,0,16.0
e_wp_f2_0337__wp_f2_0422,wp_f2_0337,wp_f2_0422,2,corridor,15.99,4.0,1.0,0,15.99
e_wp_f2_0337__wp_f2_0380,wp_f2_0337,wp_f2_0380,2,corridor,7.99,4.0,1.0,0,7.99
e_wp_f2_0337__wp_f2_0379,wp_f2_0337,wp_f2_0379,2,corridor,11.31,4.0,1.0,0,11.31
e_wp_f2_0337__wp_f2_0381,wp_f2_0337,wp_f2_0381,2,corridor,11.31,4.0,1.0,0,11.31
e_wp_f2_0337__wp_f2_0338,wp_f2_0337,wp_f2_0338,2,corridor,8.0,4.0,1.0,0,8.0
e_wp_f2_0338__wp_f2_0380,wp_f2_0338,wp_f2_0380,2,corridor,11.32,4.0,1.0,0,11.32
e_wp_f2_0338__wp_f2_0382,wp_f2_0338,wp_f2_0382,2,corridor,11.32,4.0,1.0,0,11.32
e_wp_f2_0338__wp_f2_0381,wp_f2_0338,wp_f2_0381,2,corridor,8.0,4.0,1.0,0,8.0
e_wp_f2_0338__wp_f2_0423,wp_f2_0338,wp_f2_0423,2,corridor,16.0,4.0,1.0,0,16.0
e_wp_f2_0339__wp_f2_0383,wp_f2_0339,wp_f2_0383,2,corridor,8.0,4.0,1.0,0,8.0
e_wp_f2_0339__wp_f2_0382,wp_f2_0339,wp_f2_0382,2,corridor,11.31,4.0,1.0,0,11.31
e_wp_f2_0339__wp_f2_0425,wp_f2_0339,wp_f2_0425,2,corridor,16.0,4.0,1.0,0,16.0
e_wp_f2_0339__wp_f2_0340,wp_f2_0339,wp_f2_0340,2,corridor,8.01,4.0,1.0,0,8.01
e_wp_f2_0339__wp_f2_0341,wp_f2_0339,wp_f2_0341,2,corridor,16.0,4.0,1.0,0,16.0
e_wp_f2_0340__wp_f2_0383,wp_f2_0340,wp_f2_0383,2,corridor,11.32,4.0,1.0,0,11.32
e_wp_f2_0340__wp_f2_0342,wp_f2_0340,wp_f2_0342,2,corridor,16.0,4.0,1.0,0,16.0
e_wp_f2_0340__wp_f2_0341,wp_f2_0340,wp_f2_0341,2,corridor,8.0,4.0,1.0,0,8.0
e_wp_f2_0341__wp_f2_0342,wp_f2_0341,wp_f2_0342,2,corridor,8.01,4.0,1.0,0,8.01
e_wp_f2_0341__wp_f2_0343,wp_f2_0341,wp_f2_0343,2,corridor,16.0,4.0,1.0,0,16.0
e_wp_f2_0341__wp_f2_0384,wp_f2_0341,wp_f2_0384,2,corridor,8.0,4.0,1.0,0,8.0
e_wp_f2_0341__wp_f2_0427,wp_f2_0341,wp_f2_0427,2,corridor,16.0,4.0,1.0,0,16.0
e_wp_f2_0341__wp_f2_0385,wp_f2_0341,wp_f2_0385,2,corridor,11.32,4.0,1.0,0,11.32
e_wp_f2_0342__wp_f2_0343,wp_f2_0342,wp_f2_0343,2,corridor,8.0,4.0,1.0,0,8.0
e_wp_f2_0342__wp_f2_0384,wp_f2_0342,wp_f2_0384,2,corridor,11.32,4.0,1.0,0,11.32
e_wp_f2_0342__wp_f2_0386,wp_f2_0342,wp_f2_0386,2,corridor,11.31,4.0,1.0,0,11.31
e_wp_f2_0342__wp_f2_0428,wp_f2_0342,wp_f2_0428,2,corridor,16.0,4.0,1.0,0,16.0
e_wp_f2_0342__wp_f2_0385,wp_f2_0342,wp_f2_0385,2,corridor,8.0,4.0,1.0,0,8.0
e_wp_f2_0343__wp_f2_0386,wp_f2_0343,wp_f2_0386,2,corridor,8.0,4.0,1.0,0,8.0
e_wp_f2_0343__wp_f2_0429,wp_f2_0343,wp_f2_0429,2,corridor,15.99,4.0,1.0,0,15.99
e_wp_f2_0343__wp_f2_0387,wp_f2_0343,wp_f2_0387,2,corridor,11.31,4.0,1.0,0,11.31
e_wp_f2_0343__wp_f2_0385,wp_f2_0343,wp_f2_0385,2,corridor,11.31,4.0,1.0,0,11.31
e_wp_f2_0344__wp_f2_0345,wp_f2_0344,wp_f2_0345,2,corridor,8.0,4.0,1.0,0,8.0
e_wp_f2_0344__wp_f2_0346,wp_f2_0344,wp_f2_0346,2,corridor,16.0,4.0,1.0,0,16.0
e_wp_f2_0344__wp_f2_0388,wp_f2_0344,wp_f2_0388,2,corridor,7.99,4.0,1.0,0,7.99
e_wp_f2_0344__wp_f2_0389,wp_f2_0344,wp_f2_0389,2,corridor,11.31,4.0,1.0,0,11.31
e_wp_f2_0345__wp_f2_0347,wp_f2_0345,wp_f2_0347,2,corridor,16.01,4.0,1.0,0,16.01
e_wp_f2_0345__wp_f2_0346,wp_f2_0345,wp_f2_0346,2,corridor,8.01,4.0,1.0,0,8.01
e_wp_f2_0345__wp_f2_0388,wp_f2_0345,wp_f2_0388,2,corridor,11.31,4.0,1.0,0,11.31
e_wp_f2_0345__wp_f2_0389,wp_f2_0345,wp_f2_0389,2,corridor,8.0,4.0,1.0,0,8.0
e_wp_f2_0345__wp_f2_0390,wp_f2_0345,wp_f2_0390,2,corridor,11.32,4.0,1.0,0,11.32
e_wp_f2_0345__wp_f2_0431,wp_f2_0345,wp_f2_0431,2,corridor,16.0,4.0,1.0,0,16.0
e_wp_f2_0346__wp_f2_0347,wp_f2_0346,wp_f2_0347,2,corridor,8.01,4.0,1.0,0,8.01
e_wp_f2_0346__wp_f2_0348,wp_f2_0346,wp_f2_0348,2,corridor,16.0,4.0,1.0,0,16.0
e_wp_f2_0346__wp_f2_0389,wp_f2_0346,wp_f2_0389,2,corridor,11.32,4.0,1.0,0,11.32
e_wp_f2_0346__wp_f2_0390,wp_f2_0346,wp_f2_0390,2,corridor,8.0,4.0,1.0,0,8.0
e_wp_f2_0346__wp_f2_0391,wp_f2_0346,wp_f2_0391,2,corridor,11.32,4.0,1.0,0,11.32
e_wp_f2_0346__wp_f2_0432,wp_f2_0346,wp_f2_0432,2,corridor,16.0,4.0,1.0,0,16.0
e_wp_f2_0347__wp_f2_0348,wp_f2_0347,wp_f2_0348,2,corridor,8.0,4.0,1.0,0,8.0
e_wp_f2_0347__wp_f2_0390,wp_f2_0347,wp_f2_0390,2,corridor,11.32,4.0,1.0,0,11.32
e_wp_f2_0347__wp_f2_0391,wp_f2_0347,wp_f2_0391,2,corridor,8.0,4.0,1.0,0,8.0
e_wp_f2_0347__wp_f2_0392,wp_f2_0347,wp_f2_0392,2,corridor,11.31,4.0,1.0,0,11.31
e_wp_f2_0347__wp_f2_0433,wp_f2_0347,wp_f2_0433,2,corridor,16.0,4.0,1.0,0,16.0
e_wp_f2_0347__wp_f2_0349,wp_f2_0347,wp_f2_0349,2,corridor,16.0,4.0,1.0,0,16.0
e_wp_f2_0348__wp_f2_0391,wp_f2_0348,wp_f2_0391,2,corridor,11.31,4.0,1.0,0,11.31
e_wp_f2_0348__wp_f2_0392,wp_f2_0348,wp_f2_0392,2,corridor,8.0,4.0,1.0,0,8.0
e_wp_f2_0348__wp_f2_0434,wp_f2_0348,wp_f2_0434,2,corridor,16.0,4.0,1.0,0,16.0
e_new_world__wp_f2_0348,wp_f2_0348,new_world,2,corridor,14.95,4.0,1.0,0,14.95
e_wp_f2_0348__wp_f2_0349,wp_f2_0348,wp_f2_0349,2,corridor,8.01,4.0,1.0,0,8.01
e_wp_f2_0349__wp_f2_0392,wp_f2_0349,wp_f2_0392,2,corridor,11.32,4.0,1.0,0,11.32
e_new_world__wp_f2_0349,wp_f2_0349,new_world,2,corridor,8.07,4.0,1.0,0,8.07
e_wp_f2_0349__wp_f2_0435,wp_f2_0349,wp_f2_0435,2,corridor,15.99,4.0,1.0,0,15.99
e_wp_f2_0349__wp_f2_0351,wp_f2_0349,wp_f2_0351,2,corridor,16.0,4.0,1.0,0,16.0
e_new_world__wp_f2_0351,wp_f2_0351,new_world,2,corridor,11.53,4.0,1.0,0,11.53
e_wp_f2_0351__wp_f2_0395,wp_f2_0351,wp_f2_0395,2,corridor,8.0,4.0,1.0,0,8.0
e_wp_f2_0351__wp_f2_0437,wp_f2_0351,wp_f2_0437,2,corridor,16.0,4.0,1.0,0,16.0
e_wp_f2_0351__wp_f2_0396,wp_f2_0351,wp_f2_0396,2,corridor,11.31,4.0,1.0,0,11.31
e_wp_f2_0351__wp_f2_0353,wp_f2_0351,wp_f2_0353,2,corridor,16.0,4.0,1.0,0,16.0
e_wp_f2_0351__wp_f2_0352,wp_f2_0351,wp_f2_0352,2,corridor,8.0,4.0,1.0,0,8.0
e_wp_f2_0352__wp_f2_0395,wp_f2_0352,wp_f2_0395,2,corridor,11.31,4.0,1.0,0,11.31
e_wp_f2_0352__wp_f2_0438,wp_f2_0352,wp_f2_0438,2,corridor,16.0,4.0,1.0,0,16.0
e_wp_f2_0352__wp_f2_0396,wp_f2_0352,wp_f2_0396,2,corridor,8.0,4.0,1.0,0,8.0
e_wp_f2_0352__wp_f2_0353,wp_f2_0352,wp_f2_0353,2,corridor,8.01,4.0,1.0,0,8.01
e_wp_f2_0352__wp_f2_0397,wp_f2_0352,wp_f2_0397,2,corridor,11.32,4.0,1.0,0,11.32
e_wp_f2_0352__wp_f2_0354,wp_f2_0352,wp_f2_0354,2,corridor,16.0,4.0,1.0,0,16.0
e_wp_f2_0353__wp_f2_0396,wp_f2_0353,wp_f2_0396,2,corridor,11.32,4.0,1.0,0,11.32
e_wp_f2_0353__wp_f2_0439,wp_f2_0353,wp_f2_0439,2,corridor,16.0,4.0,1.0,0,16.0
e_wp_f2_0353__wp_f2_0397,wp_f2_0353,wp_f2_0397,2,corridor,8.0,4.0,1.0,0,8.0
e_wp_f2_0353__wp_f2_0398,wp_f2_0353,wp_f2_0398,2,corridor,11.31,4.0,1.0,0,11.31
e_wp_f2_0353__wp_f2_0354,wp_f2_0353,wp_f2_0354,2,corridor,8.0,4.0,1.0,0,8.0
e_wp_f2_0353__wp_f2_0355,wp_f2_0353,wp_f2_0355,2,corridor,16.0,4.0,1.0,0,16.0
e_wp_f2_0354__wp_f2_0397,wp_f2_0354,wp_f2_0397,2,corridor,11.31,4.0,1.0,0,11.31
e_wp_f2_0354__wp_f2_0398,wp_f2_0354,wp_f2_0398,2,corridor,8.0,4.0,1.0,0,8.0
e_wp_f2_0354__wp_f2_0355,wp_f2_0354,wp_f2_0355,2,corridor,8.01,4.0,1.0,0,8.01
e_wp_f2_0354__wp_f2_0399,wp_f2_0354,wp_f2_0399,2,corridor,11.32,4.0,1.0,0,11.32
e_wp_f2_0354__wp_f2_0356,wp_f2_0354,wp_f2_0356,2,corridor,16.0,4.0,1.0,0,16.0
e_wp_f2_0355__wp_f2_0398,wp_f2_0355,wp_f2_0398,2,corridor,11.32,4.0,1.0,0,11.32
e_wp_f2_0355__wp_f2_0399,wp_f2_0355,wp_f2_0399,2,corridor,8.0,4.0,1.0,0,8.0
e_wp_f2_0355__wp_f2_0357,wp_f2_0355,wp_f2_0357,2,corridor,16.0,4.0,1.0,0,16.0
e_wp_f2_0355__wp_f2_0400,wp_f2_0355,wp_f2_0400,2,corridor,11.31,4.0,1.0,0,11.31
e_wp_f2_0355__wp_f2_0356,wp_f2_0355,wp_f2_0356,2,corridor,8.0,4.0,1.0,0,8.0
e_wp_f2_0356__wp_f2_0399,wp_f2_0356,wp_f2_0399,2,corridor,11.31,4.0,1.0,0,11.31
e_wp_f2_0356__wp_f2_0357,wp_f2_0356,wp_f2_0357,2,corridor,8.01,4.0,1.0,0,8.01
e_wp_f2_0356__wp_f2_0400,wp_f2_0356,wp_f2_0400,2,corridor,8.0,4.0,1.0,0,8.0
e_wp_f2_0356__wp_f2_0358,wp_f2_0356,wp_f2_0358,2,corridor,16.01,4.0,1.0,0,16.01
e_wp_f2_0357__wp_f2_0400,wp_f2_0357,wp_f2_0400,2,corridor,11.32,4.0,1.0,0,11.32
e_wp_f2_0357__wp_f2_0359,wp_f2_0357,wp_f2_0359,2,corridor,16.0,4.0,1.0,0,16.0
e_wp_f2_0357__wp_f2_0358,wp_f2_0357,wp_f2_0358,2,corridor,8.0,4.0,1.0,0,8.0
e_wp_f2_0358__wp_f2_0359,wp_f2_0358,wp_f2_0359,2,corridor,8.0,4.0,1.0,0,8.0
e_wp_f2_0358__wp_f2_0401,wp_f2_0358,wp_f2_0401,2,corridor,11.31,4.0,1.0,0,11.31
e_wp_f2_0358__wp_f2_0360,wp_f2_0358,wp_f2_0360,2,corridor,16.0,4.0,1.0,0,16.0
e_wp_f2_0359__wp_f2_0401,wp_f2_0359,wp_f2_0401,2,corridor,8.0,4.0,1.0,0,8.0
e_wp_f2_0359__wp_f2_0402,wp_f2_0359,wp_f2_0402,2,corridor,11.32,4.0,1.0,0,11.32
e_wp_f2_0359__wp_f2_0360,wp_f2_0359,wp_f2_0360,2,corridor,8.01,4.0,1.0,0,8.01
e_wp_f2_0359__wp_f2_0361,wp_f2_0359,wp_f2_0361,2,corridor,16.0,4.0,1.0,0,16.0
e_wp_f2_0360__wp_f2_0401,wp_f2_0360,wp_f2_0401,2,corridor,11.32,4.0,1.0,0,11.32
e_wp_f2_0360__wp_f2_0402,wp_f2_0360,wp_f2_0402,2,corridor,8.0,4.0,1.0,0,8.0
e_wp_f2_0360__wp_f2_0403,wp_f2_0360,wp_f2_0403,2,corridor,11.31,4.0,1.0,0,11.31
e_wp_f2_0360__wp_f2_0361,wp_f2_0360,wp_f2_0361,2,corridor,8.0,4.0,1.0,0,8.0
e_wp_f2_0360__wp_f2_0362,wp_f2_0360,wp_f2_0362,2,corridor,16.0,4.0,1.0,0,16.0
e_wp_f2_0361__wp_f2_0402,wp_f2_0361,wp_f2_0402,2,corridor,11.31,4.0,1.0,0,11.31
e_wp_f2_0361__wp_f2_0403,wp_f2_0361,wp_f2_0403,2,corridor,8.0,4.0,1.0,0,8.0
e_wp_f2_0361__wp_f2_0404,wp_f2_0361,wp_f2_0404,2,corridor,11.32,4.0,1.0,0,11.32
e_wp_f2_0361__wp_f2_0363,wp_f2_0361,wp_f2_0363,2,corridor,16.0,4.0,1.0,0,16.0
e_wp_f2_0361__wp_f2_0362,wp_f2_0361,wp_f2_0362,2,corridor,8.01,4.0,1.0,0,8.01
e_wp_f2_0362__wp_f2_0403,wp_f2_0362,wp_f2_0403,2,corridor,11.32,4.0,1.0,0,11.32
e_wp_f2_0362__wp_f2_0440,wp_f2_0362,wp_f2_0440,2,corridor,16.0,4.0,1.0,0,16.0
e_wp_f2_0362__wp_f2_0404,wp_f2_0362,wp_f2_0404,2,corridor,8.0,4.0,1.0,0,8.0
e_wp_f2_0362__wp_f2_0364,wp_f2_0362,wp_f2_0364,2,corridor,16.0,4.0,1.0,0,16.0
e_wp_f2_0362__wp_f2_0363,wp_f2_0362,wp_f2_0363,2,corridor,8.0,4.0,1.0,0,8.0
e_wp_f2_0362__wp_f2_0405,wp_f2_0362,wp_f2_0405,2,corridor,11.31,4.0,1.0,0,11.31
e_wp_f2_0363__wp_f2_0404,wp_f2_0363,wp_f2_0404,2,corridor,11.31,4.0,1.0,0,11.31
e_wp_f2_0363__wp_f2_0364,wp_f2_0363,wp_f2_0364,2,corridor,8.01,4.0,1.0,0,8.01
e_wp_f2_0363__wp_f2_0406,wp_f2_0363,wp_f2_0406,2,corridor,11.31,4.0,1.0,0,11.31
e_wp_f2_0363__wp_f2_0405,wp_f2_0363,wp_f2_0405,2,corridor,8.0,4.0,1.0,0,8.0
e_wp_f2_0363__wp_f2_0441,wp_f2_0363,wp_f2_0441,2,corridor,15.99,4.0,1.0,0,15.99
e_wp_f2_0363__wp_f2_0365,wp_f2_0363,wp_f2_0365,2,corridor,16.0,4.0,1.0,0,16.0
e_wp_f2_0364__wp_f2_0406,wp_f2_0364,wp_f2_0406,2,corridor,7.99,4.0,1.0,0,7.99
e_wp_f2_0364__wp_f2_0405,wp_f2_0364,wp_f2_0405,2,corridor,11.32,4.0,1.0,0,11.32
e_wp_f2_0364__wp_f2_0442,wp_f2_0364,wp_f2_0442,2,corridor,15.99,4.0,1.0,0,15.99
e_wp_f2_0364__wp_f2_0365,wp_f2_0364,wp_f2_0365,2,corridor,8.0,4.0,1.0,0,8.0
e_wp_f2_0364__wp_f2_0366,wp_f2_0364,wp_f2_0366,2,corridor,16.0,4.0,1.0,0,16.0
e_wp_f2_0364__wp_f2_0407,wp_f2_0364,wp_f2_0407,2,corridor,11.31,4.0,1.0,0,11.31
e_wp_f2_0365__wp_f2_0406,wp_f2_0365,wp_f2_0406,2,corridor,11.31,4.0,1.0,0,11.31
e_wp_f2_0365__wp_f2_0367,wp_f2_0365,wp_f2_0367,2,corridor,16.0,4.0,1.0,0,16.0
e_wp_f2_0365__wp_f2_0366,wp_f2_0365,wp_f2_0366,2,corridor,8.01,4.0,1.0,0,8.01
e_wp_f2_0365__wp_f2_0408,wp_f2_0365,wp_f2_0408,2,corridor,11.32,4.0,1.0,0,11.32
e_wp_f2_0365__wp_f2_0407,wp_f2_0365,wp_f2_0407,2,corridor,8.0,4.0,1.0,0,8.0
e_wp_f2_0365__wp_f2_0443,wp_f2_0365,wp_f2_0443,2,corridor,16.0,4.0,1.0,0,16.0
e_wp_f2_0366__wp_f2_0367,wp_f2_0366,wp_f2_0367,2,corridor,8.0,4.0,1.0,0,8.0
e_wp_f2_0366__wp_f2_0368,wp_f2_0366,wp_f2_0368,2,corridor,16.0,4.0,1.0,0,16.0
e_wp_f2_0366__wp_f2_0444,wp_f2_0366,wp_f2_0444,2,corridor,16.0,4.0,1.0,0,16.0
e_wp_f2_0366__wp_f2_0408,wp_f2_0366,wp_f2_0408,2,corridor,8.0,4.0,1.0,0,8.0
e_wp_f2_0366__wp_f2_0409,wp_f2_0366,wp_f2_0409,2,corridor,11.31,4.0,1.0,0,11.31
e_wp_f2_0366__wp_f2_0407,wp_f2_0366,wp_f2_0407,2,corridor,11.32,4.0,1.0,0,11.32
e_wp_f2_0367__wp_f2_0368,wp_f2_0367,wp_f2_0368,2,corridor,8.01,4.0,1.0,0,8.01
e_wp_f2_0367__wp_f2_0369,wp_f2_0367,wp_f2_0369,2,corridor,16.01,4.0,1.0,0,16.01
e_wp_f2_0367__wp_f2_0410,wp_f2_0367,wp_f2_0410,2,corridor,11.32,4.0,1.0,0,11.32
e_wp_f2_0367__wp_f2_0408,wp_f2_0367,wp_f2_0408,2,corridor,11.31,4.0,1.0,0,11.31
e_wp_f2_0367__wp_f2_0445,wp_f2_0367,wp_f2_0445,2,corridor,16.0,4.0,1.0,0,16.0
e_wp_f2_0367__wp_f2_0409,wp_f2_0367,wp_f2_0409,2,corridor,8.0,4.0,1.0,0,8.0
e_wp_f2_0368__wp_f2_0369,wp_f2_0368,wp_f2_0369,2,corridor,8.01,4.0,1.0,0,8.01
e_wp_f2_0368__wp_f2_0410,wp_f2_0368,wp_f2_0410,2,corridor,8.0,4.0,1.0,0,8.0
e_wp_f2_0368__wp_f2_0446,wp_f2_0368,wp_f2_0446,2,corridor,16.0,4.0,1.0,0,16.0
e_wp_f2_0368__wp_f2_0409,wp_f2_0368,wp_f2_0409,2,corridor,11.32,4.0,1.0,0,11.32
e_wp_f2_0368__wp_f2_0411,wp_f2_0368,wp_f2_0411,2,corridor,11.32,4.0,1.0,0,11.32
e_wp_f2_0368__wp_f2_0370,wp_f2_0368,wp_f2_0370,2,corridor,16.0,4.0,1.0,0,16.0
e_wp_f2_0369__wp_f2_0410,wp_f2_0369,wp_f2_0410,2,corridor,11.32,4.0,1.0,0,11.32
e_wp_f2_0369__wp_f2_0411,wp_f2_0369,wp_f2_0411,2,corridor,8.0,4.0,1.0,0,8.0
e_wp_f2_0369__wp_f2_0412,wp_f2_0369,wp_f2_0412,2,corridor,11.31,4.0,1.0,0,11.31
e_wp_f2_0369__wp_f2_0370,wp_f2_0369,wp_f2_0370,2,corridor,8.0,4.0,1.0,0,8.0
e_wp_f2_0369__wp_f2_0371,wp_f2_0369,wp_f2_0371,2,corridor,16.0,4.0,1.0,0,16.0
e_wp_f2_0369__wp_f2_0447,wp_f2_0369,wp_f2_0447,2,corridor,16.0,4.0,1.0,0,16.0
e_wp_f2_0370__wp_f2_0411,wp_f2_0370,wp_f2_0411,2,corridor,11.31,4.0,1.0,0,11.31
e_wp_f2_0370__wp_f2_0412,wp_f2_0370,wp_f2_0412,2,corridor,8.0,4.0,1.0,0,8.0
e_wp_f2_0370__wp_f2_0413,wp_f2_0370,wp_f2_0413,2,corridor,11.31,4.0,1.0,0,11.31
e_wp_f2_0370__wp_f2_0371,wp_f2_0370,wp_f2_0371,2,corridor,8.01,4.0,1.0,0,8.01
e_wp_f2_0370__wp_f2_0372,wp_f2_0370,wp_f2_0372,2,corridor,16.0,4.0,1.0,0,16.0
e_wp_f2_0370__wp_f2_0448,wp_f2_0370,wp_f2_0448,2,corridor,16.0,4.0,1.0,0,16.0
e_wp_f2_0371__wp_f2_0414,wp_f2_0371,wp_f2_0414,2,corridor,11.31,4.0,1.0,0,11.31
e_wp_f2_0371__wp_f2_0412,wp_f2_0371,wp_f2_0412,2,corridor,11.32,4.0,1.0,0,11.32
e_wp_f2_0371__wp_f2_0413,wp_f2_0371,wp_f2_0413,2,corridor,7.99,4.0,1.0,0,7.99
e_wp_f2_0371__wp_f2_0372,wp_f2_0371,wp_f2_0372,2,corridor,8.0,4.0,1.0,0,8.0
e_wp_f2_0371__wp_f2_0373,wp_f2_0371,wp_f2_0373,2,corridor,16.0,4.0,1.0,0,16.0
e_wp_f2_0371__wp_f2_0449,wp_f2_0371,wp_f2_0449,2,corridor,15.99,4.0,1.0,0,15.99
e_wp_f2_0372__wp_f2_0414,wp_f2_0372,wp_f2_0414,2,corridor,7.99,4.0,1.0,0,7.99
e_wp_f2_0372__wp_f2_0413,wp_f2_0372,wp_f2_0413,2,corridor,11.3,4.0,1.0,0,11.3
e_wp_f2_0372__wp_f2_0415,wp_f2_0372,wp_f2_0415,2,corridor,11.31,4.0,1.0,0,11.31
e_wp_f2_0372__wp_f2_0373,wp_f2_0372,wp_f2_0373,2,corridor,8.0,4.0,1.0,0,8.0
e_wp_f2_0372__wp_f2_0374,wp_f2_0372,wp_f2_0374,2,corridor,16.0,4.0,1.0,0,16.0
e_wp_f2_0372__wp_f2_0450,wp_f2_0372,wp_f2_0450,2,corridor,15.99,4.0,1.0,0,15.99
e_wp_f2_0373__wp_f2_0414,wp_f2_0373,wp_f2_0414,2,corridor,11.32,4.0,1.0,0,11.32
e_wp_f2_0373__wp_f2_0415,wp_f2_0373,wp_f2_0415,2,corridor,8.0,4.0,1.0,0,8.0
e_wp_f2_0373__wp_f2_0416,wp_f2_0373,wp_f2_0416,2,corridor,11.31,4.0,1.0,0,11.31
e_wp_f2_0373__wp_f2_0374,wp_f2_0373,wp_f2_0374,2,corridor,8.0,4.0,1.0,0,8.0
e_wp_f2_0373__wp_f2_0451,wp_f2_0373,wp_f2_0451,2,corridor,16.0,4.0,1.0,0,16.0
e_wp_f2_0373__wp_f2_0375,wp_f2_0373,wp_f2_0375,2,corridor,16.0,4.0,1.0,0,16.0
e_wp_f2_0374__wp_f2_0415,wp_f2_0374,wp_f2_0415,2,corridor,11.31,4.0,1.0,0,11.31
e_wp_f2_0374__wp_f2_0416,wp_f2_0374,wp_f2_0416,2,corridor,8.0,4.0,1.0,0,8.0
e_wp_f2_0374__wp_f2_0417,wp_f2_0374,wp_f2_0417,2,corridor,11.32,4.0,1.0,0,11.32
e_wp_f2_0374__wp_f2_0452,wp_f2_0374,wp_f2_0452,2,corridor,16.0,4.0,1.0,0,16.0
e_wp_f2_0374__wp_f2_0376,wp_f2_0374,wp_f2_0376,2,corridor,16.0,4.0,1.0,0,16.0
e_wp_f2_0374__wp_f2_0375,wp_f2_0374,wp_f2_0375,2,corridor,8.01,4.0,1.0,0,8.01
e_wp_f2_0375__wp_f2_0416,wp_f2_0375,wp_f2_0416,2,corridor,11.32,4.0,1.0,0,11.32
e_wp_f2_0375__wp_f2_0417,wp_f2_0375,wp_f2_0417,2,corridor,8.0,4.0,1.0,0,8.0
e_wp_f2_0375__wp_f2_0453,wp_f2_0375,wp_f2_0453,2,corridor,16.0,4.0,1.0,0,16.0
e_wp_f2_0375__wp_f2_0376,wp_f2_0375,wp_f2_0376,2,corridor,8.0,4.0,1.0,0,8.0
e_wp_f2_0375__wp_f2_0377,wp_f2_0375,wp_f2_0377,2,corridor,16.0,4.0,1.0,0,16.0
e_wp_f2_0375__wp_f2_0418,wp_f2_0375,wp_f2_0418,2,corridor,11.31,4.0,1.0,0,11.31
e_wp_f2_0376__wp_f2_0417,wp_f2_0376,wp_f2_0417,2,corridor,11.31,4.0,1.0,0,11.31
e_wp_f2_0376__wp_f2_0377,wp_f2_0376,wp_f2_0377,2,corridor,8.01,4.0,1.0,0,8.01
e_wp_f2_0376__wp_f2_0454,wp_f2_0376,wp_f2_0454,2,corridor,16.0,4.0,1.0,0,16.0
e_wp_f2_0376__wp_f2_0419,wp_f2_0376,wp_f2_0419,2,corridor,11.32,4.0,1.0,0,11.32
e_wp_f2_0376__wp_f2_0418,wp_f2_0376,wp_f2_0418,2,corridor,8.0,4.0,1.0,0,8.0
e_wp_f2_0376__wp_f2_0378,wp_f2_0376,wp_f2_0378,2,corridor,16.0,4.0,1.0,0,16.0
e_wp_f2_0377__wp_f2_0455,wp_f2_0377,wp_f2_0455,2,corridor,16.0,4.0,1.0,0,16.0
e_wp_f2_0377__wp_f2_0419,wp_f2_0377,wp_f2_0419,2,corridor,8.0,4.0,1.0,0,8.0
e_wp_f2_0377__wp_f2_0418,wp_f2_0377,wp_f2_0418,2,corridor,11.32,4.0,1.0,0,11.32
e_wp_f2_0377__wp_f2_0420,wp_f2_0377,wp_f2_0420,2,corridor,11.31,4.0,1.0,0,11.31
e_wp_f2_0377__wp_f2_0378,wp_f2_0377,wp_f2_0378,2,corridor,8.0,4.0,1.0,0,8.0
e_wp_f2_0377__wp_f2_0379,wp_f2_0377,wp_f2_0379,2,corridor,16.0,4.0,1.0,0,16.0
e_wp_f2_0378__wp_f2_0419,wp_f2_0378,wp_f2_0419,2,corridor,11.31,4.0,1.0,0,11.31
e_wp_f2_0378__wp_f2_0456,wp_f2_0378,wp_f2_0456,2,corridor,15.99,4.0,1.0,0,15.99
e_wp_f2_0378__wp_f2_0420,wp_f2_0378,wp_f2_0420,2,corridor,8.0,4.0,1.0,0,8.0
e_wp_f2_0378__wp_f2_0421,wp_f2_0378,wp_f2_0421,2,corridor,11.31,4.0,1.0,0,11.31
e_wp_f2_0378__wp_f2_0380,wp_f2_0378,wp_f2_0380,2,corridor,16.0,4.0,1.0,0,16.0
e_wp_f2_0378__wp_f2_0379,wp_f2_0378,wp_f2_0379,2,corridor,8.01,4.0,1.0,0,8.01
e_wp_f2_0379__wp_f2_0420,wp_f2_0379,wp_f2_0420,2,corridor,11.32,4.0,1.0,0,11.32
e_wp_f2_0379__wp_f2_0422,wp_f2_0379,wp_f2_0422,2,corridor,11.31,4.0,1.0,0,11.31
e_wp_f2_0379__wp_f2_0421,wp_f2_0379,wp_f2_0421,2,corridor,7.99,4.0,1.0,0,7.99
e_wp_f2_0379__wp_f2_0380,wp_f2_0379,wp_f2_0380,2,corridor,8.0,4.0,1.0,0,8.0
e_wp_f2_0379__wp_f2_0381,wp_f2_0379,wp_f2_0381,2,corridor,16.0,4.0,1.0,0,16.0
e_wp_f2_0379__wp_f2_0457,wp_f2_0379,wp_f2_0457,2,corridor,15.99,4.0,1.0,0,15.99
e_wp_f2_0380__wp_f2_0422,wp_f2_0380,wp_f2_0422,2,corridor,8.0,4.0,1.0,0,8.0
e_wp_f2_0380__wp_f2_0421,wp_f2_0380,wp_f2_0421,2,corridor,11.31,4.0,1.0,0,11.31
e_wp_f2_0380__wp_f2_0382,wp_f2_0380,wp_f2_0382,2,corridor,16.01,4.0,1.0,0,16.01
e_wp_f2_0380__wp_f2_0381,wp_f2_0380,wp_f2_0381,2,corridor,8.01,4.0,1.0,0,8.01
e_wp_f2_0380__wp_f2_0423,wp_f2_0380,wp_f2_0423,2,corridor,11.32,4.0,1.0,0,11.32
e_wp_f2_0380__wp_f2_0458,wp_f2_0380,wp_f2_0458,2,corridor,16.0,4.0,1.0,0,16.0
e_wp_f2_0381__wp_f2_0422,wp_f2_0381,wp_f2_0422,2,corridor,11.32,4.0,1.0,0,11.32
e_wp_f2_0381__wp_f2_0383,wp_f2_0381,wp_f2_0383,2,corridor,16.0,4.0,1.0,0,16.0
e_wp_f2_0381__wp_f2_0424,wp_f2_0381,wp_f2_0424,2,corridor,11.32,4.0,1.0,0,11.32
e_wp_f2_0381__wp_f2_0382,wp_f2_0381,wp_f2_0382,2,corridor,8.01,4.0,1.0,0,8.01
e_wp_f2_0381__wp_f2_0423,wp_f2_0381,wp_f2_0423,2,corridor,8.0,4.0,1.0,0,8.0
e_wp_f2_0381__wp_f2_0459,wp_f2_0381,wp_f2_0459,2,corridor,16.0,4.0,1.0,0,16.0
e_wp_f2_0382__wp_f2_0383,wp_f2_0382,wp_f2_0383,2,corridor,8.0,4.0,1.0,0,8.0
e_wp_f2_0382__wp_f2_0424,wp_f2_0382,wp_f2_0424,2,corridor,8.0,4.0,1.0,0,8.0
e_wp_f2_0382__wp_f2_0425,wp_f2_0382,wp_f2_0425,2,corridor,11.31,4.0,1.0,0,11.31
e_wp_f2_0382__wp_f2_0423,wp_f2_0382,wp_f2_0423,2,corridor,11.32,4.0,1.0,0,11.32
e_wp_f2_0382__wp_f2_0460,wp_f2_0382,wp_f2_0460,2,corridor,16.0,4.0,1.0,0,16.0
e_wp_f2_0383__wp_f2_0424,wp_f2_0383,wp_f2_0424,2,corridor,11.31,4.0,1.0,0,11.31
e_wp_f2_0383__wp_f2_0425,wp_f2_0383,wp_f2_0425,2,corridor,8.0,4.0,1.0,0,8.0
e_wp_f2_0383__wp_f2_0426,wp_f2_0383,wp_f2_0426,2,corridor,11.32,4.0,1.0,0,11.32
e_wp_f2_0383__wp_f2_0461,wp_f2_0383,wp_f2_0461,2,corridor,16.0,4.0,1.0,0,16.0
e_wp_f2_0384__wp_f2_0386,wp_f2_0384,wp_f2_0386,2,corridor,16.0,4.0,1.0,0,16.0
e_wp_f2_0384__wp_f2_0427,wp_f2_0384,wp_f2_0427,2,corridor,8.0,4.0,1.0,0,8.0
e_wp_f2_0384__wp_f2_0428,wp_f2_0384,wp_f2_0428,2,corridor,11.32,4.0,1.0,0,11.32
e_wp_f2_0384__wp_f2_0385,wp_f2_0384,wp_f2_0385,2,corridor,8.01,4.0,1.0,0,8.01
e_wp_f2_0384__wp_f2_0426,wp_f2_0384,wp_f2_0426,2,corridor,11.31,4.0,1.0,0,11.31
e_wp_f2_0384__wp_f2_0463,wp_f2_0384,wp_f2_0463,2,corridor,16.0,4.0,1.0,0,16.0
e_wp_f2_0385__wp_f2_0386,wp_f2_0385,wp_f2_0386,2,corridor,8.0,4.0,1.0,0,8.0
e_wp_f2_0385__wp_f2_0429,wp_f2_0385,wp_f2_0429,2,corridor,11.31,4.0,1.0,0,11.31
e_wp_f2_0385__wp_f2_0427,wp_f2_0385,wp_f2_0427,2,corridor,11.32,4.0,1.0,0,11.32
e_wp_f2_0385__wp_f2_0387,wp_f2_0385,wp_f2_0387,2,corridor,16.0,4.0,1.0,0,16.0
e_wp_f2_0385__wp_f2_0428,wp_f2_0385,wp_f2_0428,2,corridor,8.0,4.0,1.0,0,8.0
e_wp_f2_0385__wp_f2_0464,wp_f2_0385,wp_f2_0464,2,corridor,15.99,4.0,1.0,0,15.99
e_wp_f2_0386__wp_f2_0429,wp_f2_0386,wp_f2_0429,2,corridor,7.99,4.0,1.0,0,7.99
e_wp_f2_0386__wp_f2_0387,wp_f2_0386,wp_f2_0387,2,corridor,8.0,4.0,1.0,0,8.0
e_wp_f2_0386__wp_f2_0428,wp_f2_0386,wp_f2_0428,2,corridor,11.31,4.0,1.0,0,11.31
e_wp_f2_0386__wp_f2_0430,wp_f2_0386,wp_f2_0430,2,corridor,11.31,4.0,1.0,0,11.31
e_wp_f2_0386__wp_f2_0465,wp_f2_0386,wp_f2_0465,2,corridor,15.99,4.0,1.0,0,15.99
e_wp_f2_0387__wp_f2_0429,wp_f2_0387,wp_f2_0429,2,corridor,11.32,4.0,1.0,0,11.32
e_wp_f2_0387__wp_f2_0430,wp_f2_0387,wp_f2_0430,2,corridor,8.0,4.0,1.0,0,8.0
e_wp_f2_0387__wp_f2_0466,wp_f2_0387,wp_f2_0466,2,corridor,16.0,4.0,1.0,0,16.0
e_wp_f2_0388__wp_f2_0389,wp_f2_0388,wp_f2_0389,2,corridor,8.0,4.0,1.0,0,8.0
e_wp_f2_0388__wp_f2_0390,wp_f2_0388,wp_f2_0390,2,corridor,16.0,4.0,1.0,0,16.0
e_wp_f2_0388__wp_f2_0431,wp_f2_0388,wp_f2_0431,2,corridor,11.32,4.0,1.0,0,11.32
e_wp_f2_0389__wp_f2_0390,wp_f2_0389,wp_f2_0390,2,corridor,8.01,4.0,1.0,0,8.01
e_wp_f2_0389__wp_f2_0391,wp_f2_0389,wp_f2_0391,2,corridor,16.01,4.0,1.0,0,16.01
e_wp_f2_0389__wp_f2_0467,wp_f2_0389,wp_f2_0467,2,corridor,16.0,4.0,1.0,0,16.0
e_wp_f2_0389__wp_f2_0431,wp_f2_0389,wp_f2_0431,2,corridor,8.0,4.0,1.0,0,8.0
e_wp_f2_0389__wp_f2_0432,wp_f2_0389,wp_f2_0432,2,corridor,11.32,4.0,1.0,0,11.32
e_wp_f2_0390__wp_f2_0391,wp_f2_0390,wp_f2_0391,2,corridor,8.01,4.0,1.0,0,8.01
e_wp_f2_0390__wp_f2_0431,wp_f2_0390,wp_f2_0431,2,corridor,11.31,4.0,1.0,0,11.31
e_wp_f2_0390__wp_f2_0392,wp_f2_0390,wp_f2_0392,2,corridor,16.0,4.0,1.0,0,16.0
e_wp_f2_0390__wp_f2_0432,wp_f2_0390,wp_f2_0432,2,corridor,8.0,4.0,1.0,0,8.0
e_wp_f2_0390__wp_f2_0433,wp_f2_0390,wp_f2_0433,2,corridor,11.32,4.0,1.0,0,11.32
e_wp_f2_0391__wp_f2_0392,wp_f2_0391,wp_f2_0392,2,corridor,8.0,4.0,1.0,0,8.0
e_wp_f2_0391__wp_f2_0432,wp_f2_0391,wp_f2_0432,2,corridor,11.32,4.0,1.0,0,11.32
e_wp_f2_0391__wp_f2_0434,wp_f2_0391,wp_f2_0434,2,corridor,11.31,4.0,1.0,0,11.31
e_wp_f2_0391__wp_f2_0433,wp_f2_0391,wp_f2_0433,2,corridor,8.0,4.0,1.0,0,8.0
e_wp_f2_0392__wp_f2_0434,wp_f2_0392,wp_f2_0434,2,corridor,8.0,4.0,1.0,0,8.0
e_wp_f2_0392__wp_f2_0433,wp_f2_0392,wp_f2_0433,2,corridor,11.31,4.0,1.0,0,11.31
e_new_world__wp_f2_0392,wp_f2_0392,new_world,2,corridor,14.11,4.0,1.0,0,14.11
e_wp_f2_0392__wp_f2_0435,wp_f2_0392,wp_f2_0435,2,corridor,11.31,4.0,1.0,0,11.31
e_new_world__wp_f2_0395,wp_f2_0395,new_world,2,corridor,10.41,4.0,1.0,0,10.41
e_wp_f2_0395__wp_f2_0436,wp_f2_0395,wp_f2_0436,2,corridor,11.32,4.0,1.0,0,11.32
e_wp_f2_0395__wp_f2_0437,wp_f2_0395,wp_f2_0437,2,corridor,8.0,4.0,1.0,0,8.0
e_wp_f2_0395__wp_f2_0438,wp_f2_0395,wp_f2_0438,2,corridor,11.31,4.0,1.0,0,11.31
e_wp_f2_0395__wp_f2_0396,wp_f2_0395,wp_f2_0396,2,corridor,8.0,4.0,1.0,0,8.0
e_wp_f2_0395__wp_f2_0397,wp_f2_0395,wp_f2_0397,2,corridor,16.0,4.0,1.0,0,16.0
e_wp_f2_0396__wp_f2_0437,wp_f2_0396,wp_f2_0437,2,corridor,11.31,4.0,1.0,0,11.31
e_wp_f2_0396__wp_f2_0438,wp_f2_0396,wp_f2_0438,2,corridor,8.0,4.0,1.0,0,8.0
e_wp_f2_0396__wp_f2_0439,wp_f2_0396,wp_f2_0439,2,corridor,11.32,4.0,1.0,0,11.32
e_wp_f2_0396__wp_f2_0397,wp_f2_0396,wp_f2_0397,2,corridor,8.01,4.0,1.0,0,8.01
e_wp_f2_0396__wp_f2_0398,wp_f2_0396,wp_f2_0398,2,corridor,16.0,4.0,1.0,0,16.0
e_wp_f2_0397__wp_f2_0438,wp_f2_0397,wp_f2_0438,2,corridor,11.32,4.0,1.0,0,11.32
e_wp_f2_0397__wp_f2_0439,wp_f2_0397,wp_f2_0439,2,corridor,8.0,4.0,1.0,0,8.0
e_wp_f2_0397__wp_f2_0398,wp_f2_0397,wp_f2_0398,2,corridor,8.0,4.0,1.0,0,8.0
e_wp_f2_0397__wp_f2_0399,wp_f2_0397,wp_f2_0399,2,corridor,16.0,4.0,1.0,0,16.0
e_wp_f2_0398__wp_f2_0439,wp_f2_0398,wp_f2_0439,2,corridor,11.31,4.0,1.0,0,11.31
e_wp_f2_0398__wp_f2_0399,wp_f2_0398,wp_f2_0399,2,corridor,8.01,4.0,1.0,0,8.01
e_wp_f2_0398__wp_f2_0400,wp_f2_0398,wp_f2_0400,2,corridor,16.0,4.0,1.0,0,16.0
e_wp_f2_0399__wp_f2_0400,wp_f2_0399,wp_f2_0400,2,corridor,8.0,4.0,1.0,0,8.0
e_wp_f2_0401__wp_f2_0402,wp_f2_0401,wp_f2_0402,2,corridor,8.01,4.0,1.0,0,8.01
e_wp_f2_0401__wp_f2_0403,wp_f2_0401,wp_f2_0403,2,corridor,16.0,4.0,1.0,0,16.0
e_wp_f2_0402__wp_f2_0403,wp_f2_0402,wp_f2_0403,2,corridor,8.0,4.0,1.0,0,8.0
e_wp_f2_0402__wp_f2_0404,wp_f2_0402,wp_f2_0404,2,corridor,16.0,4.0,1.0,0,16.0
e_wp_f2_0403__wp_f2_0404,wp_f2_0403,wp_f2_0404,2,corridor,8.01,4.0,1.0,0,8.01
e_wp_f2_0403__wp_f2_0405,wp_f2_0403,wp_f2_0405,2,corridor,16.0,4.0,1.0,0,16.0
e_wp_f2_0404__wp_f2_0440,wp_f2_0404,wp_f2_0440,2,corridor,8.0,4.0,1.0,0,8.0
e_wp_f2_0404__wp_f2_0406,wp_f2_0404,wp_f2_0406,2,corridor,16.0,4.0,1.0,0,16.0
e_wp_f2_0404__wp_f2_0405,wp_f2_0404,wp_f2_0405,2,corridor,8.0,4.0,1.0,0,8.0
e_wp_f2_0404__wp_f2_0472,wp_f2_0404,wp_f2_0472,2,corridor,15.99,4.0,1.0,0,15.99
e_wp_f2_0404__wp_f2_0441,wp_f2_0404,wp_f2_0441,2,corridor,11.31,4.0,1.0,0,11.31
e_wp_f2_0405__wp_f2_0440,wp_f2_0405,wp_f2_0440,2,corridor,11.31,4.0,1.0,0,11.31
e_wp_f2_0405__wp_f2_0406,wp_f2_0405,wp_f2_0406,2,corridor,8.0,4.0,1.0,0,8.0
e_wp_f2_0405__wp_f2_0442,wp_f2_0405,wp_f2_0442,2,corridor,11.31,4.0,1.0,0,11.31
e_wp_f2_0405__wp_f2_0473,wp_f2_0405,wp_f2_0473,2,corridor,15.99,4.0,1.0,0,15.99
e_wp_f2_0405__wp_f2_0441,wp_f2_0405,wp_f2_0441,2,corridor,7.99,4.0,1.0,0,7.99
e_wp_f2_0405__wp_f2_0407,wp_f2_0405,wp_f2_0407,2,corridor,16.0,4.0,1.0,0,16.0
e_wp_f2_0406__wp_f2_0442,wp_f2_0406,wp_f2_0442,2,corridor,8.0,4.0,1.0,0,8.0
e_wp_f2_0406__wp_f2_0474,wp_f2_0406,wp_f2_0474,2,corridor,16.0,4.0,1.0,0,16.0
e_wp_f2_0406__wp_f2_0441,wp_f2_0406,wp_f2_0441,2,corridor,11.32,4.0,1.0,0,11.32
e_wp_f2_0406__wp_f2_0408,wp_f2_0406,wp_f2_0408,2,corridor,16.0,4.0,1.0,0,16.0
e_wp_f2_0406__wp_f2_0407,wp_f2_0406,wp_f2_0407,2,corridor,8.0,4.0,1.0,0,8.0
e_wp_f2_0406__wp_f2_0443,wp_f2_0406,wp_f2_0443,2,corridor,11.31,4.0,1.0,0,11.31
e_wp_f2_0407__wp_f2_0442,wp_f2_0407,wp_f2_0442,2,corridor,11.31,4.0,1.0,0,11.31
e_wp_f2_0407__wp_f2_0444,wp_f2_0407,wp_f2_0444,2,corridor,11.32,4.0,1.0,0,11.32
e_wp_f2_0407__wp_f2_0408,wp_f2_0407,wp_f2_0408,2,corridor,8.01,4.0,1.0,0,8.01
e_wp_f2_0407__wp_f2_0409,wp_f2_0407,wp_f2_0409,2,corridor,16.0,4.0,1.0,0,16.0
e_wp_f2_0407__wp_f2_0443,wp_f2_0407,wp_f2_0443,2,corridor,8.0,4.0,1.0,0,8.0
e_wp_f2_0407__wp_f2_0475,wp_f2_0407,wp_f2_0475,2,corridor,16.0,4.0,1.0,0,16.0
e_wp_f2_0408__wp_f2_0444,wp_f2_0408,wp_f2_0444,2,corridor,8.0,4.0,1.0,0,8.0
e_wp_f2_0408__wp_f2_0410,wp_f2_0408,wp_f2_0410,2,corridor,16.0,4.0,1.0,0,16.0
e_wp_f2_0408__wp_f2_0445,wp_f2_0408,wp_f2_0445,2,corridor,11.31,4.0,1.0,0,11.31
e_wp_f2_0408__wp_f2_0409,wp_f2_0408,wp_f2_0409,2,corridor,8.0,4.0,1.0,0,8.0
e_wp_f2_0408__wp_f2_0443,wp_f2_0408,wp_f2_0443,2,corridor,11.32,4.0,1.0,0,11.32
e_wp_f2_0409__wp_f2_0444,wp_f2_0409,wp_f2_0444,2,corridor,11.31,4.0,1.0,0,11.31
e_wp_f2_0409__wp_f2_0410,wp_f2_0409,wp_f2_0410,2,corridor,8.01,4.0,1.0,0,8.01
e_wp_f2_0409__wp_f2_0446,wp_f2_0409,wp_f2_0446,2,corridor,11.32,4.0,1.0,0,11.32
e_wp_f2_0409__wp_f2_0445,wp_f2_0409,wp_f2_0445,2,corridor,8.0,4.0,1.0,0,8.0
e_wp_f2_0409__wp_f2_0411,wp_f2_0409,wp_f2_0411,2,corridor,16.01,4.0,1.0,0,16.01
e_wp_f2_0410__wp_f2_0446,wp_f2_0410,wp_f2_0446,2,corridor,8.0,4.0,1.0,0,8.0
e_wp_f2_0410__wp_f2_0445,wp_f2_0410,wp_f2_0445,2,corridor,11.32,4.0,1.0,0,11.32
e_wp_f2_0410__wp_f2_0411,wp_f2_0410,wp_f2_0411,2,corridor,8.01,4.0,1.0,0,8.01
e_wp_f2_0410__wp_f2_0412,wp_f2_0410,wp_f2_0412,2,corridor,16.0,4.0,1.0,0,16.0
e_wp_f2_0410__wp_f2_0478,wp_f2_0410,wp_f2_0478,2,corridor,16.0,4.0,1.0,0,16.0
e_wp_f2_0410__wp_f2_0447,wp_f2_0410,wp_f2_0447,2,corridor,11.32,4.0,1.0,0,11.32
e_wp_f2_0411__wp_f2_0446,wp_f2_0411,wp_f2_0446,2,corridor,11.32,4.0,1.0,0,11.32
e_wp_f2_0411__wp_f2_0412,wp_f2_0411,wp_f2_0412,2,corridor,8.0,4.0,1.0,0,8.0
e_wp_f2_0411__wp_f2_0413,wp_f2_0411,wp_f2_0413,2,corridor,16.0,4.0,1.0,0,16.0
e_wp_f2_0411__wp_f2_0479,wp_f2_0411,wp_f2_0479,2,corridor,16.0,4.0,1.0,0,16.0
e_wp_f2_0411__wp_f2_0448,wp_f2_0411,wp_f2_0448,2,corridor,11.31,4.0,1.0,0,11.31
e_wp_f2_0411__wp_f2_0447,wp_f2_0411,wp_f2_0447,2,corridor,8.0,4.0,1.0,0,8.0
e_wp_f2_0412__wp_f2_0414,wp_f2_0412,wp_f2_0414,2,corridor,16.0,4.0,1.0,0,16.0
e_wp_f2_0412__wp_f2_0413,wp_f2_0412,wp_f2_0413,2,corridor,8.0,4.0,1.0,0,8.0
e_wp_f2_0412__wp_f2_0480,wp_f2_0412,wp_f2_0480,2,corridor,15.99,4.0,1.0,0,15.99
e_wp_f2_0412__wp_f2_0448,wp_f2_0412,wp_f2_0448,2,corridor,8.0,4.0,1.0,0,8.0
e_wp_f2_0412__wp_f2_0447,wp_f2_0412,wp_f2_0447,2,corridor,11.31,4.0,1.0,0,11.31
e_wp_f2_0412__wp_f2_0449,wp_f2_0412,wp_f2_0449,2,corridor,11.31,4.0,1.0,0,11.31
e_wp_f2_0413__wp_f2_0414,wp_f2_0413,wp_f2_0414,2,corridor,8.0,4.0,1.0,0,8.0
e_wp_f2_0413__wp_f2_0415,wp_f2_0413,wp_f2_0415,2,corridor,16.0,4.0,1.0,0,16.0
e_wp_f2_0413__wp_f2_0448,wp_f2_0413,wp_f2_0448,2,corridor,11.33,4.0,1.0,0,11.33
e_wp_f2_0413__wp_f2_0481,wp_f2_0413,wp_f2_0481,2,corridor,16.0,4.0,1.0,0,16.0
e_wp_f2_0413__wp_f2_0449,wp_f2_0413,wp_f2_0449,2,corridor,8.0,4.0,1.0,0,8.0
e_wp_f2_0413__wp_f2_0450,wp_f2_0413,wp_f2_0450,2,corridor,11.31,4.0,1.0,0,11.31
e_wp_f2_0414__wp_f2_0415,wp_f2_0414,wp_f2_0415,2,corridor,8.01,4.0,1.0,0,8.01
e_wp_f2_0414__wp_f2_0416,wp_f2_0414,wp_f2_0416,2,corridor,16.0,4.0,1.0,0,16.0
e_wp_f2_0414__wp_f2_0449,wp_f2_0414,wp_f2_0449,2,corridor,11.31,4.0,1.0,0,11.31
e_wp_f2_0414__wp_f2_0450,wp_f2_0414,wp_f2_0450,2,corridor,8.0,4.0,1.0,0,8.0
e_wp_f2_0414__wp_f2_0482,wp_f2_0414,wp_f2_0482,2,corridor,16.0,4.0,1.0,0,16.0
e_wp_f2_0414__wp_f2_0451,wp_f2_0414,wp_f2_0451,2,corridor,11.32,4.0,1.0,0,11.32
e_wp_f2_0415__wp_f2_0416,wp_f2_0415,wp_f2_0416,2,corridor,8.0,4.0,1.0,0,8.0
e_wp_f2_0415__wp_f2_0417,wp_f2_0415,wp_f2_0417,2,corridor,16.0,4.0,1.0,0,16.0
e_wp_f2_0415__wp_f2_0450,wp_f2_0415,wp_f2_0450,2,corridor,11.32,4.0,1.0,0,11.32
e_wp_f2_0415__wp_f2_0451,wp_f2_0415,wp_f2_0451,2,corridor,8.0,4.0,1.0,0,8.0
e_wp_f2_0415__wp_f2_0452,wp_f2_0415,wp_f2_0452,2,corridor,11.31,4.0,1.0,0,11.31
e_wp_f2_0415__wp_f2_0483,wp_f2_0415,wp_f2_0483,2,corridor,16.0,4.0,1.0,0,16.0
e_wp_f2_0416__wp_f2_0417,wp_f2_0416,wp_f2_0417,2,corridor,8.01,4.0,1.0,0,8.01
e_wp_f2_0416__wp_f2_0451,wp_f2_0416,wp_f2_0451,2,corridor,11.31,4.0,1.0,0,11.31
e_wp_f2_0416__wp_f2_0453,wp_f2_0416,wp_f2_0453,2,corridor,11.32,4.0,1.0,0,11.32
e_wp_f2_0416__wp_f2_0452,wp_f2_0416,wp_f2_0452,2,corridor,8.0,4.0,1.0,0,8.0
e_wp_f2_0416__wp_f2_0484,wp_f2_0416,wp_f2_0484,2,corridor,16.0,4.0,1.0,0,16.0
e_wp_f2_0416__wp_f2_0418,wp_f2_0416,wp_f2_0418,2,corridor,16.0,4.0,1.0,0,16.0
e_wp_f2_0417__wp_f2_0453,wp_f2_0417,wp_f2_0453,2,corridor,8.0,4.0,1.0,0,8.0
e_wp_f2_0417__wp_f2_0452,wp_f2_0417,wp_f2_0452,2,corridor,11.32,4.0,1.0,0,11.32
e_wp_f2_0417__wp_f2_0485,wp_f2_0417,wp_f2_0485,2,corridor,16.0,4.0,1.0,0,16.0
e_wp_f2_0417__wp_f2_0454,wp_f2_0417,wp_f2_0454,2,corridor,11.31,4.0,1.0,0,11.31
e_wp_f2_0417__wp_f2_0419,wp_f2_0417,wp_f2_0419,2,corridor,16.0,4.0,1.0,0,16.0
e_wp_f2_0417__wp_f2_0418,wp_f2_0417,wp_f2_0418,2,corridor,8.0,4.0,1.0,0,8.0
e_wp_f2_0418__wp_f2_0453,wp_f2_0418,wp_f2_0453,2,corridor,11.31,4.0,1.0,0,11.31
e_wp_f2_0418__wp_f2_0455,wp_f2_0418,wp_f2_0455,2,corridor,11.32,4.0,1.0,0,11.32
e_wp_f2_0418__wp_f2_0454,wp_f2_0418,wp_f2_0454,2,corridor,8.0,4.0,1.0,0,8.0
e_wp_f2_0418__wp_f2_0419,wp_f2_0418,wp_f2_0419,2,corridor,8.01,4.0,1.0,0,8.01
e_wp_f2_0418__wp_f2_0420,wp_f2_0418,wp_f2_0420,2,corridor,16.0,4.0,1.0,0,16.0
e_wp_f2_0418__wp_f2_0486,wp_f2_0418,wp_f2_0486,2,corridor,16.0,4.0,1.0,0,16.0
e_wp_f2_0419__wp_f2_0455,wp_f2_0419,wp_f2_0455,2,corridor,8.0,4.0,1.0,0,8.0
e_wp_f2_0419__wp_f2_0454,wp_f2_0419,wp_f2_0454,2,corridor,11.32,4.0,1.0,0,11.32
e_wp_f2_0419__wp_f2_0456,wp_f2_0419,wp_f2_0456,2,corridor,11.31,4.0,1.0,0,11.31
e_wp_f2_0419__wp_f2_0420,wp_f2_0419,wp_f2_0420,2,corridor,8.0,4.0,1.0,0,8.0
e_wp_f2_0419__wp_f2_0421,wp_f2_0419,wp_f2_0421,2,corridor,16.0,4.0,1.0,0,16.0
e_wp_f2_0419__wp_f2_0487,wp_f2_0419,wp_f2_0487,2,corridor,15.99,4.0,1.0,0,15.99
e_wp_f2_0420__wp_f2_0455,wp_f2_0420,wp_f2_0455,2,corridor,11.31,4.0,1.0,0,11.31
e_wp_f2_0420__wp_f2_0456,wp_f2_0420,wp_f2_0456,2,corridor,7.99,4.0,1.0,0,7.99
e_wp_f2_0420__wp_f2_0422,wp_f2_0420,wp_f2_0422,2,corridor,16.0,4.0,1.0,0,16.0
e_wp_f2_0420__wp_f2_0421,wp_f2_0420,wp_f2_0421,2,corridor,8.0,4.0,1.0,0,8.0
e_wp_f2_0420__wp_f2_0488,wp_f2_0420,wp_f2_0488,2,corridor,15.99,4.0,1.0,0,15.99
e_wp_f2_0420__wp_f2_0457,wp_f2_0420,wp_f2_0457,2,corridor,11.31,4.0,1.0,0,11.31
e_wp_f2_0421__wp_f2_0456,wp_f2_0421,wp_f2_0456,2,corridor,11.32,4.0,1.0,0,11.32
e_wp_f2_0421__wp_f2_0422,wp_f2_0421,wp_f2_0422,2,corridor,8.0,4.0,1.0,0,8.0
e_wp_f2_0421__wp_f2_0423,wp_f2_0421,wp_f2_0423,2,corridor,16.0,4.0,1.0,0,16.0
e_wp_f2_0421__wp_f2_0489,wp_f2_0421,wp_f2_0489,2,corridor,16.0,4.0,1.0,0,16.0
e_wp_f2_0421__wp_f2_0457,wp_f2_0421,wp_f2_0457,2,corridor,8.0,4.0,1.0,0,8.0
e_wp_f2_0421__wp_f2_0458,wp_f2_0421,wp_f2_0458,2,corridor,11.31,4.0,1.0,0,11.31
e_wp_f2_0422__wp_f2_0424,wp_f2_0422,wp_f2_0424,2,corridor,16.01,4.0,1.0,0,16.01
e_wp_f2_0422__wp_f2_0423,wp_f2_0422,wp_f2_0423,2,corridor,8.01,4.0,1.0,0,8.01
e_wp_f2_0422__wp_f2_0457,wp_f2_0422,wp_f2_0457,2,corridor,11.31,4.0,1.0,0,11.31
e_wp_f2_0422__wp_f2_0490,wp_f2_0422,wp_f2_0490,2,corridor,16.0,4.0,1.0,0,16.0
e_wp_f2_0422__wp_f2_0458,wp_f2_0422,wp_f2_0458,2,corridor,8.0,4.0,1.0,0,8.0
e_wp_f2_0422__wp_f2_0459,wp_f2_0422,wp_f2_0459,2,corridor,11.32,4.0,1.0,0,11.32
e_wp_f2_0423__wp_f2_0424,wp_f2_0423,wp_f2_0424,2,corridor,8.01,4.0,1.0,0,8.01
e_wp_f2_0423__wp_f2_0425,wp_f2_0423,wp_f2_0425,2,corridor,16.0,4.0,1.0,0,16.0
e_wp_f2_0423__wp_f2_0458,wp_f2_0423,wp_f2_0458,2,corridor,11.32,4.0,1.0,0,11.32
e_wp_f2_0423__wp_f2_0491,wp_f2_0423,wp_f2_0491,2,corridor,16.0,4.0,1.0,0,16.0
e_wp_f2_0423__wp_f2_0460,wp_f2_0423,wp_f2_0460,2,corridor,11.32,4.0,1.0,0,11.32
e_wp_f2_0423__wp_f2_0459,wp_f2_0423,wp_f2_0459,2,corridor,8.0,4.0,1.0,0,8.0
e_wp_f2_0424__wp_f2_0425,wp_f2_0424,wp_f2_0425,2,corridor,8.0,4.0,1.0,0,8.0
e_wp_f2_0424__wp_f2_0426,wp_f2_0424,wp_f2_0426,2,corridor,16.0,4.0,1.0,0,16.0
e_wp_f2_0424__wp_f2_0492,wp_f2_0424,wp_f2_0492,2,corridor,16.0,4.0,1.0,0,16.0
e_wp_f2_0424__wp_f2_0460,wp_f2_0424,wp_f2_0460,2,corridor,8.0,4.0,1.0,0,8.0
e_wp_f2_0424__wp_f2_0459,wp_f2_0424,wp_f2_0459,2,corridor,11.32,4.0,1.0,0,11.32
e_wp_f2_0424__wp_f2_0461,wp_f2_0424,wp_f2_0461,2,corridor,11.31,4.0,1.0,0,11.31
e_wp_f2_0425__wp_f2_0427,wp_f2_0425,wp_f2_0427,2,corridor,16.0,4.0,1.0,0,16.0
e_wp_f2_0425__wp_f2_0426,wp_f2_0425,wp_f2_0426,2,corridor,8.01,4.0,1.0,0,8.01
e_wp_f2_0425__wp_f2_0460,wp_f2_0425,wp_f2_0460,2,corridor,11.31,4.0,1.0,0,11.31
e_wp_f2_0425__wp_f2_0493,wp_f2_0425,wp_f2_0493,2,corridor,16.0,4.0,1.0,0,16.0
e_wp_f2_0425__wp_f2_0461,wp_f2_0425,wp_f2_0461,2,corridor,8.0,4.0,1.0,0,8.0
e_wp_f2_0425__wp_f2_0462,wp_f2_0425,wp_f2_0462,2,corridor,11.32,4.0,1.0,0,11.32
e_wp_f2_0426__wp_f2_0427,wp_f2_0426,wp_f2_0427,2,corridor,8.0,4.0,1.0,0,8.0
e_wp_f2_0426__wp_f2_0428,wp_f2_0426,wp_f2_0428,2,corridor,16.0,4.0,1.0,0,16.0
e_wp_f2_0426__wp_f2_0461,wp_f2_0426,wp_f2_0461,2,corridor,11.32,4.0,1.0,0,11.32
e_wp_f2_0426__wp_f2_0494,wp_f2_0426,wp_f2_0494,2,corridor,16.0,4.0,1.0,0,16.0
e_wp_f2_0426__wp_f2_0462,wp_f2_0426,wp_f2_0462,2,corridor,8.0,4.0,1.0,0,8.0
e_wp_f2_0426__wp_f2_0463,wp_f2_0426,wp_f2_0463,2,corridor,11.31,4.0,1.0,0,11.31
e_wp_f2_0427__wp_f2_0429,wp_f2_0427,wp_f2_0429,2,corridor,16.0,4.0,1.0,0,16.0
e_wp_f2_0427__wp_f2_0428,wp_f2_0427,wp_f2_0428,2,corridor,8.01,4.0,1.0,0,8.01
e_wp_f2_0427__wp_f2_0462,wp_f2_0427,wp_f2_0462,2,corridor,11.31,4.0,1.0,0,11.31
e_wp_f2_0427__wp_f2_0463,wp_f2_0427,wp_f2_0463,2,corridor,8.0,4.0,1.0,0,8.0
e_wp_f2_0427__wp_f2_0495,wp_f2_0427,wp_f2_0495,2,corridor,15.99,4.0,1.0,0,15.99
e_wp_f2_0427__wp_f2_0464,wp_f2_0427,wp_f2_0464,2,corridor,11.31,4.0,1.0,0,11.31
e_wp_f2_0428__wp_f2_0429,wp_f2_0428,wp_f2_0429,2,corridor,8.0,4.0,1.0,0,8.0
e_wp_f2_0428__wp_f2_0430,wp_f2_0428,wp_f2_0430,2,corridor,16.0,4.0,1.0,0,16.0
e_wp_f2_0428__wp_f2_0463,wp_f2_0428,wp_f2_0463,2,corridor,11.32,4.0,1.0,0,11.32
e_wp_f2_0428__wp_f2_0496,wp_f2_0428,wp_f2_0496,2,corridor,15.99,4.0,1.0,0,15.99
e_wp_f2_0428__wp_f2_0465,wp_f2_0428,wp_f2_0465,2,corridor,11.31,4.0,1.0,0,11.31
e_wp_f2_0428__wp_f2_0464,wp_f2_0428,wp_f2_0464,2,corridor,7.99,4.0,1.0,0,7.99
e_wp_f2_0429__wp_f2_0430,wp_f2_0429,wp_f2_0430,2,corridor,8.01,4.0,1.0,0,8.01
e_wp_f2_0429__wp_f2_0465,wp_f2_0429,wp_f2_0465,2,corridor,8.0,4.0,1.0,0,8.0
e_wp_f2_0429__wp_f2_0464,wp_f2_0429,wp_f2_0464,2,corridor,11.31,4.0,1.0,0,11.31
e_wp_f2_0429__wp_f2_0466,wp_f2_0429,wp_f2_0466,2,corridor,11.32,4.0,1.0,0,11.32
e_wp_f2_0430__wp_f2_0465,wp_f2_0430,wp_f2_0465,2,corridor,11.32,4.0,1.0,0,11.32
e_wp_f2_0430__wp_f2_0466,wp_f2_0430,wp_f2_0466,2,corridor,8.0,4.0,1.0,0,8.0
e_wp_f2_0431__wp_f2_0467,wp_f2_0431,wp_f2_0467,2,corridor,8.0,4.0,1.0,0,8.0
e_wp_f2_0431__wp_f2_0432,wp_f2_0431,wp_f2_0432,2,corridor,8.0,4.0,1.0,0,8.0
e_wp_f2_0431__wp_f2_0433,wp_f2_0431,wp_f2_0433,2,corridor,16.0,4.0,1.0,0,16.0
e_kmart__wp_f2_0431,wp_f2_0431,kmart,2,corridor,16.76,4.0,1.0,0,16.76
e_wp_f2_0432__wp_f2_0467,wp_f2_0432,wp_f2_0467,2,corridor,11.31,4.0,1.0,0,11.31
e_wp_f2_0432__wp_f2_0434,wp_f2_0432,wp_f2_0434,2,corridor,16.0,4.0,1.0,0,16.0
e_wp_f2_0432__wp_f2_0433,wp_f2_0432,wp_f2_0433,2,corridor,8.01,4.0,1.0,0,8.01
e_kmart__wp_f2_0432,wp_f2_0432,kmart,2,corridor,12.68,4.0,1.0,0,12.68
e_wp_f2_0433__wp_f2_0434,wp_f2_0433,wp_f2_0434,2,corridor,8.0,4.0,1.0,0,8.0
e_kmart__wp_f2_0433,wp_f2_0433,kmart,2,corridor,13.0,4.0,1.0,0,13.0
e_wp_f2_0433__wp_f2_0435,wp_f2_0433,wp_f2_0435,2,corridor,16.0,4.0,1.0,0,16.0
e_wp_f2_0434__wp_f2_0469,wp_f2_0434,wp_f2_0469,2,corridor,11.31,4.0,1.0,0,11.31
e_wp_f2_0434__wp_f2_0435,wp_f2_0434,wp_f2_0435,2,corridor,8.0,4.0,1.0,0,8.0
e_wp_f2_0434__wp_f2_0436,wp_f2_0434,wp_f2_0436,2,corridor,16.0,4.0,1.0,0,16.0
e_new_world__wp_f2_0435,wp_f2_0435,new_world,2,corridor,12.01,4.0,1.0,0,12.01
e_wp_f2_0435__wp_f2_0469,wp_f2_0435,wp_f2_0469,2,corridor,8.0,4.0,1.0,0,8.0
e_wp_f2_0435__wp_f2_0436,wp_f2_0435,wp_f2_0436,2,corridor,8.0,4.0,1.0,0,8.0
e_wp_f2_0435__wp_f2_0470,wp_f2_0435,wp_f2_0470,2,corridor,11.31,4.0,1.0,0,11.31
e_wp_f2_0435__wp_f2_0437,wp_f2_0435,wp_f2_0437,2,corridor,16.0,4.0,1.0,0,16.0
e_new_world__wp_f2_0436,wp_f2_0436,new_world,2,corridor,10.68,4.0,1.0,0,10.68
e_wp_f2_0436__wp_f2_0469,wp_f2_0436,wp_f2_0469,2,corridor,11.31,4.0,1.0,0,11.31
e_wp_f2_0436__wp_f2_0497,wp_f2_0436,wp_f2_0497,2,corridor,16.0,4.0,1.0,0,16.0
e_wp_f2_0436__wp_f2_0470,wp_f2_0436,wp_f2_0470,2,corridor,8.0,4.0,1.0,0,8.0
e_wp_f2_0436__wp_f2_0437,wp_f2_0436,wp_f2_0437,2,corridor,8.01,4.0,1.0,0,8.01
e_esc_nw_l2__wp_f2_0436,wp_f2_0436,esc_nw_l2,2,corridor,15.01,4.0,1.0,0,15.01
e_wp_f2_0436__wp_f2_0438,wp_f2_0436,wp_f2_0438,2,corridor,16.0,4.0,1.0,0,16.0
e_new_world__wp_f2_0437,wp_f2_0437,new_world,2,corridor,14.56,4.0,1.0,0,14.56
e_wp_f2_0437__wp_f2_0470,wp_f2_0437,wp_f2_0470,2,corridor,11.32,4.0,1.0,0,11.32
e_esc_nw_l2__wp_f2_0437,wp_f2_0437,esc_nw_l2,2,corridor,11.04,4.0,1.0,0,11.04
e_wp_f2_0437__wp_f2_0438,wp_f2_0437,wp_f2_0438,2,corridor,8.0,4.0,1.0,0,8.0
e_wp_f2_0437__wp_f2_0439,wp_f2_0437,wp_f2_0439,2,corridor,16.0,4.0,1.0,0,16.0
e_esc_nw_l2__wp_f2_0438,wp_f2_0438,esc_nw_l2,2,corridor,12.11,4.0,1.0,0,12.11
e_wp_f2_0438__wp_f2_0439,wp_f2_0438,wp_f2_0439,2,corridor,8.01,4.0,1.0,0,8.01
e_wp_f2_0440__wp_f2_0442,wp_f2_0440,wp_f2_0442,2,corridor,16.0,4.0,1.0,0,16.0
e_wp_f2_0440__wp_f2_0473,wp_f2_0440,wp_f2_0473,2,corridor,11.31,4.0,1.0,0,11.31
e_wp_f2_0440__wp_f2_0472,wp_f2_0440,wp_f2_0472,2,corridor,7.99,4.0,1.0,0,7.99
e_wp_f2_0440__wp_f2_0499,wp_f2_0440,wp_f2_0499,2,corridor,15.99,4.0,1.0,0,15.99
e_wp_f2_0440__wp_f2_0441,wp_f2_0440,wp_f2_0441,2,corridor,8.0,4.0,1.0,0,8.0
e_wp_f2_0441__wp_f2_0442,wp_f2_0441,wp_f2_0442,2,corridor,8.01,4.0,1.0,0,8.01
e_wp_f2_0441__wp_f2_0473,wp_f2_0441,wp_f2_0473,2,corridor,8.0,4.0,1.0,0,8.0
e_wp_f2_0441__wp_f2_0474,wp_f2_0441,wp_f2_0474,2,corridor,11.32,4.0,1.0,0,11.32
e_wp_f2_0441__wp_f2_0472,wp_f2_0441,wp_f2_0472,2,corridor,11.31,4.0,1.0,0,11.31
e_wp_f2_0441__wp_f2_0500,wp_f2_0441,wp_f2_0500,2,corridor,16.0,4.0,1.0,0,16.0
e_wp_f2_0441__wp_f2_0443,wp_f2_0441,wp_f2_0443,2,corridor,16.0,4.0,1.0,0,16.0
e_wp_f2_0442__wp_f2_0473,wp_f2_0442,wp_f2_0473,2,corridor,11.32,4.0,1.0,0,11.32
e_wp_f2_0442__wp_f2_0474,wp_f2_0442,wp_f2_0474,2,corridor,8.0,4.0,1.0,0,8.0
e_wp_f2_0442__wp_f2_0501,wp_f2_0442,wp_f2_0501,2,corridor,16.0,4.0,1.0,0,16.0
e_wp_f2_0442__wp_f2_0444,wp_f2_0442,wp_f2_0444,2,corridor,16.0,4.0,1.0,0,16.0
e_wp_f2_0442__wp_f2_0443,wp_f2_0442,wp_f2_0443,2,corridor,8.0,4.0,1.0,0,8.0
e_wp_f2_0442__wp_f2_0475,wp_f2_0442,wp_f2_0475,2,corridor,11.31,4.0,1.0,0,11.31
e_wp_f2_0443__wp_f2_0474,wp_f2_0443,wp_f2_0474,2,corridor,11.31,4.0,1.0,0,11.31
e_wp_f2_0443__wp_f2_0444,wp_f2_0443,wp_f2_0444,2,corridor,8.01,4.0,1.0,0,8.01
e_wp_f2_0443__wp_f2_0445,wp_f2_0443,wp_f2_0445,2,corridor,16.0,4.0,1.0,0,16.0
e_wp_f2_0443__wp_f2_0475,wp_f2_0443,wp_f2_0475,2,corridor,8.0,4.0,1.0,0,8.0
e_wp_f2_0443__wp_f2_0502,wp_f2_0443,wp_f2_0502,2,corridor,16.0,4.0,1.0,0,16.0
e_play_area_l2__wp_f2_0443,wp_f2_0443,play_area_l2,2,corridor,15.39,4.0,1.0,0,15.39
e_wp_f2_0444__wp_f2_0446,wp_f2_0444,wp_f2_0446,2,corridor,16.0,4.0,1.0,0,16.0
e_wp_f2_0444__wp_f2_0445,wp_f2_0444,wp_f2_0445,2,corridor,8.0,4.0,1.0,0,8.0
e_wp_f2_0444__wp_f2_0475,wp_f2_0444,wp_f2_0475,2,corridor,11.32,4.0,1.0,0,11.32
e_play_area_l2__wp_f2_0444,wp_f2_0444,play_area_l2,2,corridor,10.24,4.0,1.0,0,10.24
e_wp_f2_0445__wp_f2_0446,wp_f2_0445,wp_f2_0446,2,corridor,8.01,4.0,1.0,0,8.01
e_play_area_l2__wp_f2_0445,wp_f2_0445,play_area_l2,2,corridor,10.05,4.0,1.0,0,10.05
e_wp_f2_0445__wp_f2_0478,wp_f2_0445,wp_f2_0478,2,corridor,11.32,4.0,1.0,0,11.32
e_wp_f2_0445__wp_f2_0447,wp_f2_0445,wp_f2_0447,2,corridor,16.01,4.0,1.0,0,16.01
e_play_area_l2__wp_f2_0446,wp_f2_0446,play_area_l2,2,corridor,15.01,4.0,1.0,0,15.01
e_wp_f2_0446__wp_f2_0505,wp_f2_0446,wp_f2_0505,2,corridor,16.0,4.0,1.0,0,16.0
e_wp_f2_0446__wp_f2_0478,wp_f2_0446,wp_f2_0478,2,corridor,8.0,4.0,1.0,0,8.0
e_wp_f2_0446__wp_f2_0479,wp_f2_0446,wp_f2_0479,2,corridor,11.32,4.0,1.0,0,11.32
e_wp_f2_0446__wp_f2_0448,wp_f2_0446,wp_f2_0448,2,corridor,16.0,4.0,1.0,0,16.0
e_wp_f2_0446__wp_f2_0447,wp_f2_0446,wp_f2_0447,2,corridor,8.01,4.0,1.0,0,8.01
e_wp_f2_0447__wp_f2_0506,wp_f2_0447,wp_f2_0506,2,corridor,15.99,4.0,1.0,0,15.99
e_wp_f2_0447__wp_f2_0478,wp_f2_0447,wp_f2_0478,2,corridor,11.32,4.0,1.0,0,11.32
e_wp_f2_0447__wp_f2_0480,wp_f2_0447,wp_f2_0480,2,corridor,11.31,4.0,1.0,0,11.31
e_wp_f2_0447__wp_f2_0479,wp_f2_0447,wp_f2_0479,2,corridor,8.0,4.0,1.0,0,8.0
e_wp_f2_0447__wp_f2_0448,wp_f2_0447,wp_f2_0448,2,corridor,8.0,4.0,1.0,0,8.0
e_wp_f2_0447__wp_f2_0449,wp_f2_0447,wp_f2_0449,2,corridor,16.0,4.0,1.0,0,16.0
e_wp_f2_0448__wp_f2_0480,wp_f2_0448,wp_f2_0480,2,corridor,7.99,4.0,1.0,0,7.99
e_wp_f2_0448__wp_f2_0479,wp_f2_0448,wp_f2_0479,2,corridor,11.31,4.0,1.0,0,11.31
e_wp_f2_0448__wp_f2_0507,wp_f2_0448,wp_f2_0507,2,corridor,15.99,4.0,1.0,0,15.99
e_wp_f2_0448__wp_f2_0481,wp_f2_0448,wp_f2_0481,2,corridor,11.31,4.0,1.0,0,11.31
e_wp_f2_0448__wp_f2_0449,wp_f2_0448,wp_f2_0449,2,corridor,8.0,4.0,1.0,0,8.0
e_wp_f2_0448__wp_f2_0450,wp_f2_0448,wp_f2_0450,2,corridor,16.0,4.0,1.0,0,16.0
e_wp_f2_0449__wp_f2_0480,wp_f2_0449,wp_f2_0480,2,corridor,11.32,4.0,1.0,0,11.32
e_wp_f2_0449__wp_f2_0508,wp_f2_0449,wp_f2_0508,2,corridor,16.0,4.0,1.0,0,16.0
e_wp_f2_0449__wp_f2_0481,wp_f2_0449,wp_f2_0481,2,corridor,8.0,4.0,1.0,0,8.0
e_wp_f2_0449__wp_f2_0450,wp_f2_0449,wp_f2_0450,2,corridor,8.0,4.0,1.0,0,8.0
e_wp_f2_0449__wp_f2_0482,wp_f2_0449,wp_f2_0482,2,corridor,11.31,4.0,1.0,0,11.31
e_wp_f2_0449__wp_f2_0451,wp_f2_0449,wp_f2_0451,2,corridor,16.0,4.0,1.0,0,16.0
e_wp_f2_0450__wp_f2_0481,wp_f2_0450,wp_f2_0481,2,corridor,11.31,4.0,1.0,0,11.31
e_wp_f2_0450__wp_f2_0482,wp_f2_0450,wp_f2_0482,2,corridor,8.0,4.0,1.0,0,8.0
e_wp_f2_0450__wp_f2_0509,wp_f2_0450,wp_f2_0509,2,corridor,16.0,4.0,1.0,0,16.0
e_wp_f2_0450__wp_f2_0451,wp_f2_0450,wp_f2_0451,2,corridor,8.01,4.0,1.0,0,8.01
e_wp_f2_0450__wp_f2_0452,wp_f2_0450,wp_f2_0452,2,corridor,16.0,4.0,1.0,0,16.0
e_wp_f2_0450__wp_f2_0483,wp_f2_0450,wp_f2_0483,2,corridor,11.32,4.0,1.0,0,11.32
e_wp_f2_0451__wp_f2_0482,wp_f2_0451,wp_f2_0482,2,corridor,11.32,4.0,1.0,0,11.32
e_wp_f2_0451__wp_f2_0510,wp_f2_0451,wp_f2_0510,2,corridor,16.0,4.0,1.0,0,16.0
e_wp_f2_0451__wp_f2_0453,wp_f2_0451,wp_f2_0453,2,corridor,16.0,4.0,1.0,0,16.0
e_wp_f2_0451__wp_f2_0452,wp_f2_0451,wp_f2_0452,2,corridor,8.0,4.0,1.0,0,8.0
e_wp_f2_0451__wp_f2_0483,wp_f2_0451,wp_f2_0483,2,corridor,8.0,4.0,1.0,0,8.0
e_wp_f2_0451__wp_f2_0484,wp_f2_0451,wp_f2_0484,2,corridor,11.31,4.0,1.0,0,11.31
e_wp_f2_0452__wp_f2_0511,wp_f2_0452,wp_f2_0511,2,corridor,16.0,4.0,1.0,0,16.0
e_wp_f2_0452__wp_f2_0453,wp_f2_0452,wp_f2_0453,2,corridor,8.01,4.0,1.0,0,8.01
e_wp_f2_0452__wp_f2_0485,wp_f2_0452,wp_f2_0485,2,corridor,11.32,4.0,1.0,0,11.32
e_wp_f2_0452__wp_f2_0483,wp_f2_0452,wp_f2_0483,2,corridor,11.31,4.0,1.0,0,11.31
e_wp_f2_0452__wp_f2_0484,wp_f2_0452,wp_f2_0484,2,corridor,8.0,4.0,1.0,0,8.0
e_wp_f2_0452__wp_f2_0454,wp_f2_0452,wp_f2_0454,2,corridor,16.0,4.0,1.0,0,16.0
e_wp_f2_0453__wp_f2_0485,wp_f2_0453,wp_f2_0485,2,corridor,8.0,4.0,1.0,0,8.0
e_wp_f2_0453__wp_f2_0484,wp_f2_0453,wp_f2_0484,2,corridor,11.32,4.0,1.0,0,11.32
e_wp_f2_0453__wp_f2_0455,wp_f2_0453,wp_f2_0455,2,corridor,16.0,4.0,1.0,0,16.0
e_wp_f2_0453__wp_f2_0454,wp_f2_0453,wp_f2_0454,2,corridor,8.0,4.0,1.0,0,8.0
e_wp_f2_0453__wp_f2_0486,wp_f2_0453,wp_f2_0486,2,corridor,11.31,4.0,1.0,0,11.31
e_wp_f2_0454__wp_f2_0485,wp_f2_0454,wp_f2_0485,2,corridor,11.31,4.0,1.0,0,11.31
e_wp_f2_0454__wp_f2_0455,wp_f2_0454,wp_f2_0455,2,corridor,8.01,4.0,1.0,0,8.01
e_wp_f2_0454__wp_f2_0456,wp_f2_0454,wp_f2_0456,2,corridor,16.0,4.0,1.0,0,16.0
e_wp_f2_0454__wp_f2_0487,wp_f2_0454,wp_f2_0487,2,corridor,11.31,4.0,1.0,0,11.31
e_wp_f2_0454__wp_f2_0486,wp_f2_0454,wp_f2_0486,2,corridor,8.0,4.0,1.0,0,8.0
e_wp_f2_0455__wp_f2_0456,wp_f2_0455,wp_f2_0456,2,corridor,8.0,4.0,1.0,0,8.0
e_wp_f2_0455__wp_f2_0487,wp_f2_0455,wp_f2_0487,2,corridor,7.99,4.0,1.0,0,7.99
e_wp_f2_0455__wp_f2_0486,wp_f2_0455,wp_f2_0486,2,corridor,11.32,4.0,1.0,0,11.32
e_wp_f2_0455__wp_f2_0514,wp_f2_0455,wp_f2_0514,2,corridor,15.99,4.0,1.0,0,15.99
e_wp_f2_0455__wp_f2_0488,wp_f2_0455,wp_f2_0488,2,corridor,11.31,4.0,1.0,0,11.31
e_wp_f2_0455__wp_f2_0457,wp_f2_0455,wp_f2_0457,2,corridor,16.0,4.0,1.0,0,16.0
e_wp_f2_0456__wp_f2_0487,wp_f2_0456,wp_f2_0487,2,corridor,11.31,4.0,1.0,0,11.31
e_wp_f2_0456__wp_f2_0515,wp_f2_0456,wp_f2_0515,2,corridor,16.0,4.0,1.0,0,16.0
e_wp_f2_0456__wp_f2_0488,wp_f2_0456,wp_f2_0488,2,corridor,8.0,4.0,1.0,0,8.0
e_wp_f2_0456__wp_f2_0489,wp_f2_0456,wp_f2_0489,2,corridor,11.32,4.0,1.0,0,11.32
e_wp_f2_0456__wp_f2_0457,wp_f2_0456,wp_f2_0457,2,corridor,8.01,4.0,1.0,0,8.01
e_wp_f2_0456__wp_f2_0458,wp_f2_0456,wp_f2_0458,2,corridor,16.0,4.0,1.0,0,16.0
e_wp_f2_0457__wp_f2_0488,wp_f2_0457,wp_f2_0488,2,corridor,11.32,4.0,1.0,0,11.32
e_wp_f2_0457__wp_f2_0516,wp_f2_0457,wp_f2_0516,2,corridor,16.0,4.0,1.0,0,16.0
e_wp_f2_0457__wp_f2_0489,wp_f2_0457,wp_f2_0489,2,corridor,8.0,4.0,1.0,0,8.0
e_wp_f2_0457__wp_f2_0490,wp_f2_0457,wp_f2_0490,2,corridor,11.32,4.0,1.0,0,11.32
e_wp_f2_0457__wp_f2_0458,wp_f2_0457,wp_f2_0458,2,corridor,8.0,4.0,1.0,0,8.0
e_wp_f2_0457__wp_f2_0459,wp_f2_0457,wp_f2_0459,2,corridor,16.0,4.0,1.0,0,16.0
e_wp_f2_0458__wp_f2_0489,wp_f2_0458,wp_f2_0489,2,corridor,11.31,4.0,1.0,0,11.31
e_wp_f2_0458__wp_f2_0517,wp_f2_0458,wp_f2_0517,2,corridor,16.0,4.0,1.0,0,16.0
e_wp_f2_0458__wp_f2_0490,wp_f2_0458,wp_f2_0490,2,corridor,8.0,4.0,1.0,0,8.0
e_wp_f2_0458__wp_f2_0491,wp_f2_0458,wp_f2_0491,2,corridor,11.32,4.0,1.0,0,11.32
e_wp_f2_0458__wp_f2_0460,wp_f2_0458,wp_f2_0460,2,corridor,16.01,4.0,1.0,0,16.01
e_wp_f2_0458__wp_f2_0459,wp_f2_0458,wp_f2_0459,2,corridor,8.01,4.0,1.0,0,8.01
e_wp_f2_0459__wp_f2_0518,wp_f2_0459,wp_f2_0518,2,corridor,16.0,4.0,1.0,0,16.0
e_wp_f2_0459__wp_f2_0490,wp_f2_0459,wp_f2_0490,2,corridor,11.31,4.0,1.0,0,11.31
e_wp_f2_0459__wp_f2_0491,wp_f2_0459,wp_f2_0491,2,corridor,8.0,4.0,1.0,0,8.0
e_wp_f2_0459__wp_f2_0492,wp_f2_0459,wp_f2_0492,2,corridor,11.32,4.0,1.0,0,11.32
e_wp_f2_0459__wp_f2_0460,wp_f2_0459,wp_f2_0460,2,corridor,8.01,4.0,1.0,0,8.01
e_wp_f2_0459__wp_f2_0461,wp_f2_0459,wp_f2_0461,2,corridor,16.0,4.0,1.0,0,16.0
e_wp_f2_0460__wp_f2_0491,wp_f2_0460,wp_f2_0491,2,corridor,11.32,4.0,1.0,0,11.32
e_wp_f2_0460__wp_f2_0519,wp_f2_0460,wp_f2_0519,2,corridor,16.0,4.0,1.0,0,16.0
e_wp_f2_0460__wp_f2_0492,wp_f2_0460,wp_f2_0492,2,corridor,8.0,4.0,1.0,0,8.0
e_wp_f2_0460__wp_f2_0493,wp_f2_0460,wp_f2_0493,2,corridor,11.31,4.0,1.0,0,11.31
e_wp_f2_0460__wp_f2_0461,wp_f2_0460,wp_f2_0461,2,corridor,8.0,4.0,1.0,0,8.0
e_wp_f2_0460__wp_f2_0462,wp_f2_0460,wp_f2_0462,2,corridor,16.0,4.0,1.0,0,16.0
e_wp_f2_0461__wp_f2_0520,wp_f2_0461,wp_f2_0520,2,corridor,16.0,4.0,1.0,0,16.0
e_wp_f2_0461__wp_f2_0492,wp_f2_0461,wp_f2_0492,2,corridor,11.31,4.0,1.0,0,11.31
e_wp_f2_0461__wp_f2_0493,wp_f2_0461,wp_f2_0493,2,corridor,8.0,4.0,1.0,0,8.0
e_wp_f2_0461__wp_f2_0494,wp_f2_0461,wp_f2_0494,2,corridor,11.32,4.0,1.0,0,11.32
e_wp_f2_0461__wp_f2_0462,wp_f2_0461,wp_f2_0462,2,corridor,8.01,4.0,1.0,0,8.01
e_wp_f2_0461__wp_f2_0463,wp_f2_0461,wp_f2_0463,2,corridor,16.0,4.0,1.0,0,16.0
e_wp_f2_0462__wp_f2_0521,wp_f2_0462,wp_f2_0521,2,corridor,15.99,4.0,1.0,0,15.99
e_wp_f2_0462__wp_f2_0493,wp_f2_0462,wp_f2_0493,2,corridor,11.32,4.0,1.0,0,11.32
e_wp_f2_0462__wp_f2_0494,wp_f2_0462,wp_f2_0494,2,corridor,8.0,4.0,1.0,0,8.0
e_wp_f2_0462__wp_f2_0463,wp_f2_0462,wp_f2_0463,2,corridor,8.0,4.0,1.0,0,8.0
e_wp_f2_0462__wp_f2_0495,wp_f2_0462,wp_f2_0495,2,corridor,11.31,4.0,1.0,0,11.31
e_wp_f2_0462__wp_f2_0464,wp_f2_0462,wp_f2_0464,2,corridor,16.0,4.0,1.0,0,16.0
e_wp_f2_0463__wp_f2_0494,wp_f2_0463,wp_f2_0494,2,corridor,11.31,4.0,1.0,0,11.31
e_wp_f2_0463__wp_f2_0522,wp_f2_0463,wp_f2_0522,2,corridor,15.99,4.0,1.0,0,15.99
e_wp_f2_0463__wp_f2_0495,wp_f2_0463,wp_f2_0495,2,corridor,7.99,4.0,1.0,0,7.99
e_wp_f2_0463__wp_f2_0496,wp_f2_0463,wp_f2_0496,2,corridor,11.31,4.0,1.0,0,11.31
e_wp_f2_0463__wp_f2_0465,wp_f2_0463,wp_f2_0465,2,corridor,16.0,4.0,1.0,0,16.0
e_wp_f2_0463__wp_f2_0464,wp_f2_0463,wp_f2_0464,2,corridor,8.0,4.0,1.0,0,8.0
e_wp_f2_0464__wp_f2_0495,wp_f2_0464,wp_f2_0495,2,corridor,11.32,4.0,1.0,0,11.32
e_wp_f2_0464__wp_f2_0496,wp_f2_0464,wp_f2_0496,2,corridor,8.0,4.0,1.0,0,8.0
e_wp_f2_0464__wp_f2_0523,wp_f2_0464,wp_f2_0523,2,corridor,16.0,4.0,1.0,0,16.0
e_wp_f2_0464__wp_f2_0465,wp_f2_0464,wp_f2_0465,2,corridor,8.0,4.0,1.0,0,8.0
e_wp_f2_0464__wp_f2_0466,wp_f2_0464,wp_f2_0466,2,corridor,16.0,4.0,1.0,0,16.0
e_wp_f2_0465__wp_f2_0496,wp_f2_0465,wp_f2_0496,2,corridor,11.31,4.0,1.0,0,11.31
e_wp_f2_0465__wp_f2_0466,wp_f2_0465,wp_f2_0466,2,corridor,8.01,4.0,1.0,0,8.01
e_kmart__wp_f2_0467,wp_f2_0467,kmart,2,corridor,12.23,4.0,1.0,0,12.23
e_wp_f2_0469__wp_f2_0497,wp_f2_0469,wp_f2_0497,2,corridor,11.31,4.0,1.0,0,11.31
e_wp_f2_0469__wp_f2_0470,wp_f2_0469,wp_f2_0470,2,corridor,8.0,4.0,1.0,0,8.0
e_wp_f2_0470__wp_f2_0497,wp_f2_0470,wp_f2_0497,2,corridor,8.0,4.0,1.0,0,8.0
e_esc_nw_l2__wp_f2_0470,wp_f2_0470,esc_nw_l2,2,corridor,10.82,4.0,1.0,0,10.82
e_wp_f2_0472__wp_f2_0524,wp_f2_0472,wp_f2_0524,2,corridor,16.0,4.0,1.0,0,16.0
e_wp_f2_0472__wp_f2_0498,wp_f2_0472,wp_f2_0498,2,corridor,11.32,4.0,1.0,0,11.32
e_wp_f2_0472__wp_f2_0473,wp_f2_0472,wp_f2_0473,2,corridor,8.0,4.0,1.0,0,8.0
e_wp_f2_0472__wp_f2_0474,wp_f2_0472,wp_f2_0474,2,corridor,16.0,4.0,1.0,0,16.0
e_wp_f2_0472__wp_f2_0499,wp_f2_0472,wp_f2_0499,2,corridor,8.0,4.0,1.0,0,8.0
e_wp_f2_0472__wp_f2_0500,wp_f2_0472,wp_f2_0500,2,corridor,11.31,4.0,1.0,0,11.31
e_wp_f2_0473__wp_f2_0474,wp_f2_0473,wp_f2_0474,2,corridor,8.01,4.0,1.0,0,8.01
e_wp_f2_0473__wp_f2_0499,wp_f2_0473,wp_f2_0499,2,corridor,11.31,4.0,1.0,0,11.31
e_wp_f2_0473__wp_f2_0500,wp_f2_0473,wp_f2_0500,2,corridor,8.0,4.0,1.0,0,8.0
e_wp_f2_0473__wp_f2_0501,wp_f2_0473,wp_f2_0501,2,corridor,11.32,4.0,1.0,0,11.32
e_wp_f2_0473__wp_f2_0525,wp_f2_0473,wp_f2_0525,2,corridor,16.0,4.0,1.0,0,16.0
e_wp_f2_0473__wp_f2_0475,wp_f2_0473,wp_f2_0475,2,corridor,16.0,4.0,1.0,0,16.0
e_wp_f2_0474__wp_f2_0500,wp_f2_0474,wp_f2_0500,2,corridor,11.32,4.0,1.0,0,11.32
e_wp_f2_0474__wp_f2_0501,wp_f2_0474,wp_f2_0501,2,corridor,8.0,4.0,1.0,0,8.0
e_wp_f2_0474__wp_f2_0526,wp_f2_0474,wp_f2_0526,2,corridor,16.0,4.0,1.0,0,16.0
e_wp_f2_0474__wp_f2_0475,wp_f2_0474,wp_f2_0475,2,corridor,8.0,4.0,1.0,0,8.0
e_wp_f2_0474__wp_f2_0502,wp_f2_0474,wp_f2_0502,2,corridor,11.31,4.0,1.0,0,11.31
e_wp_f2_0475__wp_f2_0501,wp_f2_0475,wp_f2_0501,2,corridor,11.31,4.0,1.0,0,11.31
e_wp_f2_0475__wp_f2_0527,wp_f2_0475,wp_f2_0527,2,corridor,16.0,4.0,1.0,0,16.0
e_wp_f2_0475__wp_f2_0502,wp_f2_0475,wp_f2_0502,2,corridor,8.0,4.0,1.0,0,8.0
e_play_area_l2__wp_f2_0475,wp_f2_0475,play_area_l2,2,corridor,12.32,4.0,1.0,0,12.32
e_play_area_l2__wp_f2_0478,wp_f2_0478,play_area_l2,2,corridor,11.83,4.0,1.0,0,11.83
e_wp_f2_0478__wp_f2_0530,wp_f2_0478,wp_f2_0530,2,corridor,15.99,4.0,1.0,0,15.99
e_wp_f2_0478__wp_f2_0505,wp_f2_0478,wp_f2_0505,2,corridor,8.0,4.0,1.0,0,8.0
e_wp_f2_0478__wp_f2_0506,wp_f2_0478,wp_f2_0506,2,corridor,11.31,4.0,1.0,0,11.31
e_wp_f2_0478__wp_f2_0480,wp_f2_0478,wp_f2_0480,2,corridor,16.0,4.0,1.0,0,16.0
e_wp_f2_0478__wp_f2_0479,wp_f2_0478,wp_f2_0479,2,corridor,8.01,4.0,1.0,0,8.01
e_wp_f2_0479__wp_f2_0505,wp_f2_0479,wp_f2_0505,2,corridor,11.32,4.0,1.0,0,11.32
e_wp_f2_0479__wp_f2_0506,wp_f2_0479,wp_f2_0506,2,corridor,7.99,4.0,1.0,0,7.99
e_wp_f2_0479__wp_f2_0531,wp_f2_0479,wp_f2_0531,2,corridor,15.99,4.0,1.0,0,15.99
e_wp_f2_0479__wp_f2_0480,wp_f2_0479,wp_f2_0480,2,corridor,8.0,4.0,1.0,0,8.0
e_wp_f2_0479__wp_f2_0507,wp_f2_0479,wp_f2_0507,2,corridor,11.31,4.0,1.0,0,11.31
e_wp_f2_0479__wp_f2_0481,wp_f2_0479,wp_f2_0481,2,corridor,16.0,4.0,1.0,0,16.0
e_wp_f2_0480__wp_f2_0506,wp_f2_0480,wp_f2_0506,2,corridor,11.31,4.0,1.0,0,11.31
e_wp_f2_0480__wp_f2_0532,wp_f2_0480,wp_f2_0532,2,corridor,16.0,4.0,1.0,0,16.0
e_wp_f2_0480__wp_f2_0507,wp_f2_0480,wp_f2_0507,2,corridor,8.0,4.0,1.0,0,8.0
e_wp_f2_0480__wp_f2_0508,wp_f2_0480,wp_f2_0508,2,corridor,11.32,4.0,1.0,0,11.32
e_wp_f2_0480__wp_f2_0481,wp_f2_0480,wp_f2_0481,2,corridor,8.01,4.0,1.0,0,8.01
e_wp_f2_0480__wp_f2_0482,wp_f2_0480,wp_f2_0482,2,corridor,16.0,4.0,1.0,0,16.0
e_wp_f2_0481__wp_f2_0507,wp_f2_0481,wp_f2_0507,2,corridor,11.32,4.0,1.0,0,11.32
e_wp_f2_0481__wp_f2_0533,wp_f2_0481,wp_f2_0533,2,corridor,16.0,4.0,1.0,0,16.0
e_wp_f2_0481__wp_f2_0508,wp_f2_0481,wp_f2_0508,2,corridor,8.0,4.0,1.0,0,8.0
e_wp_f2_0481__wp_f2_0482,wp_f2_0481,wp_f2_0482,2,corridor,8.0,4.0,1.0,0,8.0
e_wp_f2_0481__wp_f2_0509,wp_f2_0481,wp_f2_0509,2,corridor,11.31,4.0,1.0,0,11.31
e_wp_f2_0481__wp_f2_0483,wp_f2_0481,wp_f2_0483,2,corridor,16.0,4.0,1.0,0,16.0
e_wp_f2_0482__wp_f2_0534,wp_f2_0482,wp_f2_0534,2,corridor,16.0,4.0,1.0,0,16.0
e_wp_f2_0482__wp_f2_0508,wp_f2_0482,wp_f2_0508,2,corridor,11.31,4.0,1.0,0,11.31
e_wp_f2_0482__wp_f2_0509,wp_f2_0482,wp_f2_0509,2,corridor,8.0,4.0,1.0,0,8.0
e_wp_f2_0482__wp_f2_0510,wp_f2_0482,wp_f2_0510,2,corridor,11.32,4.0,1.0,0,11.32
e_wp_f2_0482__wp_f2_0483,wp_f2_0482,wp_f2_0483,2,corridor,8.01,4.0,1.0,0,8.01
e_wp_f2_0482__wp_f2_0484,wp_f2_0482,wp_f2_0484,2,corridor,16.0,4.0,1.0,0,16.0
e_wp_f2_0483__wp_f2_0509,wp_f2_0483,wp_f2_0509,2,corridor,11.32,4.0,1.0,0,11.32
e_wp_f2_0483__wp_f2_0535,wp_f2_0483,wp_f2_0535,2,corridor,16.0,4.0,1.0,0,16.0
e_wp_f2_0483__wp_f2_0510,wp_f2_0483,wp_f2_0510,2,corridor,8.0,4.0,1.0,0,8.0
e_wp_f2_0483__wp_f2_0511,wp_f2_0483,wp_f2_0511,2,corridor,11.31,4.0,1.0,0,11.31
e_wp_f2_0483__wp_f2_0485,wp_f2_0483,wp_f2_0485,2,corridor,16.0,4.0,1.0,0,16.0
e_wp_f2_0483__wp_f2_0484,wp_f2_0483,wp_f2_0484,2,corridor,8.0,4.0,1.0,0,8.0
e_wp_f2_0484__wp_f2_0510,wp_f2_0484,wp_f2_0510,2,corridor,11.31,4.0,1.0,0,11.31
e_wp_f2_0484__wp_f2_0511,wp_f2_0484,wp_f2_0511,2,corridor,8.0,4.0,1.0,0,8.0
e_wp_f2_0484__wp_f2_0485,wp_f2_0484,wp_f2_0485,2,corridor,8.01,4.0,1.0,0,8.01
e_wp_f2_0484__wp_f2_0536,wp_f2_0484,wp_f2_0536,2,corridor,16.0,4.0,1.0,0,16.0
e_wp_f2_0484__wp_f2_0486,wp_f2_0484,wp_f2_0486,2,corridor,16.0,4.0,1.0,0,16.0
e_esc_ne_l2__wp_f2_0484,wp_f2_0484,esc_ne_l2,2,corridor,16.29,4.0,1.0,0,16.29
e_wp_f2_0485__wp_f2_0511,wp_f2_0485,wp_f2_0511,2,corridor,11.32,4.0,1.0,0,11.32
e_wp_f2_0485__wp_f2_0487,wp_f2_0485,wp_f2_0487,2,corridor,16.0,4.0,1.0,0,16.0
e_wp_f2_0485__wp_f2_0486,wp_f2_0485,wp_f2_0486,2,corridor,8.0,4.0,1.0,0,8.0
e_esc_ne_l2__wp_f2_0485,wp_f2_0485,esc_ne_l2,2,corridor,11.8,4.0,1.0,0,11.8
e_wp_f2_0486__wp_f2_0487,wp_f2_0486,wp_f2_0487,2,corridor,8.0,4.0,1.0,0,8.0
e_wp_f2_0486__wp_f2_0514,wp_f2_0486,wp_f2_0514,2,corridor,11.31,4.0,1.0,0,11.31
e_esc_ne_l2__wp_f2_0486,wp_f2_0486,esc_ne_l2,2,corridor,11.88,4.0,1.0,0,11.88
e_wp_f2_0486__wp_f2_0488,wp_f2_0486,wp_f2_0488,2,corridor,16.0,4.0,1.0,0,16.0
e_wp_f2_0487__wp_f2_0539,wp_f2_0487,wp_f2_0539,2,corridor,16.0,4.0,1.0,0,16.0
e_wp_f2_0487__wp_f2_0514,wp_f2_0487,wp_f2_0514,2,corridor,8.0,4.0,1.0,0,8.0
e_esc_ne_l2__wp_f2_0487,wp_f2_0487,esc_ne_l2,2,corridor,16.47,4.0,1.0,0,16.47
e_wp_f2_0487__wp_f2_0515,wp_f2_0487,wp_f2_0515,2,corridor,11.31,4.0,1.0,0,11.31
e_wp_f2_0487__wp_f2_0488,wp_f2_0487,wp_f2_0488,2,corridor,8.0,4.0,1.0,0,8.0
e_wp_f2_0487__wp_f2_0489,wp_f2_0487,wp_f2_0489,2,corridor,16.0,4.0,1.0,0,16.0
e_wp_f2_0488__wp_f2_0514,wp_f2_0488,wp_f2_0514,2,corridor,11.31,4.0,1.0,0,11.31
e_wp_f2_0488__wp_f2_0515,wp_f2_0488,wp_f2_0515,2,corridor,8.0,4.0,1.0,0,8.0
e_wp_f2_0488__wp_f2_0540,wp_f2_0488,wp_f2_0540,2,corridor,16.0,4.0,1.0,0,16.0
e_wp_f2_0488__wp_f2_0516,wp_f2_0488,wp_f2_0516,2,corridor,11.32,4.0,1.0,0,11.32
e_wp_f2_0488__wp_f2_0489,wp_f2_0488,wp_f2_0489,2,corridor,8.01,4.0,1.0,0,8.01
e_wp_f2_0488__wp_f2_0490,wp_f2_0488,wp_f2_0490,2,corridor,16.01,4.0,1.0,0,16.01
e_wp_f2_0489__wp_f2_0515,wp_f2_0489,wp_f2_0515,2,corridor,11.32,4.0,1.0,0,11.32
e_wp_f2_0489__wp_f2_0541,wp_f2_0489,wp_f2_0541,2,corridor,16.0,4.0,1.0,0,16.0
e_wp_f2_0489__wp_f2_0516,wp_f2_0489,wp_f2_0516,2,corridor,8.0,4.0,1.0,0,8.0
e_wp_f2_0489__wp_f2_0517,wp_f2_0489,wp_f2_0517,2,corridor,11.32,4.0,1.0,0,11.32
e_wp_f2_0489__wp_f2_0490,wp_f2_0489,wp_f2_0490,2,corridor,8.01,4.0,1.0,0,8.01
e_wp_f2_0489__wp_f2_0491,wp_f2_0489,wp_f2_0491,2,corridor,16.0,4.0,1.0,0,16.0
e_wp_f2_0490__wp_f2_0516,wp_f2_0490,wp_f2_0516,2,corridor,11.32,4.0,1.0,0,11.32
e_wp_f2_0490__wp_f2_0517,wp_f2_0490,wp_f2_0517,2,corridor,8.0,4.0,1.0,0,8.0
e_wp_f2_0490__wp_f2_0518,wp_f2_0490,wp_f2_0518,2,corridor,11.31,4.0,1.0,0,11.31
e_wp_f2_0490__wp_f2_0491,wp_f2_0490,wp_f2_0491,2,corridor,8.0,4.0,1.0,0,8.0
e_wp_f2_0490__wp_f2_0542,wp_f2_0490,wp_f2_0542,2,corridor,16.0,4.0,1.0,0,16.0
e_wp_f2_0490__wp_f2_0492,wp_f2_0490,wp_f2_0492,2,corridor,16.0,4.0,1.0,0,16.0
e_wp_f2_0491__wp_f2_0517,wp_f2_0491,wp_f2_0517,2,corridor,11.31,4.0,1.0,0,11.31
e_wp_f2_0491__wp_f2_0543,wp_f2_0491,wp_f2_0543,2,corridor,16.0,4.0,1.0,0,16.0
e_wp_f2_0491__wp_f2_0518,wp_f2_0491,wp_f2_0518,2,corridor,8.0,4.0,1.0,0,8.0
e_wp_f2_0491__wp_f2_0519,wp_f2_0491,wp_f2_0519,2,corridor,11.32,4.0,1.0,0,11.32
e_wp_f2_0491__wp_f2_0492,wp_f2_0491,wp_f2_0492,2,corridor,8.01,4.0,1.0,0,8.01
e_wp_f2_0491__wp_f2_0493,wp_f2_0491,wp_f2_0493,2,corridor,16.0,4.0,1.0,0,16.0
e_wp_f2_0492__wp_f2_0518,wp_f2_0492,wp_f2_0518,2,corridor,11.32,4.0,1.0,0,11.32
e_wp_f2_0492__wp_f2_0520,wp_f2_0492,wp_f2_0520,2,corridor,11.31,4.0,1.0,0,11.31
e_wp_f2_0492__wp_f2_0519,wp_f2_0492,wp_f2_0519,2,corridor,8.0,4.0,1.0,0,8.0
e_wp_f2_0492__wp_f2_0544,wp_f2_0492,wp_f2_0544,2,corridor,16.0,4.0,1.0,0,16.0
e_wp_f2_0492__wp_f2_0493,wp_f2_0492,wp_f2_0493,2,corridor,8.0,4.0,1.0,0,8.0
e_wp_f2_0492__wp_f2_0494,wp_f2_0492,wp_f2_0494,2,corridor,16.0,4.0,1.0,0,16.0
e_wp_f2_0493__wp_f2_0520,wp_f2_0493,wp_f2_0520,2,corridor,8.0,4.0,1.0,0,8.0
e_wp_f2_0493__wp_f2_0519,wp_f2_0493,wp_f2_0519,2,corridor,11.31,4.0,1.0,0,11.31
e_wp_f2_0493__wp_f2_0521,wp_f2_0493,wp_f2_0521,2,corridor,11.31,4.0,1.0,0,11.31
e_wp_f2_0493__wp_f2_0494,wp_f2_0493,wp_f2_0494,2,corridor,8.01,4.0,1.0,0,8.01
e_wp_f2_0493__wp_f2_0495,wp_f2_0493,wp_f2_0495,2,corridor,16.0,4.0,1.0,0,16.0
e_wp_f2_0493__wp_f2_0545,wp_f2_0493,wp_f2_0545,2,corridor,15.99,4.0,1.0,0,15.99
e_wp_f2_0494__wp_f2_0520,wp_f2_0494,wp_f2_0520,2,corridor,11.32,4.0,1.0,0,11.32
e_wp_f2_0494__wp_f2_0521,wp_f2_0494,wp_f2_0521,2,corridor,7.99,4.0,1.0,0,7.99
e_wp_f2_0494__wp_f2_0522,wp_f2_0494,wp_f2_0522,2,corridor,11.31,4.0,1.0,0,11.31
e_wp_f2_0494__wp_f2_0495,wp_f2_0494,wp_f2_0495,2,corridor,8.0,4.0,1.0,0,8.0
e_wp_f2_0494__wp_f2_0496,wp_f2_0494,wp_f2_0496,2,corridor,16.0,4.0,1.0,0,16.0
e_wp_f2_0494__wp_f2_0546,wp_f2_0494,wp_f2_0546,2,corridor,15.99,4.0,1.0,0,15.99
e_wp_f2_0495__wp_f2_0521,wp_f2_0495,wp_f2_0521,2,corridor,11.31,4.0,1.0,0,11.31
e_wp_f2_0495__wp_f2_0522,wp_f2_0495,wp_f2_0522,2,corridor,8.0,4.0,1.0,0,8.0
e_wp_f2_0495__wp_f2_0496,wp_f2_0495,wp_f2_0496,2,corridor,8.01,4.0,1.0,0,8.01
e_wp_f2_0495__wp_f2_0523,wp_f2_0495,wp_f2_0523,2,corridor,11.32,4.0,1.0,0,11.32
e_wp_f2_0495__wp_f2_0547,wp_f2_0495,wp_f2_0547,2,corridor,16.0,4.0,1.0,0,16.0
e_wp_f2_0496__wp_f2_0522,wp_f2_0496,wp_f2_0522,2,corridor,11.32,4.0,1.0,0,11.32
e_wp_f2_0496__wp_f2_0523,wp_f2_0496,wp_f2_0523,2,corridor,8.0,4.0,1.0,0,8.0
e_wp_f2_0496__wp_f2_0548,wp_f2_0496,wp_f2_0548,2,corridor,16.0,4.0,1.0,0,16.0
e_esc_nw_l2__wp_f2_0497,wp_f2_0497,esc_nw_l2,2,corridor,11.7,4.0,1.0,0,11.7
e_wp_f2_0498__wp_f2_0499,wp_f2_0498,wp_f2_0499,2,corridor,8.01,4.0,1.0,0,8.01
e_wp_f2_0498__wp_f2_0500,wp_f2_0498,wp_f2_0500,2,corridor,16.0,4.0,1.0,0,16.0
e_wp_f2_0499__wp_f2_0524,wp_f2_0499,wp_f2_0524,2,corridor,8.0,4.0,1.0,0,8.0
e_wp_f2_0499__wp_f2_0500,wp_f2_0499,wp_f2_0500,2,corridor,8.0,4.0,1.0,0,8.0
e_wp_f2_0499__wp_f2_0501,wp_f2_0499,wp_f2_0501,2,corridor,16.0,4.0,1.0,0,16.0
e_wp_f2_0499__wp_f2_0525,wp_f2_0499,wp_f2_0525,2,corridor,11.31,4.0,1.0,0,11.31
e_wp_f2_0499__wp_f2_0549,wp_f2_0499,wp_f2_0549,2,corridor,16.0,4.0,1.0,0,16.0
e_wp_f2_0500__wp_f2_0524,wp_f2_0500,wp_f2_0524,2,corridor,11.31,4.0,1.0,0,11.31
e_wp_f2_0500__wp_f2_0501,wp_f2_0500,wp_f2_0501,2,corridor,8.01,4.0,1.0,0,8.01
e_wp_f2_0500__wp_f2_0525,wp_f2_0500,wp_f2_0525,2,corridor,8.0,4.0,1.0,0,8.0
e_wp_f2_0500__wp_f2_0526,wp_f2_0500,wp_f2_0526,2,corridor,11.32,4.0,1.0,0,11.32
e_wp_f2_0500__wp_f2_0550,wp_f2_0500,wp_f2_0550,2,corridor,16.0,4.0,1.0,0,16.0
e_wp_f2_0500__wp_f2_0502,wp_f2_0500,wp_f2_0502,2,corridor,16.0,4.0,1.0,0,16.0
e_wp_f2_0501__wp_f2_0525,wp_f2_0501,wp_f2_0525,2,corridor,11.32,4.0,1.0,0,11.32
e_wp_f2_0501__wp_f2_0526,wp_f2_0501,wp_f2_0526,2,corridor,8.0,4.0,1.0,0,8.0
e_wp_f2_0501__wp_f2_0551,wp_f2_0501,wp_f2_0551,2,corridor,16.0,4.0,1.0,0,16.0
e_wp_f2_0501__wp_f2_0527,wp_f2_0501,wp_f2_0527,2,corridor,11.31,4.0,1.0,0,11.31
e_wp_f2_0501__wp_f2_0502,wp_f2_0501,wp_f2_0502,2,corridor,8.0,4.0,1.0,0,8.0
e_wp_f2_0502__wp_f2_0526,wp_f2_0502,wp_f2_0526,2,corridor,11.31,4.0,1.0,0,11.31
e_wp_f2_0502__wp_f2_0552,wp_f2_0502,wp_f2_0552,2,corridor,16.0,4.0,1.0,0,16.0
e_wp_f2_0502__wp_f2_0527,wp_f2_0502,wp_f2_0527,2,corridor,8.0,4.0,1.0,0,8.0
e_wp_f2_0502__wp_f2_0528,wp_f2_0502,wp_f2_0528,2,corridor,11.32,4.0,1.0,0,11.32
e_play_area_l2__wp_f2_0502,wp_f2_0502,play_area_l2,2,corridor,13.95,4.0,1.0,0,13.95
e_wp_f2_0505__wp_f2_0529,wp_f2_0505,wp_f2_0529,2,corridor,11.31,4.0,1.0,0,11.31
e_play_area_l2__wp_f2_0505,wp_f2_0505,play_area_l2,2,corridor,13.53,4.0,1.0,0,13.53
e_wp_f2_0505__wp_f2_0530,wp_f2_0505,wp_f2_0530,2,corridor,7.99,4.0,1.0,0,7.99
e_wp_f2_0505__wp_f2_0506,wp_f2_0505,wp_f2_0506,2,corridor,8.0,4.0,1.0,0,8.0
e_wp_f2_0505__wp_f2_0531,wp_f2_0505,wp_f2_0531,2,corridor,11.31,4.0,1.0,0,11.31
e_wp_f2_0505__wp_f2_0507,wp_f2_0505,wp_f2_0507,2,corridor,16.0,4.0,1.0,0,16.0
e_wp_f2_0505__wp_f2_0555,wp_f2_0505,wp_f2_0555,2,corridor,15.99,4.0,1.0,0,15.99
e_wp_f2_0506__wp_f2_0530,wp_f2_0506,wp_f2_0530,2,corridor,11.32,4.0,1.0,0,11.32
e_wp_f2_0506__wp_f2_0531,wp_f2_0506,wp_f2_0531,2,corridor,8.0,4.0,1.0,0,8.0
e_wp_f2_0506__wp_f2_0532,wp_f2_0506,wp_f2_0532,2,corridor,11.31,4.0,1.0,0,11.31
e_wp_f2_0506__wp_f2_0507,wp_f2_0506,wp_f2_0507,2,corridor,8.0,4.0,1.0,0,8.0
e_wp_f2_0506__wp_f2_0556,wp_f2_0506,wp_f2_0556,2,corridor,16.0,4.0,1.0,0,16.0
e_wp_f2_0506__wp_f2_0508,wp_f2_0506,wp_f2_0508,2,corridor,16.0,4.0,1.0,0,16.0
e_wp_f2_0507__wp_f2_0531,wp_f2_0507,wp_f2_0531,2,corridor,11.31,4.0,1.0,0,11.31
e_wp_f2_0507__wp_f2_0532,wp_f2_0507,wp_f2_0532,2,corridor,8.0,4.0,1.0,0,8.0
e_wp_f2_0507__wp_f2_0557,wp_f2_0507,wp_f2_0557,2,corridor,16.0,4.0,1.0,0,16.0
e_wp_f2_0507__wp_f2_0533,wp_f2_0507,wp_f2_0533,2,corridor,11.32,4.0,1.0,0,11.32
e_wp_f2_0507__wp_f2_0508,wp_f2_0507,wp_f2_0508,2,corridor,8.01,4.0,1.0,0,8.01
e_wp_f2_0507__wp_f2_0509,wp_f2_0507,wp_f2_0509,2,corridor,16.0,4.0,1.0,0,16.0
e_wp_f2_0508__wp_f2_0532,wp_f2_0508,wp_f2_0532,2,corridor,11.32,4.0,1.0,0,11.32
e_wp_f2_0508__wp_f2_0533,wp_f2_0508,wp_f2_0533,2,corridor,8.0,4.0,1.0,0,8.0
e_wp_f2_0508__wp_f2_0558,wp_f2_0508,wp_f2_0558,2,corridor,16.0,4.0,1.0,0,16.0
e_wp_f2_0508__wp_f2_0534,wp_f2_0508,wp_f2_0534,2,corridor,11.31,4.0,1.0,0,11.31
e_wp_f2_0508__wp_f2_0509,wp_f2_0508,wp_f2_0509,2,corridor,8.0,4.0,1.0,0,8.0
e_wp_f2_0508__wp_f2_0510,wp_f2_0508,wp_f2_0510,2,corridor,16.0,4.0,1.0,0,16.0
e_wp_f2_0509__wp_f2_0533,wp_f2_0509,wp_f2_0533,2,corridor,11.31,4.0,1.0,0,11.31
e_wp_f2_0509__wp_f2_0534,wp_f2_0509,wp_f2_0534,2,corridor,8.0,4.0,1.0,0,8.0
e_wp_f2_0509__wp_f2_0535,wp_f2_0509,wp_f2_0535,2,corridor,11.32,4.0,1.0,0,11.32
e_wp_f2_0509__wp_f2_0510,wp_f2_0509,wp_f2_0510,2,corridor,8.01,4.0,1.0,0,8.01
e_wp_f2_0509__wp_f2_0511,wp_f2_0509,wp_f2_0511,2,corridor,16.0,4.0,1.0,0,16.0
e_wp_f2_0509__wp_f2_0559,wp_f2_0509,wp_f2_0559,2,corridor,16.0,4.0,1.0,0,16.0
e_wp_f2_0510__wp_f2_0534,wp_f2_0510,wp_f2_0534,2,corridor,11.32,4.0,1.0,0,11.32
e_wp_f2_0510__wp_f2_0535,wp_f2_0510,wp_f2_0535,2,corridor,8.0,4.0,1.0,0,8.0
e_wp_f2_0510__wp_f2_0511,wp_f2_0510,wp_f2_0511,2,corridor,8.0,4.0,1.0,0,8.0
e_wp_f2_0510__wp_f2_0536,wp_f2_0510,wp_f2_0536,2,corridor,11.31,4.0,1.0,0,11.31
e_wp_f2_0510__wp_f2_0560,wp_f2_0510,wp_f2_0560,2,corridor,16.0,4.0,1.0,0,16.0
e_wp_f2_0511__wp_f2_0535,wp_f2_0511,wp_f2_0535,2,corridor,11.31,4.0,1.0,0,11.31
e_wp_f2_0511__wp_f2_0536,wp_f2_0511,wp_f2_0536,2,corridor,8.0,4.0,1.0,0,8.0
e_wp_f2_0511__wp_f2_0561,wp_f2_0511,wp_f2_0561,2,corridor,15.99,4.0,1.0,0,15.99
e_esc_ne_l2__wp_f2_0511,wp_f2_0511,esc_ne_l2,2,corridor,12.29,4.0,1.0,0,12.29
e_wp_f2_0514__wp_f2_0539,wp_f2_0514,wp_f2_0539,2,corridor,8.0,4.0,1.0,0,8.0
e_esc_ne_l2__wp_f2_0514,wp_f2_0514,esc_ne_l2,2,corridor,12.52,4.0,1.0,0,12.52
e_wp_f2_0514__wp_f2_0515,wp_f2_0514,wp_f2_0515,2,corridor,8.0,4.0,1.0,0,8.0
e_wp_f2_0514__wp_f2_0540,wp_f2_0514,wp_f2_0540,2,corridor,11.31,4.0,1.0,0,11.31
e_wp_f2_0514__wp_f2_0516,wp_f2_0514,wp_f2_0516,2,corridor,16.0,4.0,1.0,0,16.0
e_wp_f2_0514__wp_f2_0564,wp_f2_0514,wp_f2_0564,2,corridor,16.0,4.0,1.0,0,16.0
e_wp_f2_0515__wp_f2_0539,wp_f2_0515,wp_f2_0539,2,corridor,11.31,4.0,1.0,0,11.31
e_wp_f2_0515__wp_f2_0540,wp_f2_0515,wp_f2_0540,2,corridor,8.0,4.0,1.0,0,8.0
e_wp_f2_0515__wp_f2_0541,wp_f2_0515,wp_f2_0541,2,corridor,11.32,4.0,1.0,0,11.32
e_wp_f2_0515__wp_f2_0516,wp_f2_0515,wp_f2_0516,2,corridor,8.01,4.0,1.0,0,8.01
e_wp_f2_0515__wp_f2_0517,wp_f2_0515,wp_f2_0517,2,corridor,16.01,4.0,1.0,0,16.01
e_wp_f2_0515__wp_f2_0565,wp_f2_0515,wp_f2_0565,2,corridor,16.0,4.0,1.0,0,16.0
e_wp_f2_0516__wp_f2_0540,wp_f2_0516,wp_f2_0540,2,corridor,11.32,4.0,1.0,0,11.32
e_wp_f2_0516__wp_f2_0541,wp_f2_0516,wp_f2_0541,2,corridor,8.0,4.0,1.0,0,8.0
e_wp_f2_0516__wp_f2_0517,wp_f2_0516,wp_f2_0517,2,corridor,8.01,4.0,1.0,0,8.01
e_wp_f2_0516__wp_f2_0518,wp_f2_0516,wp_f2_0518,2,corridor,16.0,4.0,1.0,0,16.0
e_wp_f2_0516__wp_f2_0542,wp_f2_0516,wp_f2_0542,2,corridor,11.32,4.0,1.0,0,11.32
e_wp_f2_0516__wp_f2_0566,wp_f2_0516,wp_f2_0566,2,corridor,16.0,4.0,1.0,0,16.0
e_wp_f2_0517__wp_f2_0541,wp_f2_0517,wp_f2_0541,2,corridor,11.32,4.0,1.0,0,11.32
e_wp_f2_0517__wp_f2_0543,wp_f2_0517,wp_f2_0543,2,corridor,11.31,4.0,1.0,0,11.31
e_wp_f2_0517__wp_f2_0518,wp_f2_0517,wp_f2_0518,2,corridor,8.0,4.0,1.0,0,8.0
e_wp_f2_0517__wp_f2_0542,wp_f2_0517,wp_f2_0542,2,corridor,8.0,4.0,1.0,0,8.0
e_wp_f2_0517__wp_f2_0567,wp_f2_0517,wp_f2_0567,2,corridor,16.0,4.0,1.0,0,16.0
e_wp_f2_0517__wp_f2_0519,wp_f2_0517,wp_f2_0519,2,corridor,16.0,4.0,1.0,0,16.0
e_wp_f2_0518__wp_f2_0543,wp_f2_0518,wp_f2_0543,2,corridor,8.0,4.0,1.0,0,8.0
e_wp_f2_0518__wp_f2_0542,wp_f2_0518,wp_f2_0542,2,corridor,11.31,4.0,1.0,0,11.31
e_wp_f2_0518__wp_f2_0568,wp_f2_0518,wp_f2_0568,2,corridor,16.0,4.0,1.0,0,16.0
e_wp_f2_0518__wp_f2_0520,wp_f2_0518,wp_f2_0520,2,corridor,16.0,4.0,1.0,0,16.0
e_wp_f2_0518__wp_f2_0519,wp_f2_0518,wp_f2_0519,2,corridor,8.01,4.0,1.0,0,8.01
e_wp_f2_0518__wp_f2_0544,wp_f2_0518,wp_f2_0544,2,corridor,11.32,4.0,1.0,0,11.32
e_wp_f2_0519__wp_f2_0543,wp_f2_0519,wp_f2_0543,2,corridor,11.32,4.0,1.0,0,11.32
e_wp_f2_0519__wp_f2_0520,wp_f2_0519,wp_f2_0520,2,corridor,8.0,4.0,1.0,0,8.0
e_wp_f2_0519__wp_f2_0544,wp_f2_0519,wp_f2_0544,2,corridor,8.0,4.0,1.0,0,8.0
e_wp_f2_0519__wp_f2_0521,wp_f2_0519,wp_f2_0521,2,corridor,16.0,4.0,1.0,0,16.0
e_wp_f2_0519__wp_f2_0569,wp_f2_0519,wp_f2_0569,2,corridor,15.99,4.0,1.0,0,15.99
e_wp_f2_0519__wp_f2_0545,wp_f2_0519,wp_f2_0545,2,corridor,11.31,4.0,1.0,0,11.31
e_wp_f2_0520__wp_f2_0544,wp_f2_0520,wp_f2_0544,2,corridor,11.31,4.0,1.0,0,11.31
e_wp_f2_0520__wp_f2_0521,wp_f2_0520,wp_f2_0521,2,corridor,8.0,4.0,1.0,0,8.0
e_wp_f2_0520__wp_f2_0522,wp_f2_0520,wp_f2_0522,2,corridor,16.0,4.0,1.0,0,16.0
e_wp_f2_0520__wp_f2_0546,wp_f2_0520,wp_f2_0546,2,corridor,11.31,4.0,1.0,0,11.31
e_wp_f2_0520__wp_f2_0570,wp_f2_0520,wp_f2_0570,2,corridor,15.99,4.0,1.0,0,15.99
e_wp_f2_0520__wp_f2_0545,wp_f2_0520,wp_f2_0545,2,corridor,7.99,4.0,1.0,0,7.99
e_wp_f2_0521__wp_f2_0522,wp_f2_0521,wp_f2_0522,2,corridor,8.0,4.0,1.0,0,8.0
e_wp_f2_0521__wp_f2_0523,wp_f2_0521,wp_f2_0523,2,corridor,16.0,4.0,1.0,0,16.0
e_wp_f2_0521__wp_f2_0546,wp_f2_0521,wp_f2_0546,2,corridor,8.0,4.0,1.0,0,8.0
e_wp_f2_0521__wp_f2_0547,wp_f2_0521,wp_f2_0547,2,corridor,11.31,4.0,1.0,0,11.31
e_wp_f2_0521__wp_f2_0571,wp_f2_0521,wp_f2_0571,2,corridor,16.0,4.0,1.0,0,16.0
e_wp_f2_0521__wp_f2_0545,wp_f2_0521,wp_f2_0545,2,corridor,11.32,4.0,1.0,0,11.32
e_wp_f2_0522__wp_f2_0523,wp_f2_0522,wp_f2_0523,2,corridor,8.01,4.0,1.0,0,8.01
e_wp_f2_0522__wp_f2_0546,wp_f2_0522,wp_f2_0546,2,corridor,11.31,4.0,1.0,0,11.31
e_wp_f2_0522__wp_f2_0547,wp_f2_0522,wp_f2_0547,2,corridor,8.0,4.0,1.0,0,8.0
e_wp_f2_0522__wp_f2_0548,wp_f2_0522,wp_f2_0548,2,corridor,11.32,4.0,1.0,0,11.32
e_wp_f2_0522__wp_f2_0572,wp_f2_0522,wp_f2_0572,2,corridor,16.0,4.0,1.0,0,16.0
e_wp_f2_0523__wp_f2_0573,wp_f2_0523,wp_f2_0573,2,corridor,16.0,4.0,1.0,0,16.0
e_wp_f2_0523__wp_f2_0547,wp_f2_0523,wp_f2_0547,2,corridor,11.32,4.0,1.0,0,11.32
e_wp_f2_0523__wp_f2_0548,wp_f2_0523,wp_f2_0548,2,corridor,8.0,4.0,1.0,0,8.0
e_wp_f2_0524__wp_f2_0525,wp_f2_0524,wp_f2_0525,2,corridor,8.0,4.0,1.0,0,8.0
e_wp_f2_0524__wp_f2_0526,wp_f2_0524,wp_f2_0526,2,corridor,16.0,4.0,1.0,0,16.0
e_wp_f2_0524__wp_f2_0550,wp_f2_0524,wp_f2_0550,2,corridor,11.31,4.0,1.0,0,11.31
e_wp_f2_0524__wp_f2_0549,wp_f2_0524,wp_f2_0549,2,corridor,8.0,4.0,1.0,0,8.0
e_wp_f2_0525__wp_f2_0526,wp_f2_0525,wp_f2_0526,2,corridor,8.01,4.0,1.0,0,8.01
e_wp_f2_0525__wp_f2_0550,wp_f2_0525,wp_f2_0550,2,corridor,8.0,4.0,1.0,0,8.0
e_wp_f2_0525__wp_f2_0549,wp_f2_0525,wp_f2_0549,2,corridor,11.31,4.0,1.0,0,11.31
e_wp_f2_0525__wp_f2_0551,wp_f2_0525,wp_f2_0551,2,corridor,11.32,4.0,1.0,0,11.32
e_wp_f2_0525__wp_f2_0527,wp_f2_0525,wp_f2_0527,2,corridor,16.0,4.0,1.0,0,16.0
e_wp_f2_0526__wp_f2_0550,wp_f2_0526,wp_f2_0550,2,corridor,11.32,4.0,1.0,0,11.32
e_wp_f2_0526__wp_f2_0551,wp_f2_0526,wp_f2_0551,2,corridor,8.0,4.0,1.0,0,8.0
e_wp_f2_0526__wp_f2_0552,wp_f2_0526,wp_f2_0552,2,corridor,11.31,4.0,1.0,0,11.31
e_wp_f2_0526__wp_f2_0527,wp_f2_0526,wp_f2_0527,2,corridor,8.0,4.0,1.0,0,8.0
e_wp_f2_0526__wp_f2_0528,wp_f2_0526,wp_f2_0528,2,corridor,16.0,4.0,1.0,0,16.0
e_wp_f2_0527__wp_f2_0551,wp_f2_0527,wp_f2_0551,2,corridor,11.31,4.0,1.0,0,11.31
e_wp_f2_0527__wp_f2_0553,wp_f2_0527,wp_f2_0553,2,corridor,11.32,4.0,1.0,0,11.32
e_wp_f2_0527__wp_f2_0552,wp_f2_0527,wp_f2_0552,2,corridor,8.0,4.0,1.0,0,8.0
e_wp_f2_0527__wp_f2_0529,wp_f2_0527,wp_f2_0529,2,corridor,16.01,4.0,1.0,0,16.01
e_wp_f2_0527__wp_f2_0528,wp_f2_0527,wp_f2_0528,2,corridor,8.01,4.0,1.0,0,8.01
e_wp_f2_0527__wp_f2_0576,wp_f2_0527,wp_f2_0576,2,corridor,16.0,4.0,1.0,0,16.0
e_wp_f2_0528__wp_f2_0553,wp_f2_0528,wp_f2_0553,2,corridor,8.0,4.0,1.0,0,8.0
e_wp_f2_0528__wp_f2_0552,wp_f2_0528,wp_f2_0552,2,corridor,11.32,4.0,1.0,0,11.32
e_wp_f2_0528__wp_f2_0529,wp_f2_0528,wp_f2_0529,2,corridor,8.01,4.0,1.0,0,8.01
e_play_area_l2__wp_f2_0528,wp_f2_0528,play_area_l2,2,corridor,15.28,4.0,1.0,0,15.28
e_wp_f2_0528__wp_f2_0530,wp_f2_0528,wp_f2_0530,2,corridor,16.0,4.0,1.0,0,16.0
e_wp_f2_0528__wp_f2_0554,wp_f2_0528,wp_f2_0554,2,corridor,11.31,4.0,1.0,0,11.31
e_wp_f2_0528__wp_f2_0577,wp_f2_0528,wp_f2_0577,2,corridor,15.99,4.0,1.0,0,15.99
e_wp_f2_0529__wp_f2_0553,wp_f2_0529,wp_f2_0553,2,corridor,11.32,4.0,1.0,0,11.32
e_play_area_l2__wp_f2_0529,wp_f2_0529,play_area_l2,2,corridor,15.16,4.0,1.0,0,15.16
e_wp_f2_0529__wp_f2_0530,wp_f2_0529,wp_f2_0530,2,corridor,8.0,4.0,1.0,0,8.0
e_wp_f2_0529__wp_f2_0531,wp_f2_0529,wp_f2_0531,2,corridor,16.0,4.0,1.0,0,16.0
e_wp_f2_0529__wp_f2_0554,wp_f2_0529,wp_f2_0554,2,corridor,7.99,4.0,1.0,0,7.99
e_wp_f2_0529__wp_f2_0578,wp_f2_0529,wp_f2_0578,2,corridor,15.99,4.0,1.0,0,15.99
e_wp_f2_0529__wp_f2_0555,wp_f2_0529,wp_f2_0555,2,corridor,11.31,4.0,1.0,0,11.31
e_wp_f2_0530__wp_f2_0531,wp_f2_0530,wp_f2_0531,2,corridor,8.01,4.0,1.0,0,8.01
e_wp_f2_0530__wp_f2_0532,wp_f2_0530,wp_f2_0532,2,corridor,16.0,4.0,1.0,0,16.0
e_wp_f2_0530__wp_f2_0579,wp_f2_0530,wp_f2_0579,2,corridor,16.0,4.0,1.0,0,16.0
e_wp_f2_0530__wp_f2_0554,wp_f2_0530,wp_f2_0554,2,corridor,11.31,4.0,1.0,0,11.31
e_wp_f2_0530__wp_f2_0555,wp_f2_0530,wp_f2_0555,2,corridor,8.0,4.0,1.0,0,8.0
e_wp_f2_0530__wp_f2_0556,wp_f2_0530,wp_f2_0556,2,corridor,11.32,4.0,1.0,0,11.32
e_wp_f2_0531__wp_f2_0532,wp_f2_0531,wp_f2_0532,2,corridor,8.0,4.0,1.0,0,8.0
e_wp_f2_0531__wp_f2_0555,wp_f2_0531,wp_f2_0555,2,corridor,11.32,4.0,1.0,0,11.32
e_wp_f2_0531__wp_f2_0580,wp_f2_0531,wp_f2_0580,2,corridor,16.0,4.0,1.0,0,16.0
e_wp_f2_0531__wp_f2_0556,wp_f2_0531,wp_f2_0556,2,corridor,8.0,4.0,1.0,0,8.0
e_wp_f2_0531__wp_f2_0557,wp_f2_0531,wp_f2_0557,2,corridor,11.31,4.0,1.0,0,11.31
e_wp_f2_0531__wp_f2_0533,wp_f2_0531,wp_f2_0533,2,corridor,16.0,4.0,1.0,0,16.0
e_wp_f2_0532__wp_f2_0581,wp_f2_0532,wp_f2_0581,2,corridor,16.0,4.0,1.0,0,16.0
e_wp_f2_0532__wp_f2_0556,wp_f2_0532,wp_f2_0556,2,corridor,11.31,4.0,1.0,0,11.31
e_wp_f2_0532__wp_f2_0557,wp_f2_0532,wp_f2_0557,2,corridor,8.0,4.0,1.0,0,8.0
e_wp_f2_0532__wp_f2_0533,wp_f2_0532,wp_f2_0533,2,corridor,8.01,4.0,1.0,0,8.01
e_wp_f2_0532__wp_f2_0558,wp_f2_0532,wp_f2_0558,2,corridor,11.32,4.0,1.0,0,11.32
e_wp_f2_0532__wp_f2_0534,wp_f2_0532,wp_f2_0534,2,corridor,16.0,4.0,1.0,0,16.0
e_wp_f2_0533__wp_f2_0557,wp_f2_0533,wp_f2_0557,2,corridor,11.32,4.0,1.0,0,11.32
e_wp_f2_0533__wp_f2_0558,wp_f2_0533,wp_f2_0558,2,corridor,8.0,4.0,1.0,0,8.0
e_wp_f2_0533__wp_f2_0534,wp_f2_0533,wp_f2_0534,2,corridor,8.0,4.0,1.0,0,8.0
e_wp_f2_0533__wp_f2_0535,wp_f2_0533,wp_f2_0535,2,corridor,16.0,4.0,1.0,0,16.0
e_wp_f2_0533__wp_f2_0582,wp_f2_0533,wp_f2_0582,2,corridor,16.0,4.0,1.0,0,16.0
e_wp_f2_0533__wp_f2_0559,wp_f2_0533,wp_f2_0559,2,corridor,11.31,4.0,1.0,0,11.31
e_wp_f2_0534__wp_f2_0558,wp_f2_0534,wp_f2_0558,2,corridor,11.31,4.0,1.0,0,11.31
e_wp_f2_0534__wp_f2_0535,wp_f2_0534,wp_f2_0535,2,corridor,8.01,4.0,1.0,0,8.01
e_wp_f2_0534__wp_f2_0536,wp_f2_0534,wp_f2_0536,2,corridor,16.0,4.0,1.0,0,16.0
e_wp_f2_0534__wp_f2_0560,wp_f2_0534,wp_f2_0560,2,corridor,11.32,4.0,1.0,0,11.32
e_wp_f2_0534__wp_f2_0559,wp_f2_0534,wp_f2_0559,2,corridor,8.0,4.0,1.0,0,8.0
e_wp_f2_0534__wp_f2_0583,wp_f2_0534,wp_f2_0583,2,corridor,16.0,4.0,1.0,0,16.0
e_wp_f2_0535__wp_f2_0536,wp_f2_0535,wp_f2_0536,2,corridor,8.0,4.0,1.0,0,8.0
e_wp_f2_0535__wp_f2_0560,wp_f2_0535,wp_f2_0560,2,corridor,8.0,4.0,1.0,0,8.0
e_wp_f2_0535__wp_f2_0561,wp_f2_0535,wp_f2_0561,2,corridor,11.31,4.0,1.0,0,11.31
e_wp_f2_0535__wp_f2_0559,wp_f2_0535,wp_f2_0559,2,corridor,11.32,4.0,1.0,0,11.32
e_wp_f2_0535__wp_f2_0584,wp_f2_0535,wp_f2_0584,2,corridor,15.99,4.0,1.0,0,15.99
e_wp_f2_0536__wp_f2_0560,wp_f2_0536,wp_f2_0560,2,corridor,11.31,4.0,1.0,0,11.31
e_wp_f2_0536__wp_f2_0562,wp_f2_0536,wp_f2_0562,2,corridor,11.31,4.0,1.0,0,11.31
e_wp_f2_0536__wp_f2_0561,wp_f2_0536,wp_f2_0561,2,corridor,7.99,4.0,1.0,0,7.99
e_wp_f2_0536__wp_f2_0585,wp_f2_0536,wp_f2_0585,2,corridor,15.99,4.0,1.0,0,15.99
e_esc_ne_l2__wp_f2_0536,wp_f2_0536,esc_ne_l2,2,corridor,12.84,4.0,1.0,0,12.84
e_esc_ne_l2__wp_f2_0539,wp_f2_0539,esc_ne_l2,2,corridor,13.06,4.0,1.0,0,13.06
e_wp_f2_0539__wp_f2_0540,wp_f2_0539,wp_f2_0540,2,corridor,8.0,4.0,1.0,0,8.0
e_wp_f2_0539__wp_f2_0541,wp_f2_0539,wp_f2_0541,2,corridor,16.0,4.0,1.0,0,16.0
e_wp_f2_0539__wp_f2_0564,wp_f2_0539,wp_f2_0564,2,corridor,8.0,4.0,1.0,0,8.0
e_wp_f2_0539__wp_f2_0563,wp_f2_0539,wp_f2_0563,2,corridor,11.32,4.0,1.0,0,11.32
e_wp_f2_0539__wp_f2_0588,wp_f2_0539,wp_f2_0588,2,corridor,16.0,4.0,1.0,0,16.0
e_wp_f2_0539__wp_f2_0565,wp_f2_0539,wp_f2_0565,2,corridor,11.31,4.0,1.0,0,11.31
e_wp_f2_0540__wp_f2_0541,wp_f2_0540,wp_f2_0541,2,corridor,8.01,4.0,1.0,0,8.01
e_wp_f2_0540__wp_f2_0542,wp_f2_0540,wp_f2_0542,2,corridor,16.01,4.0,1.0,0,16.01
e_wp_f2_0540__wp_f2_0564,wp_f2_0540,wp_f2_0564,2,corridor,11.31,4.0,1.0,0,11.31
e_wp_f2_0540__wp_f2_0565,wp_f2_0540,wp_f2_0565,2,corridor,8.0,4.0,1.0,0,8.0
e_wp_f2_0540__wp_f2_0589,wp_f2_0540,wp_f2_0589,2,corridor,16.0,4.0,1.0,0,16.0
e_wp_f2_0540__wp_f2_0566,wp_f2_0540,wp_f2_0566,2,corridor,11.32,4.0,1.0,0,11.32
e_wp_f2_0541__wp_f2_0543,wp_f2_0541,wp_f2_0543,2,corridor,16.0,4.0,1.0,0,16.0
e_wp_f2_0541__wp_f2_0542,wp_f2_0541,wp_f2_0542,2,corridor,8.01,4.0,1.0,0,8.01
e_wp_f2_0541__wp_f2_0565,wp_f2_0541,wp_f2_0565,2,corridor,11.32,4.0,1.0,0,11.32
e_wp_f2_0541__wp_f2_0590,wp_f2_0541,wp_f2_0590,2,corridor,16.0,4.0,1.0,0,16.0
e_wp_f2_0541__wp_f2_0566,wp_f2_0541,wp_f2_0566,2,corridor,8.0,4.0,1.0,0,8.0
e_wp_f2_0541__wp_f2_0567,wp_f2_0541,wp_f2_0567,2,corridor,11.32,4.0,1.0,0,11.32
e_wp_f2_0542__wp_f2_0543,wp_f2_0542,wp_f2_0543,2,corridor,8.0,4.0,1.0,0,8.0
e_wp_f2_0542__wp_f2_0566,wp_f2_0542,wp_f2_0566,2,corridor,11.32,4.0,1.0,0,11.32
e_wp_f2_0542__wp_f2_0591,wp_f2_0542,wp_f2_0591,2,corridor,16.0,4.0,1.0,0,16.0
e_wp_f2_0542__wp_f2_0567,wp_f2_0542,wp_f2_0567,2,corridor,8.0,4.0,1.0,0,8.0
e_wp_f2_0542__wp_f2_0568,wp_f2_0542,wp_f2_0568,2,corridor,11.31,4.0,1.0,0,11.31
e_wp_f2_0542__wp_f2_0544,wp_f2_0542,wp_f2_0544,2,corridor,16.0,4.0,1.0,0,16.0
e_wp_f2_0543__wp_f2_0592,wp_f2_0543,wp_f2_0592,2,corridor,15.99,4.0,1.0,0,15.99
e_wp_f2_0543__wp_f2_0567,wp_f2_0543,wp_f2_0567,2,corridor,11.31,4.0,1.0,0,11.31
e_wp_f2_0543__wp_f2_0568,wp_f2_0543,wp_f2_0568,2,corridor,8.0,4.0,1.0,0,8.0
e_wp_f2_0543__wp_f2_0544,wp_f2_0543,wp_f2_0544,2,corridor,8.01,4.0,1.0,0,8.01
e_wp_f2_0543__wp_f2_0569,wp_f2_0543,wp_f2_0569,2,corridor,11.31,4.0,1.0,0,11.31
e_wp_f2_0543__wp_f2_0545,wp_f2_0543,wp_f2_0545,2,corridor,16.0,4.0,1.0,0,16.0
e_wp_f2_0544__wp_f2_0568,wp_f2_0544,wp_f2_0568,2,corridor,11.32,4.0,1.0,0,11.32
e_wp_f2_0544__wp_f2_0546,wp_f2_0544,wp_f2_0546,2,corridor,16.0,4.0,1.0,0,16.0
e_wp_f2_0544__wp_f2_0569,wp_f2_0544,wp_f2_0569,2,corridor,7.99,4.0,1.0,0,7.99
e_wp_f2_0544__wp_f2_0570,wp_f2_0544,wp_f2_0570,2,corridor,11.31,4.0,1.0,0,11.31
e_wp_f2_0544__wp_f2_0545,wp_f2_0544,wp_f2_0545,2,corridor,8.0,4.0,1.0,0,8.0
e_cinema_entry__wp_f2_0544,wp_f2_0544,cinema_entry,2,corridor,16.48,4.0,0.8,0,20.6
e_wp_f2_0545__wp_f2_0546,wp_f2_0545,wp_f2_0546,2,corridor,8.01,4.0,1.0,0,8.01
e_wp_f2_0545__wp_f2_0547,wp_f2_0545,wp_f2_0547,2,corridor,16.0,4.0,1.0,0,16.0
e_wp_f2_0545__wp_f2_0569,wp_f2_0545,wp_f2_0569,2,corridor,11.31,4.0,1.0,0,11.31
e_wp_f2_0545__wp_f2_0570,wp_f2_0545,wp_f2_0570,2,corridor,8.0,4.0,1.0,0,8.0
e_wp_f2_0545__wp_f2_0571,wp_f2_0545,wp_f2_0571,2,corridor,11.32,4.0,1.0,0,11.32
e_wp_f2_0546__wp_f2_0547,wp_f2_0546,wp_f2_0547,2,corridor,8.0,4.0,1.0,0,8.0
e_wp_f2_0546__wp_f2_0548,wp_f2_0546,wp_f2_0548,2,corridor,16.0,4.0,1.0,0,16.0
e_wp_f2_0546__wp_f2_0570,wp_f2_0546,wp_f2_0570,2,corridor,11.32,4.0,1.0,0,11.32
e_wp_f2_0546__wp_f2_0571,wp_f2_0546,wp_f2_0571,2,corridor,8.0,4.0,1.0,0,8.0
e_wp_f2_0546__wp_f2_0572,wp_f2_0546,wp_f2_0572,2,corridor,11.31,4.0,1.0,0,11.31
e_event_cinemas__wp_f2_0546,wp_f2_0546,event_cinemas,2,corridor,16.49,4.0,1.0,0,16.49
e_wp_f2_0547__wp_f2_0573,wp_f2_0547,wp_f2_0573,2,corridor,11.32,4.0,1.0,0,11.32
e_wp_f2_0547__wp_f2_0548,wp_f2_0547,wp_f2_0548,2,corridor,8.01,4.0,1.0,0,8.01
e_wp_f2_0547__wp_f2_0571,wp_f2_0547,wp_f2_0571,2,corridor,11.31,4.0,1.0,0,11.31
e_wp_f2_0547__wp_f2_0572,wp_f2_0547,wp_f2_0572,2,corridor,8.0,4.0,1.0,0,8.0
e_event_cinemas__wp_f2_0547,wp_f2_0547,event_cinemas,2,corridor,16.62,4.0,1.0,0,16.62
e_wp_f2_0548__wp_f2_0573,wp_f2_0548,wp_f2_0573,2,corridor,8.0,4.0,1.0,0,8.0
e_wp_f2_0548__wp_f2_0572,wp_f2_0548,wp_f2_0572,2,corridor,11.32,4.0,1.0,0,11.32
e_wp_f2_0548__wp_f2_0597,wp_f2_0548,wp_f2_0597,2,corridor,16.0,4.0,1.0,0,16.0
e_wp_f2_0549__wp_f2_0550,wp_f2_0549,wp_f2_0550,2,corridor,8.0,4.0,1.0,0,8.0
e_wp_f2_0549__wp_f2_0551,wp_f2_0549,wp_f2_0551,2,corridor,16.0,4.0,1.0,0,16.0
e_wp_f2_0550__wp_f2_0551,wp_f2_0550,wp_f2_0551,2,corridor,8.01,4.0,1.0,0,8.01
e_wp_f2_0550__wp_f2_0552,wp_f2_0550,wp_f2_0552,2,corridor,16.0,4.0,1.0,0,16.0
e_wp_f2_0551__wp_f2_0553,wp_f2_0551,wp_f2_0553,2,corridor,16.0,4.0,1.0,0,16.0
e_wp_f2_0551__wp_f2_0552,wp_f2_0551,wp_f2_0552,2,corridor,8.0,4.0,1.0,0,8.0
e_wp_f2_0551__wp_f2_0576,wp_f2_0551,wp_f2_0576,2,corridor,11.31,4.0,1.0,0,11.31
e_wp_f2_0552__wp_f2_0553,wp_f2_0552,wp_f2_0553,2,corridor,8.01,4.0,1.0,0,8.01
e_wp_f2_0552__wp_f2_0576,wp_f2_0552,wp_f2_0576,2,corridor,8.0,4.0,1.0,0,8.0
e_wp_f2_0552__wp_f2_0554,wp_f2_0552,wp_f2_0554,2,corridor,16.01,4.0,1.0,0,16.01
e_wp_f2_0552__wp_f2_0577,wp_f2_0552,wp_f2_0577,2,corridor,11.31,4.0,1.0,0,11.31
e_wp_f2_0552__wp_f2_0600,wp_f2_0552,wp_f2_0600,2,corridor,15.99,4.0,1.0,0,15.99
e_wp_f2_0553__wp_f2_0576,wp_f2_0553,wp_f2_0576,2,corridor,11.32,4.0,1.0,0,11.32
e_wp_f2_0553__wp_f2_0554,wp_f2_0553,wp_f2_0554,2,corridor,8.0,4.0,1.0,0,8.0
e_wp_f2_0553__wp_f2_0577,wp_f2_0553,wp_f2_0577,2,corridor,7.99,4.0,1.0,0,7.99
e_wp_f2_0553__wp_f2_0601,wp_f2_0553,wp_f2_0601,2,corridor,15.99,4.0,1.0,0,15.99
e_wp_f2_0553__wp_f2_0578,wp_f2_0553,wp_f2_0578,2,corridor,11.31,4.0,1.0,0,11.31
e_wp_f2_0553__wp_f2_0555,wp_f2_0553,wp_f2_0555,2,corridor,16.0,4.0,1.0,0,16.0
e_wp_f2_0554__wp_f2_0579,wp_f2_0554,wp_f2_0579,2,corridor,11.31,4.0,1.0,0,11.31
e_wp_f2_0554__wp_f2_0602,wp_f2_0554,wp_f2_0602,2,corridor,16.0,4.0,1.0,0,16.0
e_wp_f2_0554__wp_f2_0577,wp_f2_0554,wp_f2_0577,2,corridor,11.32,4.0,1.0,0,11.32
e_wp_f2_0554__wp_f2_0578,wp_f2_0554,wp_f2_0578,2,corridor,8.0,4.0,1.0,0,8.0
e_wp_f2_0554__wp_f2_0555,wp_f2_0554,wp_f2_0555,2,corridor,8.0,4.0,1.0,0,8.0
e_wp_f2_0554__wp_f2_0556,wp_f2_0554,wp_f2_0556,2,corridor,16.0,4.0,1.0,0,16.0
e_wp_f2_0555__wp_f2_0579,wp_f2_0555,wp_f2_0579,2,corridor,8.0,4.0,1.0,0,8.0
e_wp_f2_0555__wp_f2_0603,wp_f2_0555,wp_f2_0603,2,corridor,16.0,4.0,1.0,0,16.0
e_wp_f2_0555__wp_f2_0578,wp_f2_0555,wp_f2_0578,2,corridor,11.31,4.0,1.0,0,11.31
e_wp_f2_0555__wp_f2_0580,wp_f2_0555,wp_f2_0580,2,corridor,11.32,4.0,1.0,0,11.32
e_wp_f2_0555__wp_f2_0556,wp_f2_0555,wp_f2_0556,2,corridor,8.01,4.0,1.0,0,8.01
e_wp_f2_0555__wp_f2_0557,wp_f2_0555,wp_f2_0557,2,corridor,16.0,4.0,1.0,0,16.0
e_wp_f2_0556__wp_f2_0579,wp_f2_0556,wp_f2_0579,2,corridor,11.32,4.0,1.0,0,11.32
e_wp_f2_0556__wp_f2_0604,wp_f2_0556,wp_f2_0604,2,corridor,16.0,4.0,1.0,0,16.0
e_wp_f2_0556__wp_f2_0581,wp_f2_0556,wp_f2_0581,2,corridor,11.31,4.0,1.0,0,11.31
e_wp_f2_0556__wp_f2_0580,wp_f2_0556,wp_f2_0580,2,corridor,8.0,4.0,1.0,0,8.0
e_wp_f2_0556__wp_f2_0557,wp_f2_0556,wp_f2_0557,2,corridor,8.0,4.0,1.0,0,8.0
e_wp_f2_0556__wp_f2_0558,wp_f2_0556,wp_f2_0558,2,corridor,16.0,4.0,1.0,0,16.0
e_wp_f2_0557__wp_f2_0581,wp_f2_0557,wp_f2_0581,2,corridor,8.0,4.0,1.0,0,8.0
e_wp_f2_0557__wp_f2_0605,wp_f2_0557,wp_f2_0605,2,corridor,16.0,4.0,1.0,0,16.0
e_wp_f2_0557__wp_f2_0580,wp_f2_0557,wp_f2_0580,2,corridor,11.31,4.0,1.0,0,11.31
e_wp_f2_0557__wp_f2_0558,wp_f2_0557,wp_f2_0558,2,corridor,8.01,4.0,1.0,0,8.01
e_wp_f2_0557__wp_f2_0582,wp_f2_0557,wp_f2_0582,2,corridor,11.32,4.0,1.0,0,11.32
e_wp_f2_0557__wp_f2_0559,wp_f2_0557,wp_f2_0559,2,corridor,16.0,4.0,1.0,0,16.0
e_wp_f2_0558__wp_f2_0581,wp_f2_0558,wp_f2_0581,2,corridor,11.32,4.0,1.0,0,11.32
e_wp_f2_0558__wp_f2_0606,wp_f2_0558,wp_f2_0606,2,corridor,16.0,4.0,1.0,0,16.0
e_wp_f2_0558__wp_f2_0560,wp_f2_0558,wp_f2_0560,2,corridor,16.0,4.0,1.0,0,16.0
e_wp_f2_0558__wp_f2_0582,wp_f2_0558,wp_f2_0582,2,corridor,8.0,4.0,1.0,0,8.0
e_wp_f2_0558__wp_f2_0559,wp_f2_0558,wp_f2_0559,2,corridor,8.0,4.0,1.0,0,8.0
e_wp_f2_0558__wp_f2_0583,wp_f2_0558,wp_f2_0583,2,corridor,11.31,4.0,1.0,0,11.31
e_wp_f2_0559__wp_f2_0560,wp_f2_0559,wp_f2_0560,2,corridor,8.01,4.0,1.0,0,8.01
e_wp_f2_0559__wp_f2_0561,wp_f2_0559,wp_f2_0561,2,corridor,16.0,4.0,1.0,0,16.0
e_wp_f2_0559__wp_f2_0582,wp_f2_0559,wp_f2_0582,2,corridor,11.31,4.0,1.0,0,11.31
e_wp_f2_0559__wp_f2_0583,wp_f2_0559,wp_f2_0583,2,corridor,8.0,4.0,1.0,0,8.0
e_wp_f2_0559__wp_f2_0584,wp_f2_0559,wp_f2_0584,2,corridor,11.31,4.0,1.0,0,11.31
e_wp_f2_0559__wp_f2_0607,wp_f2_0559,wp_f2_0607,2,corridor,15.99,4.0,1.0,0,15.99
e_wp_f2_0560__wp_f2_0562,wp_f2_0560,wp_f2_0562,2,corridor,16.0,4.0,1.0,0,16.0
e_wp_f2_0560__wp_f2_0561,wp_f2_0560,wp_f2_0561,2,corridor,8.0,4.0,1.0,0,8.0
e_wp_f2_0560__wp_f2_0583,wp_f2_0560,wp_f2_0583,2,corridor,11.32,4.0,1.0,0,11.32
e_wp_f2_0560__wp_f2_0585,wp_f2_0560,wp_f2_0585,2,corridor,11.31,4.0,1.0,0,11.31
e_wp_f2_0560__wp_f2_0584,wp_f2_0560,wp_f2_0584,2,corridor,7.99,4.0,1.0,0,7.99
e_wp_f2_0560__wp_f2_0608,wp_f2_0560,wp_f2_0608,2,corridor,15.99,4.0,1.0,0,15.99
e_wp_f2_0561__wp_f2_0562,wp_f2_0561,wp_f2_0562,2,corridor,8.01,4.0,1.0,0,8.01
e_wp_f2_0561__wp_f2_0586,wp_f2_0561,wp_f2_0586,2,corridor,11.32,4.0,1.0,0,11.32
e_wp_f2_0561__wp_f2_0585,wp_f2_0561,wp_f2_0585,2,corridor,8.0,4.0,1.0,0,8.0
e_wp_f2_0561__wp_f2_0584,wp_f2_0561,wp_f2_0584,2,corridor,11.31,4.0,1.0,0,11.31
e_wp_f2_0561__wp_f2_0609,wp_f2_0561,wp_f2_0609,2,corridor,16.0,4.0,1.0,0,16.0
e_wp_f2_0561__wp_f2_0563,wp_f2_0561,wp_f2_0563,2,corridor,16.0,4.0,1.0,0,16.0
e_wp_f2_0562__wp_f2_0586,wp_f2_0562,wp_f2_0586,2,corridor,8.0,4.0,1.0,0,8.0
e_wp_f2_0562__wp_f2_0585,wp_f2_0562,wp_f2_0585,2,corridor,11.32,4.0,1.0,0,11.32
e_wp_f2_0562__wp_f2_0610,wp_f2_0562,wp_f2_0610,2,corridor,16.0,4.0,1.0,0,16.0
e_esc_ne_l2__wp_f2_0562,wp_f2_0562,esc_ne_l2,2,corridor,13.43,4.0,1.0,0,13.43
e_wp_f2_0562__wp_f2_0564,wp_f2_0562,wp_f2_0564,2,corridor,16.0,4.0,1.0,0,16.0
e_wp_f2_0562__wp_f2_0563,wp_f2_0562,wp_f2_0563,2,corridor,8.0,4.0,1.0,0,8.0
e_wp_f2_0562__wp_f2_0587,wp_f2_0562,wp_f2_0587,2,corridor,11.31,4.0,1.0,0,11.31
e_wp_f2_0563__wp_f2_0586,wp_f2_0563,wp_f2_0586,2,corridor,11.31,4.0,1.0,0,11.31
e_esc_ne_l2__wp_f2_0563,wp_f2_0563,esc_ne_l2,2,corridor,13.5,4.0,1.0,0,13.5
e_wp_f2_0563__wp_f2_0564,wp_f2_0563,wp_f2_0564,2,corridor,8.01,4.0,1.0,0,8.01
e_wp_f2_0563__wp_f2_0611,wp_f2_0563,wp_f2_0611,2,corridor,16.0,4.0,1.0,0,16.0
e_wp_f2_0563__wp_f2_0588,wp_f2_0563,wp_f2_0588,2,corridor,11.32,4.0,1.0,0,11.32
e_wp_f2_0563__wp_f2_0587,wp_f2_0563,wp_f2_0587,2,corridor,8.0,4.0,1.0,0,8.0
e_wp_f2_0563__wp_f2_0565,wp_f2_0563,wp_f2_0565,2,corridor,16.0,4.0,1.0,0,16.0
e_wp_f2_0564__wp_f2_0612,wp_f2_0564,wp_f2_0612,2,corridor,16.0,4.0,1.0,0,16.0
e_wp_f2_0564__wp_f2_0588,wp_f2_0564,wp_f2_0588,2,corridor,8.0,4.0,1.0,0,8.0
e_wp_f2_0564__wp_f2_0587,wp_f2_0564,wp_f2_0587,2,corridor,11.32,4.0,1.0,0,11.32
e_wp_f2_0564__wp_f2_0565,wp_f2_0564,wp_f2_0565,2,corridor,8.0,4.0,1.0,0,8.0
e_wp_f2_0564__wp_f2_0589,wp_f2_0564,wp_f2_0589,2,corridor,11.31,4.0,1.0,0,11.31
e_wp_f2_0564__wp_f2_0566,wp_f2_0564,wp_f2_0566,2,corridor,16.0,4.0,1.0,0,16.0
e_wp_f2_0565__wp_f2_0588,wp_f2_0565,wp_f2_0588,2,corridor,11.31,4.0,1.0,0,11.31
e_wp_f2_0565__wp_f2_0589,wp_f2_0565,wp_f2_0589,2,corridor,8.0,4.0,1.0,0,8.0
e_wp_f2_0565__wp_f2_0590,wp_f2_0565,wp_f2_0590,2,corridor,11.32,4.0,1.0,0,11.32
e_wp_f2_0565__wp_f2_0566,wp_f2_0565,wp_f2_0566,2,corridor,8.01,4.0,1.0,0,8.01
e_wp_f2_0565__wp_f2_0567,wp_f2_0565,wp_f2_0567,2,corridor,16.01,4.0,1.0,0,16.01
e_wp_f2_0566__wp_f2_0613,wp_f2_0566,wp_f2_0613,2,corridor,16.0,4.0,1.0,0,16.0
e_wp_f2_0566__wp_f2_0589,wp_f2_0566,wp_f2_0589,2,corridor,11.32,4.0,1.0,0,11.32
e_wp_f2_0566__wp_f2_0590,wp_f2_0566,wp_f2_0590,2,corridor,8.0,4.0,1.0,0,8.0
e_wp_f2_0566__wp_f2_0591,wp_f2_0566,wp_f2_0591,2,corridor,11.32,4.0,1.0,0,11.32
e_wp_f2_0566__wp_f2_0567,wp_f2_0566,wp_f2_0567,2,corridor,8.01,4.0,1.0,0,8.01
e_wp_f2_0566__wp_f2_0568,wp_f2_0566,wp_f2_0568,2,corridor,16.0,4.0,1.0,0,16.0
e_wp_f2_0567__wp_f2_0590,wp_f2_0567,wp_f2_0590,2,corridor,11.32,4.0,1.0,0,11.32
e_wp_f2_0567__wp_f2_0614,wp_f2_0567,wp_f2_0614,2,corridor,15.99,4.0,1.0,0,15.99
e_wp_f2_0567__wp_f2_0591,wp_f2_0567,wp_f2_0591,2,corridor,8.0,4.0,1.0,0,8.0
e_wp_f2_0567__wp_f2_0592,wp_f2_0567,wp_f2_0592,2,corridor,11.31,4.0,1.0,0,11.31
e_wp_f2_0567__wp_f2_0568,wp_f2_0567,wp_f2_0568,2,corridor,8.0,4.0,1.0,0,8.0
e_wp_f2_0567__wp_f2_0569,wp_f2_0567,wp_f2_0569,2,corridor,16.0,4.0,1.0,0,16.0
e_wp_f2_0568__wp_f2_0591,wp_f2_0568,wp_f2_0591,2,corridor,11.31,4.0,1.0,0,11.31
e_wp_f2_0568__wp_f2_0592,wp_f2_0568,wp_f2_0592,2,corridor,7.99,4.0,1.0,0,7.99
e_wp_f2_0568__wp_f2_0615,wp_f2_0568,wp_f2_0615,2,corridor,15.99,4.0,1.0,0,15.99
e_wp_f2_0568__wp_f2_0569,wp_f2_0568,wp_f2_0569,2,corridor,8.0,4.0,1.0,0,8.0
e_wp_f2_0568__wp_f2_0570,wp_f2_0568,wp_f2_0570,2,corridor,16.0,4.0,1.0,0,16.0
e_cinema_entry__wp_f2_0568,wp_f2_0568,cinema_entry,2,corridor,12.93,4.0,0.8,0,16.16
e_wp_f2_0569__wp_f2_0592,wp_f2_0569,wp_f2_0592,2,corridor,11.32,4.0,1.0,0,11.32
e_wp_f2_0569__wp_f2_0570,wp_f2_0569,wp_f2_0570,2,corridor,8.0,4.0,1.0,0,8.0
e_wp_f2_0569__wp_f2_0571,wp_f2_0569,wp_f2_0571,2,corridor,16.0,4.0,1.0,0,16.0
e_cinema_entry__wp_f2_0569,wp_f2_0569,cinema_entry,2,corridor,8.58,4.0,0.8,0,10.72
e_wp_f2_0570__wp_f2_0571,wp_f2_0570,wp_f2_0571,2,corridor,8.01,4.0,1.0,0,8.01
e_wp_f2_0570__wp_f2_0572,wp_f2_0570,wp_f2_0572,2,corridor,16.0,4.0,1.0,0,16.0
e_cinema_entry__wp_f2_0570,wp_f2_0570,cinema_entry,2,corridor,10.39,4.0,0.8,0,12.99
e_event_cinemas__wp_f2_0570,wp_f2_0570,event_cinemas,2,corridor,14.23,4.0,1.0,0,14.23
e_wp_f2_0570__wp_f2_0617,wp_f2_0570,wp_f2_0617,2,corridor,16.0,4.0,1.0,0,16.0
e_wp_f2_0571__wp_f2_0573,wp_f2_0571,wp_f2_0573,2,corridor,16.0,4.0,1.0,0,16.0
e_wp_f2_0571__wp_f2_0572,wp_f2_0571,wp_f2_0572,2,corridor,8.0,4.0,1.0,0,8.0
e_cinema_entry__wp_f2_0571,wp_f2_0571,cinema_entry,2,corridor,16.44,4.0,0.8,0,20.55
e_event_cinemas__wp_f2_0571,wp_f2_0571,event_cinemas,2,corridor,8.87,4.0,1.0,0,8.87
e_wp_f2_0571__wp_f2_0618,wp_f2_0571,wp_f2_0618,2,corridor,16.0,4.0,1.0,0,16.0
e_wp_f2_0572__wp_f2_0573,wp_f2_0572,wp_f2_0573,2,corridor,8.01,4.0,1.0,0,8.01
e_event_cinemas__wp_f2_0572,wp_f2_0572,event_cinemas,2,corridor,9.12,4.0,1.0,0,9.12
e_wp_f2_0572__wp_f2_0597,wp_f2_0572,wp_f2_0597,2,corridor,11.32,4.0,1.0,0,11.32
e_wp_f2_0572__wp_f2_0619,wp_f2_0572,wp_f2_0619,2,corridor,16.0,4.0,1.0,0,16.0
e_event_cinemas__wp_f2_0573,wp_f2_0573,event_cinemas,2,corridor,14.69,4.0,1.0,0,14.69
e_wp_f2_0573__wp_f2_0597,wp_f2_0573,wp_f2_0597,2,corridor,8.0,4.0,1.0,0,8.0
e_wp_f2_0576__wp_f2_0577,wp_f2_0576,wp_f2_0577,2,corridor,8.0,4.0,1.0,0,8.0
e_wp_f2_0576__wp_f2_0601,wp_f2_0576,wp_f2_0601,2,corridor,11.31,4.0,1.0,0,11.31
e_wp_f2_0576__wp_f2_0600,wp_f2_0576,wp_f2_0600,2,corridor,7.99,4.0,1.0,0,7.99
e_wp_f2_0576__wp_f2_0578,wp_f2_0576,wp_f2_0578,2,corridor,16.01,4.0,1.0,0,16.01
e_wp_f2_0577__wp_f2_0579,wp_f2_0577,wp_f2_0579,2,corridor,16.0,4.0,1.0,0,16.0
e_wp_f2_0577__wp_f2_0602,wp_f2_0577,wp_f2_0602,2,corridor,11.32,4.0,1.0,0,11.32
e_wp_f2_0577__wp_f2_0601,wp_f2_0577,wp_f2_0601,2,corridor,8.0,4.0,1.0,0,8.0
e_wp_f2_0577__wp_f2_0600,wp_f2_0577,wp_f2_0600,2,corridor,11.31,4.0,1.0,0,11.31
e_wp_f2_0577__wp_f2_0578,wp_f2_0577,wp_f2_0578,2,corridor,8.01,4.0,1.0,0,8.01
e_wp_f2_0578__wp_f2_0579,wp_f2_0578,wp_f2_0579,2,corridor,8.0,4.0,1.0,0,8.0
e_wp_f2_0578__wp_f2_0602,wp_f2_0578,wp_f2_0602,2,corridor,8.0,4.0,1.0,0,8.0
e_wp_f2_0578__wp_f2_0603,wp_f2_0578,wp_f2_0603,2,corridor,11.31,4.0,1.0,0,11.31
e_wp_f2_0578__wp_f2_0601,wp_f2_0578,wp_f2_0601,2,corridor,11.32,4.0,1.0,0,11.32
e_wp_f2_0578__wp_f2_0580,wp_f2_0578,wp_f2_0580,2,corridor,16.0,4.0,1.0,0,16.0
e_wp_f2_0579__wp_f2_0602,wp_f2_0579,wp_f2_0602,2,corridor,11.31,4.0,1.0,0,11.31
e_wp_f2_0579__wp_f2_0603,wp_f2_0579,wp_f2_0603,2,corridor,8.0,4.0,1.0,0,8.0
e_wp_f2_0579__wp_f2_0604,wp_f2_0579,wp_f2_0604,2,corridor,11.32,4.0,1.0,0,11.32
e_wp_f2_0579__wp_f2_0581,wp_f2_0579,wp_f2_0581,2,corridor,16.0,4.0,1.0,0,16.0
e_wp_f2_0579__wp_f2_0580,wp_f2_0579,wp_f2_0580,2,corridor,8.01,4.0,1.0,0,8.01
e_wp_f2_0580__wp_f2_0603,wp_f2_0580,wp_f2_0603,2,corridor,11.32,4.0,1.0,0,11.32
e_wp_f2_0580__wp_f2_0621,wp_f2_0580,wp_f2_0621,2,corridor,16.0,4.0,1.0,0,16.0
e_wp_f2_0580__wp_f2_0604,wp_f2_0580,wp_f2_0604,2,corridor,8.0,4.0,1.0,0,8.0
e_wp_f2_0580__wp_f2_0581,wp_f2_0580,wp_f2_0581,2,corridor,8.0,4.0,1.0,0,8.0
e_wp_f2_0580__wp_f2_0605,wp_f2_0580,wp_f2_0605,2,corridor,11.31,4.0,1.0,0,11.31
e_wp_f2_0580__wp_f2_0582,wp_f2_0580,wp_f2_0582,2,corridor,16.0,4.0,1.0,0,16.0
e_wp_f2_0581__wp_f2_0604,wp_f2_0581,wp_f2_0604,2,corridor,11.31,4.0,1.0,0,11.31
e_wp_f2_0581__wp_f2_0605,wp_f2_0581,wp_f2_0605,2,corridor,8.0,4.0,1.0,0,8.0
e_wp_f2_0581__wp_f2_0622,wp_f2_0581,wp_f2_0622,2,corridor,16.0,4.0,1.0,0,16.0
e_wp_f2_0581__wp_f2_0606,wp_f2_0581,wp_f2_0606,2,corridor,11.32,4.0,1.0,0,11.32
e_wp_f2_0581__wp_f2_0582,wp_f2_0581,wp_f2_0582,2,corridor,8.01,4.0,1.0,0,8.01
e_wp_f2_0581__wp_f2_0583,wp_f2_0581,wp_f2_0583,2,corridor,16.0,4.0,1.0,0,16.0
e_wp_f2_0582__wp_f2_0605,wp_f2_0582,wp_f2_0605,2,corridor,11.32,4.0,1.0,0,11.32
e_wp_f2_0582__wp_f2_0623,wp_f2_0582,wp_f2_0623,2,corridor,15.99,4.0,1.0,0,15.99
e_wp_f2_0582__wp_f2_0606,wp_f2_0582,wp_f2_0606,2,corridor,8.0,4.0,1.0,0,8.0
e_wp_f2_0582__wp_f2_0583,wp_f2_0582,wp_f2_0583,2,corridor,8.0,4.0,1.0,0,8.0
e_wp_f2_0582__wp_f2_0584,wp_f2_0582,wp_f2_0584,2,corridor,16.0,4.0,1.0,0,16.0
e_wp_f2_0582__wp_f2_0607,wp_f2_0582,wp_f2_0607,2,corridor,11.31,4.0,1.0,0,11.31
e_wp_f2_0583__wp_f2_0606,wp_f2_0583,wp_f2_0606,2,corridor,11.31,4.0,1.0,0,11.31
e_wp_f2_0583__wp_f2_0585,wp_f2_0583,wp_f2_0585,2,corridor,16.0,4.0,1.0,0,16.0
e_wp_f2_0583__wp_f2_0584,wp_f2_0583,wp_f2_0584,2,corridor,8.0,4.0,1.0,0,8.0
e_wp_f2_0583__wp_f2_0607,wp_f2_0583,wp_f2_0607,2,corridor,7.99,4.0,1.0,0,7.99
e_wp_f2_0583__wp_f2_0608,wp_f2_0583,wp_f2_0608,2,corridor,11.31,4.0,1.0,0,11.31
e_wp_f2_0583__wp_f2_0624,wp_f2_0583,wp_f2_0624,2,corridor,15.99,4.0,1.0,0,15.99
e_wp_f2_0584__wp_f2_0586,wp_f2_0584,wp_f2_0586,2,corridor,16.0,4.0,1.0,0,16.0
e_wp_f2_0584__wp_f2_0585,wp_f2_0584,wp_f2_0585,2,corridor,8.0,4.0,1.0,0,8.0
e_wp_f2_0584__wp_f2_0607,wp_f2_0584,wp_f2_0607,2,corridor,11.32,4.0,1.0,0,11.32
e_wp_f2_0584__wp_f2_0608,wp_f2_0584,wp_f2_0608,2,corridor,8.0,4.0,1.0,0,8.0
e_wp_f2_0584__wp_f2_0609,wp_f2_0584,wp_f2_0609,2,corridor,11.31,4.0,1.0,0,11.31
e_wp_f2_0584__wp_f2_0625,wp_f2_0584,wp_f2_0625,2,corridor,16.0,4.0,1.0,0,16.0
e_wp_f2_0585__wp_f2_0586,wp_f2_0585,wp_f2_0586,2,corridor,8.01,4.0,1.0,0,8.01
e_wp_f2_0585__wp_f2_0608,wp_f2_0585,wp_f2_0608,2,corridor,11.31,4.0,1.0,0,11.31
e_wp_f2_0585__wp_f2_0610,wp_f2_0585,wp_f2_0610,2,corridor,11.32,4.0,1.0,0,11.32
e_wp_f2_0585__wp_f2_0609,wp_f2_0585,wp_f2_0609,2,corridor,8.0,4.0,1.0,0,8.0
e_wp_f2_0585__wp_f2_0626,wp_f2_0585,wp_f2_0626,2,corridor,16.0,4.0,1.0,0,16.0
e_wp_f2_0585__wp_f2_0587,wp_f2_0585,wp_f2_0587,2,corridor,16.0,4.0,1.0,0,16.0
e_wp_f2_0586__wp_f2_0610,wp_f2_0586,wp_f2_0610,2,corridor,8.0,4.0,1.0,0,8.0
e_wp_f2_0586__wp_f2_0609,wp_f2_0586,wp_f2_0609,2,corridor,11.32,4.0,1.0,0,11.32
e_wp_f2_0586__wp_f2_0627,wp_f2_0586,wp_f2_0627,2,corridor,16.0,4.0,1.0,0,16.0
e_wp_f2_0586__wp_f2_0611,wp_f2_0586,wp_f2_0611,2,corridor,11.31,4.0,1.0,0,11.31
e_wp_f2_0586__wp_f2_0588,wp_f2_0586,wp_f2_0588,2,corridor,16.0,4.0,1.0,0,16.0
e_wp_f2_0586__wp_f2_0587,wp_f2_0586,wp_f2_0587,2,corridor,8.0,4.0,1.0,0,8.0
e_wp_f2_0587__wp_f2_0610,wp_f2_0587,wp_f2_0610,2,corridor,11.31,4.0,1.0,0,11.31
e_wp_f2_0587__wp_f2_0628,wp_f2_0587,wp_f2_0628,2,corridor,16.0,4.0,1.0,0,16.0
e_wp_f2_0587__wp_f2_0612,wp_f2_0587,wp_f2_0612,2,corridor,11.32,4.0,1.0,0,11.32
e_wp_f2_0587__wp_f2_0611,wp_f2_0587,wp_f2_0611,2,corridor,8.0,4.0,1.0,0,8.0
e_wp_f2_0587__wp_f2_0588,wp_f2_0587,wp_f2_0588,2,corridor,8.01,4.0,1.0,0,8.01
e_wp_f2_0587__wp_f2_0589,wp_f2_0587,wp_f2_0589,2,corridor,16.0,4.0,1.0,0,16.0
e_wp_f2_0588__wp_f2_0612,wp_f2_0588,wp_f2_0612,2,corridor,8.0,4.0,1.0,0,8.0
e_wp_f2_0588__wp_f2_0611,wp_f2_0588,wp_f2_0611,2,corridor,11.32,4.0,1.0,0,11.32
e_wp_f2_0588__wp_f2_0589,wp_f2_0588,wp_f2_0589,2,corridor,8.0,4.0,1.0,0,8.0
e_wp_f2_0588__wp_f2_0590,wp_f2_0588,wp_f2_0590,2,corridor,16.0,4.0,1.0,0,16.0
e_wp_f2_0589__wp_f2_0612,wp_f2_0589,wp_f2_0612,2,corridor,11.31,4.0,1.0,0,11.31
e_wp_f2_0589__wp_f2_0613,wp_f2_0589,wp_f2_0613,2,corridor,11.32,4.0,1.0,0,11.32
e_wp_f2_0589__wp_f2_0590,wp_f2_0589,wp_f2_0590,2,corridor,8.01,4.0,1.0,0,8.01
e_wp_f2_0589__wp_f2_0591,wp_f2_0589,wp_f2_0591,2,corridor,16.01,4.0,1.0,0,16.01
e_wp_f2_0590__wp_f2_0613,wp_f2_0590,wp_f2_0613,2,corridor,8.0,4.0,1.0,0,8.0
e_wp_f2_0590__wp_f2_0614,wp_f2_0590,wp_f2_0614,2,corridor,11.31,4.0,1.0,0,11.31
e_wp_f2_0590__wp_f2_0591,wp_f2_0590,wp_f2_0591,2,corridor,8.01,4.0,1.0,0,8.01
e_wp_f2_0590__wp_f2_0592,wp_f2_0590,wp_f2_0592,2,corridor,16.0,4.0,1.0,0,16.0
e_wp_f2_0591__wp_f2_0613,wp_f2_0591,wp_f2_0613,2,corridor,11.32,4.0,1.0,0,11.32
e_wp_f2_0591__wp_f2_0629,wp_f2_0591,wp_f2_0629,2,corridor,15.99,4.0,1.0,0,15.99
e_wp_f2_0591__wp_f2_0614,wp_f2_0591,wp_f2_0614,2,corridor,7.99,4.0,1.0,0,7.99
e_wp_f2_0591__wp_f2_0592,wp_f2_0591,wp_f2_0592,2,corridor,8.0,4.0,1.0,0,8.0
e_wp_f2_0591__wp_f2_0615,wp_f2_0591,wp_f2_0615,2,corridor,11.31,4.0,1.0,0,11.31
e_wp_f2_0592__wp_f2_0614,wp_f2_0592,wp_f2_0614,2,corridor,11.31,4.0,1.0,0,11.31
e_wp_f2_0592__wp_f2_0630,wp_f2_0592,wp_f2_0630,2,corridor,16.0,4.0,1.0,0,16.0
e_wp_f2_0592__wp_f2_0615,wp_f2_0592,wp_f2_0615,2,corridor,8.0,4.0,1.0,0,8.0
e_cinema_entry__wp_f2_0592,wp_f2_0592,cinema_entry,2,corridor,9.87,4.0,0.8,0,12.34
e_event_cinemas__wp_f2_0597,wp_f2_0597,event_cinemas,2,corridor,12.28,4.0,1.0,0,12.28
e_wp_f2_0597__wp_f2_0619,wp_f2_0597,wp_f2_0619,2,corridor,11.32,4.0,1.0,0,11.32
e_wp_f2_0600__wp_f2_0602,wp_f2_0600,wp_f2_0602,2,corridor,16.0,4.0,1.0,0,16.0
e_wp_f2_0600__wp_f2_0601,wp_f2_0600,wp_f2_0601,2,corridor,8.0,4.0,1.0,0,8.0
e_wp_f2_0601__wp_f2_0602,wp_f2_0601,wp_f2_0602,2,corridor,8.01,4.0,1.0,0,8.01
e_wp_f2_0601__wp_f2_0603,wp_f2_0601,wp_f2_0603,2,corridor,16.0,4.0,1.0,0,16.0
e_wp_f2_0602__wp_f2_0603,wp_f2_0602,wp_f2_0603,2,corridor,8.0,4.0,1.0,0,8.0
e_wp_f2_0602__wp_f2_0604,wp_f2_0602,wp_f2_0604,2,corridor,16.0,4.0,1.0,0,16.0
e_wp_f2_0603__wp_f2_0621,wp_f2_0603,wp_f2_0621,2,corridor,11.32,4.0,1.0,0,11.32
e_wp_f2_0603__wp_f2_0604,wp_f2_0603,wp_f2_0604,2,corridor,8.01,4.0,1.0,0,8.01
e_wp_f2_0603__wp_f2_0605,wp_f2_0603,wp_f2_0605,2,corridor,16.0,4.0,1.0,0,16.0
e_wp_f2_0604__wp_f2_0621,wp_f2_0604,wp_f2_0621,2,corridor,8.0,4.0,1.0,0,8.0
e_wp_f2_0604__wp_f2_0605,wp_f2_0604,wp_f2_0605,2,corridor,8.0,4.0,1.0,0,8.0
e_wp_f2_0604__wp_f2_0622,wp_f2_0604,wp_f2_0622,2,corridor,11.31,4.0,1.0,0,11.31
e_wp_f2_0604__wp_f2_0606,wp_f2_0604,wp_f2_0606,2,corridor,16.0,4.0,1.0,0,16.0
e_wp_f2_0605__wp_f2_0621,wp_f2_0605,wp_f2_0621,2,corridor,11.31,4.0,1.0,0,11.31
e_wp_f2_0605__wp_f2_0622,wp_f2_0605,wp_f2_0622,2,corridor,8.0,4.0,1.0,0,8.0
e_wp_f2_0605__wp_f2_0623,wp_f2_0605,wp_f2_0623,2,corridor,11.31,4.0,1.0,0,11.31
e_wp_f2_0605__wp_f2_0606,wp_f2_0605,wp_f2_0606,2,corridor,8.01,4.0,1.0,0,8.01
e_wp_f2_0605__wp_f2_0607,wp_f2_0605,wp_f2_0607,2,corridor,16.0,4.0,1.0,0,16.0
e_wp_f2_0606__wp_f2_0622,wp_f2_0606,wp_f2_0622,2,corridor,11.32,4.0,1.0,0,11.32
e_wp_f2_0606__wp_f2_0623,wp_f2_0606,wp_f2_0623,2,corridor,7.99,4.0,1.0,0,7.99
e_wp_f2_0606__wp_f2_0607,wp_f2_0606,wp_f2_0607,2,corridor,8.0,4.0,1.0,0,8.0
e_wp_f2_0606__wp_f2_0608,wp_f2_0606,wp_f2_0608,2,corridor,16.0,4.0,1.0,0,16.0
e_wp_f2_0606__wp_f2_0624,wp_f2_0606,wp_f2_0624,2,corridor,11.31,4.0,1.0,0,11.31
e_wp_f2_0607__wp_f2_0623,wp_f2_0607,wp_f2_0623,2,corridor,11.31,4.0,1.0,0,11.31
e_wp_f2_0607__wp_f2_0608,wp_f2_0607,wp_f2_0608,2,corridor,8.01,4.0,1.0,0,8.01
e_wp_f2_0607__wp_f2_0609,wp_f2_0607,wp_f2_0609,2,corridor,16.0,4.0,1.0,0,16.0
e_wp_f2_0607__wp_f2_0625,wp_f2_0607,wp_f2_0625,2,corridor,11.32,4.0,1.0,0,11.32
e_wp_f2_0607__wp_f2_0624,wp_f2_0607,wp_f2_0624,2,corridor,8.0,4.0,1.0,0,8.0
e_wp_f2_0608__wp_f2_0610,wp_f2_0608,wp_f2_0610,2,corridor,16.0,4.0,1.0,0,16.0
e_wp_f2_0608__wp_f2_0609,wp_f2_0608,wp_f2_0609,2,corridor,8.0,4.0,1.0,0,8.0
e_wp_f2_0608__wp_f2_0625,wp_f2_0608,wp_f2_0625,2,corridor,8.0,4.0,1.0,0,8.0
e_wp_f2_0608__wp_f2_0626,wp_f2_0608,wp_f2_0626,2,corridor,11.31,4.0,1.0,0,11.31
e_wp_f2_0608__wp_f2_0624,wp_f2_0608,wp_f2_0624,2,corridor,11.32,4.0,1.0,0,11.32
e_wp_f2_0608__wp_f2_0635,wp_f2_0608,wp_f2_0635,2,corridor,16.0,4.0,1.0,0,16.0
e_wp_f2_0609__wp_f2_0610,wp_f2_0609,wp_f2_0610,2,corridor,8.01,4.0,1.0,0,8.01
e_wp_f2_0609__wp_f2_0625,wp_f2_0609,wp_f2_0625,2,corridor,11.31,4.0,1.0,0,11.31
e_wp_f2_0609__wp_f2_0626,wp_f2_0609,wp_f2_0626,2,corridor,8.0,4.0,1.0,0,8.0
e_wp_f2_0609__wp_f2_0627,wp_f2_0609,wp_f2_0627,2,corridor,11.32,4.0,1.0,0,11.32
e_wp_f2_0609__wp_f2_0636,wp_f2_0609,wp_f2_0636,2,corridor,16.0,4.0,1.0,0,16.0
e_wp_f2_0609__wp_f2_0611,wp_f2_0609,wp_f2_0611,2,corridor,16.0,4.0,1.0,0,16.0
e_wp_f2_0610__wp_f2_0626,wp_f2_0610,wp_f2_0626,2,corridor,11.32,4.0,1.0,0,11.32
e_wp_f2_0610__wp_f2_0627,wp_f2_0610,wp_f2_0627,2,corridor,8.0,4.0,1.0,0,8.0
e_wp_f2_0610__wp_f2_0628,wp_f2_0610,wp_f2_0628,2,corridor,11.31,4.0,1.0,0,11.31
e_wp_f2_0610__wp_f2_0612,wp_f2_0610,wp_f2_0612,2,corridor,16.0,4.0,1.0,0,16.0
e_wp_f2_0610__wp_f2_0611,wp_f2_0610,wp_f2_0611,2,corridor,8.0,4.0,1.0,0,8.0
e_wp_f2_0611__wp_f2_0627,wp_f2_0611,wp_f2_0627,2,corridor,11.31,4.0,1.0,0,11.31
e_wp_f2_0611__wp_f2_0628,wp_f2_0611,wp_f2_0628,2,corridor,8.0,4.0,1.0,0,8.0
e_wp_f2_0611__wp_f2_0612,wp_f2_0611,wp_f2_0612,2,corridor,8.01,4.0,1.0,0,8.01
e_wp_f2_0612__wp_f2_0628,wp_f2_0612,wp_f2_0628,2,corridor,11.32,4.0,1.0,0,11.32
e_wp_f2_0613__wp_f2_0614,wp_f2_0613,wp_f2_0614,2,corridor,8.0,4.0,1.0,0,8.0
e_wp_f2_0613__wp_f2_0615,wp_f2_0613,wp_f2_0615,2,corridor,16.0,4.0,1.0,0,16.0
e_wp_f2_0614__wp_f2_0629,wp_f2_0614,wp_f2_0629,2,corridor,8.0,4.0,1.0,0,8.0
e_wp_f2_0614__wp_f2_0630,wp_f2_0614,wp_f2_0630,2,corridor,11.31,4.0,1.0,0,11.31
e_wp_f2_0614__wp_f2_0615,wp_f2_0614,wp_f2_0615,2,corridor,8.0,4.0,1.0,0,8.0
e_wp_f2_0615__wp_f2_0629,wp_f2_0615,wp_f2_0629,2,corridor,11.31,4.0,1.0,0,11.31
e_wp_f2_0615__wp_f2_0630,wp_f2_0615,wp_f2_0630,2,corridor,8.0,4.0,1.0,0,8.0
e_cinema_entry__wp_f2_0615,wp_f2_0615,cinema_entry,2,corridor,12.46,4.0,0.8,0,15.58
e_wp_f2_0615__wp_f2_0617,wp_f2_0615,wp_f2_0617,2,corridor,16.0,4.0,1.0,0,16.0
e_wp_f2_0615__wp_f2_0631,wp_f2_0615,wp_f2_0631,2,corridor,11.32,4.0,1.0,0,11.32
e_cinema_entry__wp_f2_0617,wp_f2_0617,cinema_entry,2,corridor,9.79,4.0,0.8,0,12.24
e_event_cinemas__wp_f2_0617,wp_f2_0617,event_cinemas,2,corridor,14.16,4.0,1.0,0,14.16
e_wp_f2_0617__wp_f2_0618,wp_f2_0617,wp_f2_0618,2,corridor,8.01,4.0,1.0,0,8.01
e_wp_f2_0617__wp_f2_0631,wp_f2_0617,wp_f2_0631,2,corridor,11.31,4.0,1.0,0,11.31
e_wp_f2_0617__wp_f2_0632,wp_f2_0617,wp_f2_0632,2,corridor,8.0,4.0,1.0,0,8.0
e_wp_f2_0617__wp_f2_0633,wp_f2_0617,wp_f2_0633,2,corridor,11.32,4.0,1.0,0,11.32
e_wp_f2_0617__wp_f2_0619,wp_f2_0617,wp_f2_0619,2,corridor,16.0,4.0,1.0,0,16.0
e_cinema_entry__wp_f2_0618,wp_f2_0618,cinema_entry,2,corridor,16.07,4.0,0.8,0,20.09
e_event_cinemas__wp_f2_0618,wp_f2_0618,event_cinemas,2,corridor,8.77,4.0,1.0,0,8.77
e_wp_f2_0618__wp_f2_0632,wp_f2_0618,wp_f2_0632,2,corridor,11.32,4.0,1.0,0,11.32
e_wp_f2_0618__wp_f2_0633,wp_f2_0618,wp_f2_0633,2,corridor,8.0,4.0,1.0,0,8.0
e_wp_f2_0618__wp_f2_0619,wp_f2_0618,wp_f2_0619,2,corridor,8.0,4.0,1.0,0,8.0
e_wp_f2_0618__wp_f2_0634,wp_f2_0618,wp_f2_0634,2,corridor,11.31,4.0,1.0,0,11.31
e_event_cinemas__wp_f2_0619,wp_f2_0619,event_cinemas,2,corridor,9.03,4.0,1.0,0,9.03
e_wp_f2_0619__wp_f2_0633,wp_f2_0619,wp_f2_0633,2,corridor,11.31,4.0,1.0,0,11.31
e_wp_f2_0619__wp_f2_0634,wp_f2_0619,wp_f2_0634,2,corridor,8.0,4.0,1.0,0,8.0
e_wp_f2_0619__wp_f2_0637,wp_f2_0619,wp_f2_0637,2,corridor,15.99,4.0,1.0,0,15.99
e_wp_f2_0621__wp_f2_0622,wp_f2_0621,wp_f2_0622,2,corridor,8.0,4.0,1.0,0,8.0
e_wp_f2_0621__wp_f2_0623,wp_f2_0621,wp_f2_0623,2,corridor,16.0,4.0,1.0,0,16.0
e_wp_f2_0622__wp_f2_0623,wp_f2_0622,wp_f2_0623,2,corridor,8.0,4.0,1.0,0,8.0
e_wp_f2_0622__wp_f2_0624,wp_f2_0622,wp_f2_0624,2,corridor,16.0,4.0,1.0,0,16.0
e_wp_f2_0623__wp_f2_0625,wp_f2_0623,wp_f2_0625,2,corridor,16.0,4.0,1.0,0,16.0
e_wp_f2_0623__wp_f2_0624,wp_f2_0623,wp_f2_0624,2,corridor,8.0,4.0,1.0,0,8.0
e_wp_f2_0624__wp_f2_0625,wp_f2_0624,wp_f2_0625,2,corridor,8.01,4.0,1.0,0,8.01
e_wp_f2_0624__wp_f2_0626,wp_f2_0624,wp_f2_0626,2,corridor,16.0,4.0,1.0,0,16.0
e_wp_f2_0624__wp_f2_0635,wp_f2_0624,wp_f2_0635,2,corridor,11.32,4.0,1.0,0,11.32
e_wp_f2_0625__wp_f2_0626,wp_f2_0625,wp_f2_0626,2,corridor,8.0,4.0,1.0,0,8.0
e_wp_f2_0625__wp_f2_0627,wp_f2_0625,wp_f2_0627,2,corridor,16.0,4.0,1.0,0,16.0
e_wp_f2_0625__wp_f2_0635,wp_f2_0625,wp_f2_0635,2,corridor,8.0,4.0,1.0,0,8.0
e_wp_f2_0625__wp_f2_0636,wp_f2_0625,wp_f2_0636,2,corridor,11.31,4.0,1.0,0,11.31
e_wp_f2_0626__wp_f2_0627,wp_f2_0626,wp_f2_0627,2,corridor,8.01,4.0,1.0,0,8.01
e_wp_f2_0626__wp_f2_0635,wp_f2_0626,wp_f2_0635,2,corridor,11.31,4.0,1.0,0,11.31
e_wp_f2_0626__wp_f2_0636,wp_f2_0626,wp_f2_0636,2,corridor,8.0,4.0,1.0,0,8.0
e_wp_f2_0626__wp_f2_0628,wp_f2_0626,wp_f2_0628,2,corridor,16.0,4.0,1.0,0,16.0
e_wp_f2_0627__wp_f2_0636,wp_f2_0627,wp_f2_0636,2,corridor,11.32,4.0,1.0,0,11.32
e_wp_f2_0627__wp_f2_0628,wp_f2_0627,wp_f2_0628,2,corridor,8.0,4.0,1.0,0,8.0
e_wp_f2_0629__wp_f2_0630,wp_f2_0629,wp_f2_0630,2,corridor,8.0,4.0,1.0,0,8.0
e_wp_f2_0629__wp_f2_0631,wp_f2_0629,wp_f2_0631,2,corridor,16.0,4.0,1.0,0,16.0
e_wp_f2_0630__wp_f2_0631,wp_f2_0630,wp_f2_0631,2,corridor,8.01,4.0,1.0,0,8.01
e_wp_f2_0630__wp_f2_0632,wp_f2_0630,wp_f2_0632,2,corridor,16.0,4.0,1.0,0,16.0
e_cinema_entry__wp_f2_0631,wp_f2_0631,cinema_entry,2,corridor,15.74,4.0,0.8,0,19.68
e_wp_f2_0631__wp_f2_0632,wp_f2_0631,wp_f2_0632,2,corridor,8.0,4.0,1.0,0,8.0
e_wp_f2_0631__wp_f2_0633,wp_f2_0631,wp_f2_0633,2,corridor,16.0,4.0,1.0,0,16.0
e_cinema_entry__wp_f2_0632,wp_f2_0632,cinema_entry,2,corridor,16.79,4.0,0.8,0,20.99
e_wp_f2_0632__wp_f2_0633,wp_f2_0632,wp_f2_0633,2,corridor,8.01,4.0,1.0,0,8.01
e_wp_f2_0632__wp_f2_0634,wp_f2_0632,wp_f2_0634,2,corridor,16.0,4.0,1.0,0,16.0
e_event_cinemas__wp_f2_0633,wp_f2_0633,event_cinemas,2,corridor,16.38,4.0,1.0,0,16.38
e_wp_f2_0633__wp_f2_0634,wp_f2_0633,wp_f2_0634,2,corridor,8.0,4.0,1.0,0,8.0
e_wp_f2_0633__wp_f2_0637,wp_f2_0633,wp_f2_0637,2,corridor,11.31,4.0,1.0,0,11.31
e_event_cinemas__wp_f2_0634,wp_f2_0634,event_cinemas,2,corridor,16.51,4.0,1.0,0,16.51
e_wp_f2_0634__wp_f2_0637,wp_f2_0634,wp_f2_0637,2,corridor,7.99,4.0,1.0,0,7.99
e_wp_f2_0635__wp_f2_0636,wp_f2_0635,wp_f2_0636,2,corridor,8.0,4.0,1.0,0,8.0
t_esc_nw_l1__esc_nw_l2,esc_nw_l1,esc_nw_l2,-1,escalator,4.0,2.0,0.8,15,20.0
t_esc_nw_l2__esc_nw_l1,esc_nw_l2,esc_nw_l1,-1,escalator,4.0,2.0,0.8,15,20.0
t_esc_ne_l1__esc_ne_l2,esc_ne_l1,esc_ne_l2,-1,escalator,4.0,2.0,0.8,15,20.0
t_esc_ne_l2__esc_ne_l1,esc_ne_l2,esc_ne_l1,-1,escalator,4.0,2.0,0.8,15,20.0
t_esc_se_l1__esc_se_l2,esc_se_l1,esc_se_l2,-1,escalator,4.0,2.0,0.8,15,20.0
t_esc_se_l2__esc_se_l1,esc_se_l2,esc_se_l1,-1,escalator,4.0,2.0,0.8,15,20.0
t_esc_sw_l1__esc_sw_l2,esc_sw_l1,esc_sw_l2,-1,escalator,4.0,2.0,0.8,15,20.0
t_esc_sw_l2__esc_sw_l1,esc_sw_l2,esc_sw_l1,-1,escalator,4.0,2.0,0.8,15,20.0
